★ eas-cli@18.11.0 is now available.
To upgrade, run:
npm install -g eas-cli
Proceeding with outdated version.

The field "cli.appVersionSource" is not set, but it will be required in the future. Learn more: https://docs.expo.dev/build-reference/app-versions/
Resolved "preview" environment for the build. Learn more: https://docs.expo.dev/eas/environment-variables/#setting-the-environment-for-your-builds
No environment variables with visibility "Plain text" and "Sensitive" found for the "preview" environment on EAS.

The field "cli.appVersionSource" is not set, but it will be required in the future. Learn more: https://docs.expo.dev/build-reference/app-versions/
✔ Using remote Android credentials (Expo server)
✔ Using Keystore from configuration: Build Credentials 6lDvRhoWah (default)
- Compressing project files
- Computing project fingerprint
✔ Computed project fingerprint
ANDROID_NDK_HOME environment variable was not specified, continuing build without NDK
[SETUP_WORKINGDIR] Preparing workingdir /var/folders/ld/v29yyv255ys68svhb644gxf80000gn/T/eas-build-local-nodejs/86c8961c-4ed4-4da1-9a2c-17fe12736b91
[START_BUILD] Starting build
  "job": {
    "type": "managed",
    "platform": "android",
    "projectRootDirectory": ".",
    "projectArchive": {
      "type": "PATH",
      "path": "/var/folders/ld/v29yyv255ys68svhb644gxf80000gn/T/eas-cli-nodejs/b0d7580d-5187-4305-a9ca-3dbd291d9c58.tar.gz"
    },
    "builderEnvironment": {
      "env": {}
    },
    "cache": {
      "disabled": false,
      "paths": [],
      "clear": false
    },
    "updates": {},
    "buildType": "apk",
    "username": "muneemun",
    "experimental": {},
    "mode": "build",
    "triggeredBy": "EAS_CLI",
    "appId": "c3f380c4-b28d-4bb6-ab0c-bd38775db3ae",
    "initiatingUserId": "c4ba4bd9-97a9-4a69-873c-866298777ee4"
  }
Local build, skipping project archive refresh
[PREPARE_PROJECT] .npmrc found at .npmrc
[READ_PACKAGE_JSON] Using package.json:
[READ_PACKAGE_JSON] {
  "name": "app-foundation",
  "version": "1.0.0",
  "main": "App.tsx",
  "scripts": {
    "start": "expo start",
    "android": "expo run:android",
    "ios": "expo run:ios",
    "web": "expo start --web"
  },
  "dependencies": {
    "@expo/ngrok": "^4.1.3",
    "@react-native-async-storage/async-storage": "2.2.0",
    "@react-native-community/datetimepicker": "8.6.0",
    "@react-navigation/native": "^7.1.0",
    "@react-navigation/native-stack": "^7.1.0",
    "@types/uuid": "^10.0.0",
    "expo": "^55.0.17",
    "expo-asset": "~55.0.16",
    "expo-blur": "~55.0.14",
    "expo-constants": "~55.0.15",
    "expo-contacts": "~55.0.13",
    "expo-document-picker": "^55.0.13",
    "expo-file-system": "^55.0.17",
    "expo-font": "~55.0.6",
    "expo-image-manipulator": "~55.0.16",
    "expo-image-picker": "~55.0.19",
    "expo-linear-gradient": "~55.0.13",
    "expo-sharing": "^55.0.18",
    "expo-status-bar": "~55.0.5",
    "lucide-react-native": "^0.468.0",
    "nativewind": "^2.0.11",
    "react": "19.2.0",
    "react-dom": "19.2.0",
    "react-native": "0.83.6",
    "react-native-gesture-handler": "~2.30.0",
    "react-native-get-random-values": "~1.11.0",
    "react-native-keyboard-aware-scroll-view": "^0.9.5",
    "react-native-reanimated": "4.2.1",
    "react-native-safe-area-context": "5.6.2",
    "react-native-screens": "~4.23.0",
    "react-native-svg": "15.15.3",
    "react-native-web": "^0.21.2",
    "react-native-worklets": "0.7.4",
    "tailwindcss": "3.3.2",
    "uuid": "^14.0.0",
    "zustand": "^5.0.3"
  },
  "devDependencies": {
    "@babel/core": "^7.25.2",
    "@types/react": "~19.2.10",
    "typescript": "~5.9.2"
  },
  "private": true
}
[INSTALL_DEPENDENCIES] Running "npm ci --include=dev" in /var/folders/ld/v29yyv255ys68svhb644gxf80000gn/T/eas-build-local-nodejs/86c8961c-4ed4-4da1-9a2c-17fe12736b91/build directory
[INSTALL_DEPENDENCIES] npm warn deprecated inflight@1.0.6: This module is not supported, and leaks memory. Do not use it. Check out lru-cache if you want a good and tested way to coalesce async requests by a key value, which is much more comprehensive and powerful.
[INSTALL_DEPENDENCIES] npm warn deprecated rimraf@3.0.2: Rimraf versions prior to v4 are no longer supported
[INSTALL_DEPENDENCIES] npm warn deprecated glob@7.2.3: Old versions of glob are not supported, and contain widely publicized security vulnerabilities, which have been fixed in the current version. Please update. Support for old versions may be purchased (at exorbitant rates) by contacting i@izs.me
[INSTALL_DEPENDENCIES] npm warn deprecated glob@7.2.3: Old versions of glob are not supported, and contain widely publicized security vulnerabilities, which have been fixed in the current version. Please update. Support for old versions may be purchased (at exorbitant rates) by contacting i@izs.me
[INSTALL_DEPENDENCIES] npm warn deprecated glob@7.2.3: Old versions of glob are not supported, and contain widely publicized security vulnerabilities, which have been fixed in the current version. Please update. Support for old versions may be purchased (at exorbitant rates) by contacting i@izs.me
[INSTALL_DEPENDENCIES] npm warn deprecated glob@7.2.3: Old versions of glob are not supported, and contain widely publicized security vulnerabilities, which have been fixed in the current version. Please update. Support for old versions may be purchased (at exorbitant rates) by contacting i@izs.me
[INSTALL_DEPENDENCIES] npm warn deprecated uuid@3.4.0: Please upgrade  to version 7 or higher.  Older versions may use Math.random() in certain circumstances, which is known to be problematic.  See https://v8.dev/blog/math-random for details.
[INSTALL_DEPENDENCIES] added 768 packages, and audited 769 packages in 10s
[INSTALL_DEPENDENCIES] 77 packages are looking for funding
[INSTALL_DEPENDENCIES]   run `npm fund` for details
[INSTALL_DEPENDENCIES] 4 moderate severity vulnerabilities
[INSTALL_DEPENDENCIES] 
[INSTALL_DEPENDENCIES] To address all issues (including breaking changes), run:
[INSTALL_DEPENDENCIES]   npm audit fix --force
[INSTALL_DEPENDENCIES] 
[INSTALL_DEPENDENCIES] Run `npm audit` for details.
The NODE_ENV environment variable is required but was not specified. Ensure the project is bundled with Expo CLI or NODE_ENV is set.
Proceeding without mode-specific .env
[READ_APP_CONFIG] Using app configuration:
[READ_APP_CONFIG] {
  "name": "관계궤도",
  "slug": "social-orbit",
  "version": "1.0.0",
  "orientation": "portrait",
  "icon": "./assets/icon.png",
  "userInterfaceStyle": "light",
  "newArchEnabled": true,
  "splash": {
    "image": "./assets/splash-icon.png",
    "resizeMode": "contain",
    "backgroundColor": "#ffffff"
  },
  "ios": {
    "supportsTablet": true,
    "bundleIdentifier": "com.muneemun.socialorbit"
  },
  "android": {
    "package": "com.muneemun.socialorbit",
    "adaptiveIcon": {
      "foregroundImage": "./assets/adaptive-icon.png",
      "backgroundColor": "#ffffff"
    },
    "edgeToEdgeEnabled": true,
    "predictiveBackGestureEnabled": false
  },
  "web": {
    "favicon": "./assets/favicon.png"
  },
  "plugins": [
    "@react-native-community/datetimepicker"
  ],
  "extra": {
    "eas": {
      "projectId": "c3f380c4-b28d-4bb6-ab0c-bd38775db3ae"
    }
  },
  "owner": "muneemun",
  "sdkVersion": "55.0.0",
  "platforms": [
    "ios",
    "android",
    "web"
  ]
}
[RUN_EXPO_DOCTOR] Running "expo doctor"
[RUN_EXPO_DOCTOR] Running 18 checks on your project...
[RUN_EXPO_DOCTOR] 16/18 checks passed. 2 checks failed. Possible issues detected:
[RUN_EXPO_DOCTOR] Use the --verbose flag to see more details about passed checks.
[RUN_EXPO_DOCTOR] 
[RUN_EXPO_DOCTOR] ✖ Check Expo config (app.json/ app.config.js) schema
[RUN_EXPO_DOCTOR] Errors validating fields in /private/var/folders/ld/v29yyv255ys68svhb644gxf80000gn/T/eas-build-local-nodejs/86c8961c-4ed4-4da1-9a2c-17fe12736b91/build/app.json:
[RUN_EXPO_DOCTOR]  should NOT have additional property 'newArchEnabled'.
[RUN_EXPO_DOCTOR]  Field: android - should NOT have additional property 'edgeToEdgeEnabled'.
[RUN_EXPO_DOCTOR] Error validating asset fields in /private/var/folders/ld/v29yyv255ys68svhb644gxf80000gn/T/eas-build-local-nodejs/86c8961c-4ed4-4da1-9a2c-17fe12736b91/build/app.json:
[RUN_EXPO_DOCTOR]  Field: Android.adaptiveIcon.foregroundImage - the file extension should match the content, but the file extension is .png while the file content at './assets/adaptive-icon.png' is of type jpg.
[RUN_EXPO_DOCTOR]  Field: Android.adaptiveIcon.foregroundImage - field 'Android.adaptiveIcon.foregroundImage' should point to .png image but the file at './assets/adaptive-icon.png' has type jpg.
[RUN_EXPO_DOCTOR]  Field: icon - the file extension should match the content, but the file extension is .png while the file content at './assets/icon.png' is of type jpg.
[RUN_EXPO_DOCTOR]  Field: icon - field 'icon' should point to .png image but the file at './assets/icon.png' has type jpg.
[RUN_EXPO_DOCTOR] Advice:
[RUN_EXPO_DOCTOR] Resolve schema errors in your app config. Learn more: https://docs.expo.dev/workflow/configuration/
[RUN_EXPO_DOCTOR] 
[RUN_EXPO_DOCTOR] ✖ Check that packages match versions required by installed Expo SDK
[RUN_EXPO_DOCTOR] 
[RUN_EXPO_DOCTOR] 🔧 Patch version mismatches
[RUN_EXPO_DOCTOR] package            expected  found    
[RUN_EXPO_DOCTOR] expo               ~55.0.23  55.0.17  
[RUN_EXPO_DOCTOR] expo-asset         ~55.0.17  55.0.16  
[RUN_EXPO_DOCTOR] expo-constants     ~55.0.16  55.0.15  
[RUN_EXPO_DOCTOR] expo-contacts      ~55.0.14  55.0.13  
[RUN_EXPO_DOCTOR] expo-file-system   ~55.0.19  55.0.17  
[RUN_EXPO_DOCTOR] expo-font          ~55.0.7   55.0.6   
[RUN_EXPO_DOCTOR] expo-image-picker  ~55.0.20  55.0.19  
[RUN_EXPO_DOCTOR] expo-status-bar    ~55.0.6   55.0.5   
[RUN_EXPO_DOCTOR] 
[RUN_EXPO_DOCTOR] Changelogs:
[RUN_EXPO_DOCTOR] - expo-asset → https://github.com/expo/expo/blob/sdk-55/packages/expo-asset/CHANGELOG.md
[RUN_EXPO_DOCTOR] - expo-constants → https://github.com/expo/expo/blob/sdk-55/packages/expo-constants/CHANGELOG.md
[RUN_EXPO_DOCTOR] - expo-contacts → https://github.com/expo/expo/blob/sdk-55/packages/expo-contacts/CHANGELOG.md
[RUN_EXPO_DOCTOR] - expo-file-system → https://github.com/expo/expo/blob/sdk-55/packages/expo-file-system/CHANGELOG.md
[RUN_EXPO_DOCTOR] - expo-font → https://github.com/expo/expo/blob/sdk-55/packages/expo-font/CHANGELOG.md
[RUN_EXPO_DOCTOR] - expo-image-picker → https://github.com/expo/expo/blob/sdk-55/packages/expo-image-picker/CHANGELOG.md
[RUN_EXPO_DOCTOR] - expo-status-bar → https://github.com/expo/expo/blob/sdk-55/packages/expo-status-bar/CHANGELOG.md
[RUN_EXPO_DOCTOR] 
[RUN_EXPO_DOCTOR] 8 packages out of date.
[RUN_EXPO_DOCTOR] Advice:
[RUN_EXPO_DOCTOR] Use 'npx expo install --check' to review and upgrade your dependencies.
[RUN_EXPO_DOCTOR] To ignore specific packages, add them to "expo.install.exclude" in package.json. Learn more: https://expo.fyi/dependency-validation
[RUN_EXPO_DOCTOR] 
[RUN_EXPO_DOCTOR] 2 checks failed, indicating possible issues with the project.
[RUN_EXPO_DOCTOR] Command "expo doctor" failed.
Error: npx -y expo-doctor exited with non-zero code: 1
    at ChildProcess.completionListener (/Users/muneemun/.npm/_npx/51b74c4db9e60cb6/node_modules/@expo/spawn-async/build/spawnAsync.js:42:23)
    at Object.onceWrapper (node:events:623:26)
    at ChildProcess.emit (node:events:508:28)
    at maybeClose (node:internal/child_process:1101:16)
    at Socket.<anonymous> (node:internal/child_process:457:11)
    at Socket.emit (node:events:508:28)
    at Pipe.<anonymous> (node:net:346:12)
    ...
    at spawnAsync (/Users/muneemun/.npm/_npx/51b74c4db9e60cb6/node_modules/@expo/spawn-async/build/spawnAsync.js:7:23)
    at spawn (/Users/muneemun/.npm/_npx/51b74c4db9e60cb6/node_modules/@expo/turtle-spawn/dist/index.js:16:47)
    at runExpoDoctor (/Users/muneemun/.npm/_npx/51b74c4db9e60cb6/node_modules/@expo/build-tools/dist/common/setup.js:124:52)
    at async /Users/muneemun/.npm/_npx/51b74c4db9e60cb6/node_modules/@expo/build-tools/dist/common/setup.js:103:17
    at async BuildContext.runBuildPhase (/Users/muneemun/.npm/_npx/51b74c4db9e60cb6/node_modules/@expo/build-tools/dist/context.js:123:28)
    at async setupAsync (/Users/muneemun/.npm/_npx/51b74c4db9e60cb6/node_modules/@expo/build-tools/dist/common/setup.js:101:9)
    at async buildAsync (/Users/muneemun/.npm/_npx/51b74c4db9e60cb6/node_modules/@expo/build-tools/dist/builders/android.js:72:5)
    at async runBuilderWithHooksAsync (/Users/muneemun/.npm/_npx/51b74c4db9e60cb6/node_modules/@expo/build-tools/dist/builders/common.js:12:13)
    at async Object.androidBuilder (/Users/muneemun/.npm/_npx/51b74c4db9e60cb6/node_modules/@expo/build-tools/dist/builders/android.js:59:16)
    at async buildAndroidAsync (/Users/muneemun/.npm/_npx/51b74c4db9e60cb6/node_modules/eas-cli-local-build-plugin/dist/android.js:44:12)
[PREBUILD] - Creating native directory (./android)
[PREBUILD] ✔ Created native directory
[PREBUILD] - Updating package.json
[PREBUILD] ✔ Updated package.json | no changes
[PREBUILD] - Running prebuild
[PREBUILD] » android: EDGE_TO_EDGE_PLUGIN: `edgeToEdgeEnabled` customization is no longer available - Android 16 makes edge-to-edge mandatory. Remove the `edgeToEdgeEnabled` entry from your app.json/app.config.js.
[PREBUILD] - Running prebuild
[PREBUILD] » android: userInterfaceStyle: Install expo-system-ui in your project to enable this feature.
[PREBUILD] - Running prebuild
[PREBUILD] ✔ Finished prebuild
[PREBUILD] Running "npm install" in /var/folders/ld/v29yyv255ys68svhb644gxf80000gn/T/eas-build-local-nodejs/86c8961c-4ed4-4da1-9a2c-17fe12736b91/build directory
[PREBUILD] up to date, audited 769 packages in 2s
[PREBUILD] 77 packages are looking for funding
[PREBUILD]   run `npm fund` for details
[PREBUILD] 4 moderate severity vulnerabilities
[PREBUILD] 
[PREBUILD] To address all issues (including breaking changes), run:
[PREBUILD]   npm audit fix --force
[PREBUILD] 
[PREBUILD] Run `npm audit` for details.
[PREPARE_CREDENTIALS] Writing secrets to the project's directory
[PREPARE_CREDENTIALS] Injecting signing config into build.gradle
[EAGER_BUNDLE] Starting Metro Bundler
[EAGER_BUNDLE] Android ./App.tsx ░░░░░░░░░░░░░░░░  0.0% (0/1)
[EAGER_BUNDLE] Android Bundled 3023ms App.tsx (2793 modules)
[EAGER_BUNDLE] Writing bundle output to: /var/folders/ld/v29yyv255ys68svhb644gxf80000gn/T/2m4w8pzk5yr/index.js
[EAGER_BUNDLE] Done writing bundle output
[RUN_GRADLEW] Running 'gradlew :app:assembleRelease' in /var/folders/ld/v29yyv255ys68svhb644gxf80000gn/T/eas-build-local-nodejs/86c8961c-4ed4-4da1-9a2c-17fe12736b91/build/android
[RUN_GRADLEW] > Task :gradle-plugin:settings-plugin:checkKotlinGradlePluginConfigurationErrors SKIPPED
[RUN_GRADLEW] > Task :expo-gradle-plugin:expo-autolinking-plugin-shared:checkKotlinGradlePluginConfigurationErrors
[RUN_GRADLEW] SKIPPED
[RUN_GRADLEW] > Task :gradle-plugin:shared:checkKotlinGradlePluginConfigurationErrors SKIPPED
[RUN_GRADLEW] > Task :expo-gradle-plugin:expo-autolinking-settings-plugin:checkKotlinGradlePluginConfigurationErrors SKIPPED
[RUN_GRADLEW] > Task :expo-gradle-plugin:expo-autolinking-settings-plugin:pluginDescriptors
[RUN_GRADLEW] > Task :gradle-plugin:settings-plugin:pluginDescriptors
[RUN_GRADLEW] > Task :gradle-plugin:settings-plugin:processResources
[RUN_GRADLEW] > Task :expo-gradle-plugin:expo-autolinking-settings-plugin:processResources
[RUN_GRADLEW] > Task :gradle-plugin:shared:processResources NO-SOURCE
[RUN_GRADLEW] > Task :expo-gradle-plugin:expo-autolinking-plugin-shared:processResources NO-SOURCE
[RUN_GRADLEW] > Task :gradle-plugin:shared:compileKotlin
[RUN_GRADLEW] > Task :gradle-plugin:shared:compileJava NO-SOURCE
[RUN_GRADLEW] > Task :gradle-plugin:shared:classes UP-TO-DATE
[RUN_GRADLEW] > Task :gradle-plugin:shared:jar
[RUN_GRADLEW] > Task :expo-gradle-plugin:expo-autolinking-plugin-shared:compileKotlin
[RUN_GRADLEW] > Task :expo-gradle-plugin:expo-autolinking-plugin-shared:compileJava NO-SOURCE
[RUN_GRADLEW] > Task :expo-gradle-plugin:expo-autolinking-plugin-shared:classes
[RUN_GRADLEW] UP-TO-DATE
[RUN_GRADLEW] > Task :expo-gradle-plugin:expo-autolinking-plugin-shared:jar
[RUN_GRADLEW] > Task :gradle-plugin:settings-plugin:compileKotlin
[RUN_GRADLEW] > Task :gradle-plugin:settings-plugin:compileJava NO-SOURCE
[RUN_GRADLEW] > Task :gradle-plugin:settings-plugin:classes
[RUN_GRADLEW] > Task :gradle-plugin:settings-plugin:jar
[RUN_GRADLEW] > Task :expo-gradle-plugin:expo-autolinking-settings-plugin:compileKotlin
[RUN_GRADLEW] > Task :expo-gradle-plugin:expo-autolinking-settings-plugin:compileJava NO-SOURCE
[RUN_GRADLEW] > Task :expo-gradle-plugin:expo-autolinking-settings-plugin:classes
[RUN_GRADLEW] > Task :expo-gradle-plugin:expo-autolinking-settings-plugin:jar
[RUN_GRADLEW] > Task :gradle-plugin:react-native-gradle-plugin:checkKotlinGradlePluginConfigurationErrors SKIPPED
[RUN_GRADLEW] > Task :expo-gradle-plugin:expo-autolinking-plugin:checkKotlinGradlePluginConfigurationErrors SKIPPED
[RUN_GRADLEW] > Task :expo-gradle-plugin:expo-max-sdk-override-plugin:checkKotlinGradlePluginConfigurationErrors SKIPPED
[RUN_GRADLEW] > Task :expo-module-gradle-plugin:checkKotlinGradlePluginConfigurationErrors SKIPPED
[RUN_GRADLEW] > Task :expo-module-gradle-plugin:pluginDescriptors
[RUN_GRADLEW] > Task :expo-module-gradle-plugin:processResources
[RUN_GRADLEW] > Task :expo-gradle-plugin:expo-autolinking-plugin:pluginDescriptors
[RUN_GRADLEW] > Task :expo-gradle-plugin:expo-max-sdk-override-plugin:pluginDescriptors
[RUN_GRADLEW] > Task :expo-gradle-plugin:expo-autolinking-plugin:processResources
[RUN_GRADLEW] > Task :expo-gradle-plugin:expo-max-sdk-override-plugin:processResources
[RUN_GRADLEW] > Task :gradle-plugin:react-native-gradle-plugin:pluginDescriptors
[RUN_GRADLEW] > Task :gradle-plugin:react-native-gradle-plugin:processResources
[RUN_GRADLEW] > Task :expo-gradle-plugin:expo-max-sdk-override-plugin:compileKotlin
[RUN_GRADLEW] > Task :expo-gradle-plugin:expo-max-sdk-override-plugin:compileJava NO-SOURCE
[RUN_GRADLEW] > Task :expo-gradle-plugin:expo-max-sdk-override-plugin:classes
[RUN_GRADLEW] > Task :expo-gradle-plugin:expo-max-sdk-override-plugin:jar
[RUN_GRADLEW] > Task :expo-gradle-plugin:expo-autolinking-plugin:compileKotlin
[RUN_GRADLEW] > Task :expo-gradle-plugin:expo-autolinking-plugin:compileJava NO-SOURCE
[RUN_GRADLEW] > Task :expo-gradle-plugin:expo-autolinking-plugin:classes
[RUN_GRADLEW] > Task :expo-gradle-plugin:expo-autolinking-plugin:jar
[RUN_GRADLEW] > Task :gradle-plugin:react-native-gradle-plugin:compileKotlin
[RUN_GRADLEW] > Task :gradle-plugin:react-native-gradle-plugin:compileJava NO-SOURCE
[RUN_GRADLEW] > Task :gradle-plugin:react-native-gradle-plugin:classes
[RUN_GRADLEW] > Task :gradle-plugin:react-native-gradle-plugin:jar
[RUN_GRADLEW] > Task :expo-module-gradle-plugin:compileKotlin
[RUN_GRADLEW] w: file:///private/var/folders/ld/v29yyv255ys68svhb644gxf80000gn/T/eas-build-local-nodejs/86c8961c-4ed4-4da1-9a2c-17fe12736b91/build/node_modules/expo-modules-core/expo-module-gradle-plugin/src/main/kotlin/expo/modules/plugin/android/AndroidLibraryExtension.kt:9:24 'var targetSdk: Int?' is deprecated. Will be removed from library DSL in v9.0. Use testOptions.targetSdk or/and lint.targetSdk instead.
[RUN_GRADLEW] > Task :expo-module-gradle-plugin:compileJava NO-SOURCE
[RUN_GRADLEW] > Task :expo-module-gradle-plugin:classes
[RUN_GRADLEW] > Task :expo-module-gradle-plugin:jar
[RUN_GRADLEW] > Configure project :
[RUN_GRADLEW] [32m[ExpoRootProject][0m Using the following versions:
[RUN_GRADLEW]   - buildTools:  [32m36.0.0[0m
[RUN_GRADLEW]   - minSdk:      [32m24[0m
[RUN_GRADLEW]   - compileSdk:  [32m36[0m
[RUN_GRADLEW]   - targetSdk:   [32m36[0m
[RUN_GRADLEW]   - ndk:         [32m27.1.12297006[0m
[RUN_GRADLEW]   - kotlin:      [32m2.1.20[0m
[RUN_GRADLEW]   - ksp:         [32m2.1.20-2.0.1[0m
[RUN_GRADLEW] > Configure project :app
[RUN_GRADLEW] ℹ️  [33mApplying gradle plugin[0m '[32mexpo-max-sdk-override-plugin[0m'
[RUN_GRADLEW]   [expo-max-sdk-override-plugin] This plugin will find all permissions declared with `android:maxSdkVersion`. If there exists a declaration with the `android:maxSdkVersion` annotation and another one without, the plugin will remove the annotation from the final merged manifest. In order to see a log with the changes run a clean build of the app.
[RUN_GRADLEW] > Configure project :expo
[RUN_GRADLEW] Using expo modules
[RUN_GRADLEW]   - [32mexpo-log-box[0m (55.0.11)
[RUN_GRADLEW]   - [32mexpo-constants[0m (55.0.15)
[RUN_GRADLEW] > Configure project :expo-modules-core
[RUN_GRADLEW] Linking react-native-worklets native libs into expo-modules-core build tasks
[RUN_GRADLEW] task ':react-native-worklets:mergeDebugNativeLibs'
[RUN_GRADLEW] task ':react-native-worklets:mergeReleaseNativeLibs'
[RUN_GRADLEW] > Configure project :expo
[RUN_GRADLEW]   - [32mexpo-modules-core[0m (55.0.23)
[RUN_GRADLEW] - [33m[📦][0m [32mexpo-dom-webview[0m (55.0.5)
[RUN_GRADLEW]   - [33m[📦][0m [32mexpo-asset[0m (55.0.16)
[RUN_GRADLEW]   - [33m[📦][0m [32mexpo-blur[0m (55.0.14)
[RUN_GRADLEW]   - [33m[📦][0m [32mexpo-contacts[0m (55.0.13)
[RUN_GRADLEW]   - [33m[📦][0m [32mexpo-document-picker[0m (55.0.13)
[RUN_GRADLEW]   - [33m[📦][0m [32mexpo-file-system[0m (55.0.17)
[RUN_GRADLEW]   - [33m[📦][0m [32mexpo-font[0m (55.0.6)
[RUN_GRADLEW] - [33m[📦][0m [32mexpo-image-loader[0m (55.0.0)
[RUN_GRADLEW]   - [33m[📦][0m [32mexpo-image-manipulator[0m (55.0.16)
[RUN_GRADLEW]   - [33m[📦][0m [32mexpo-image-picker[0m (55.0.19)
[RUN_GRADLEW]   - [33m[📦][0m [32mexpo-keep-awake[0m (55.0.6)
[RUN_GRADLEW]   - [33m[📦][0m [32mexpo-linear-gradient[0m (55.0.13)
[RUN_GRADLEW]   - [33m[📦][0m [32mexpo-sharing[0m (55.0.18)
[RUN_GRADLEW] The Daemon will expire after the build after running out of JVM Metaspace.
[RUN_GRADLEW] The project memory settings are likely not configured or are configured to an insufficient value.
[RUN_GRADLEW] The daemon will restart for the next build, which may increase subsequent build times.
[RUN_GRADLEW] These settings can be adjusted by setting 'org.gradle.jvmargs' in 'gradle.properties'.
[RUN_GRADLEW] The currently configured max heap space is '2 GiB' and the configured max metaspace is '512 MiB'.
[RUN_GRADLEW] For more information on how to set these values, please refer to https://docs.gradle.org/9.0.0/userguide/build_environment.html#sec:configuring_jvm_memory in the Gradle documentation.
[RUN_GRADLEW] To disable this warning, set 'org.gradle.daemon.performance.disable-logging=true'.
[RUN_GRADLEW] Daemon will be stopped at the end of the build after running out of JVM Metaspace
[RUN_GRADLEW] > Task :expo-modules-core:preBuild UP-TO-DATE
[RUN_GRADLEW] > Task :react-native-get-random-values:preBuild UP-TO-DATE
[RUN_GRADLEW] > Task :expo-log-box:preBuild UP-TO-DATE
[RUN_GRADLEW] > Task :expo:generatePackagesList
[RUN_GRADLEW] > Task :expo:preBuild
[RUN_GRADLEW] > Task :app:generateAutolinkingNewArchitectureFiles
[RUN_GRADLEW] > Task :app:generateAutolinkingPackageList
[RUN_GRADLEW] > Task :app:generateCodegenSchemaFromJavaScript SKIPPED
[RUN_GRADLEW] > Task :app:generateCodegenArtifactsFromSchema SKIPPED
[RUN_GRADLEW] > Task :app:generateReactNativeEntryPoint
[RUN_GRADLEW] > Task :expo:preReleaseBuild
[RUN_GRADLEW] > Task :expo:mergeReleaseJniLibFolders
[RUN_GRADLEW] > Task :expo:mergeReleaseNativeLibs NO-SOURCE
[RUN_GRADLEW] > Task :react-native-reanimated:assertMinimalReactNativeVersionTask
[RUN_GRADLEW] > Task :react-native-reanimated:assertNewArchitectureEnabledTask SKIPPED
[RUN_GRADLEW] > Task :expo:copyReleaseJniLibsProjectOnly
[RUN_GRADLEW] > Task :expo-log-box:preReleaseBuild UP-TO-DATE
[RUN_GRADLEW] > Task :expo-log-box:mergeReleaseJniLibFolders
[RUN_GRADLEW] > Task :expo-log-box:mergeReleaseNativeLibs NO-SOURCE
[RUN_GRADLEW] > Task :react-native-worklets:assertMinimalReactNativeVersionTask
[RUN_GRADLEW] > Task :react-native-worklets:assertNewArchitectureEnabledTask SKIPPED
[RUN_GRADLEW] > Task :expo-log-box:copyReleaseJniLibsProjectOnly
[RUN_GRADLEW] > Task :expo-modules-core:preReleaseBuild UP-TO-DATE
[RUN_GRADLEW] > Task :expo-modules-core:mergeReleaseJniLibFolders
[RUN_GRADLEW] > Task :react-native-get-random-values:preReleaseBuild UP-TO-DATE
[RUN_GRADLEW] > Task :react-native-get-random-values:mergeReleaseJniLibFolders
[RUN_GRADLEW] > Task :react-native-get-random-values:mergeReleaseNativeLibs NO-SOURCE
[RUN_GRADLEW] > Task :react-native-get-random-values:copyReleaseJniLibsProjectOnly
[RUN_GRADLEW] > Task :expo:checkKotlinGradlePluginConfigurationErrors SKIPPED
[RUN_GRADLEW] > Task :expo:generateReleaseBuildConfig
[RUN_GRADLEW] > Task :expo:generateReleaseResValues
[RUN_GRADLEW] > Task :expo:generateReleaseResources
[RUN_GRADLEW] > Task :expo-constants:createExpoConfig
[RUN_GRADLEW] > Task :expo-constants:preBuild
[RUN_GRADLEW] > Task :expo-constants:preReleaseBuild
[RUN_GRADLEW] > Task :expo:packageReleaseResources
[RUN_GRADLEW] > Task :expo-constants:mergeReleaseJniLibFolders
[RUN_GRADLEW] > Task :expo-constants:mergeReleaseNativeLibs NO-SOURCE
[RUN_GRADLEW] > Task :expo-constants:copyReleaseJniLibsProjectOnly
[RUN_GRADLEW] > Task :expo-constants:checkKotlinGradlePluginConfigurationErrors SKIPPED
[RUN_GRADLEW] > Task :expo-constants:generateReleaseBuildConfig
[RUN_GRADLEW] > Task :expo-constants:generateReleaseResValues
[RUN_GRADLEW] > Task :expo-constants:generateReleaseResources
[RUN_GRADLEW] > Task :expo-constants:packageReleaseResources
[RUN_GRADLEW] The NODE_ENV environment variable is required but was not specified. Ensure the project is bundled with Expo CLI or NODE_ENV is set. Using only .env.local and .env
[RUN_GRADLEW] > Task :react-native-safe-area-context:generateCodegenSchemaFromJavaScript
[RUN_GRADLEW] > Task :react-native-reanimated:assertWorkletsVersionTask
[RUN_GRADLEW] > Task :react-native-async-storage_async-storage:generateCodegenSchemaFromJavaScript
[RUN_GRADLEW] > Task :react-native-gesture-handler:generateCodegenSchemaFromJavaScript
[RUN_GRADLEW] > Task :expo-constants:parseReleaseLocalResources
[RUN_GRADLEW] > Task :expo:parseReleaseLocalResources
[RUN_GRADLEW] > Task :expo-constants:generateReleaseRFile
[RUN_GRADLEW] > Task :expo-modules-core:checkKotlinGradlePluginConfigurationErrors SKIPPED
[RUN_GRADLEW] > Task :expo:generateReleaseRFile
[RUN_GRADLEW] > Task :expo-modules-core:generateReleaseBuildConfig
[RUN_GRADLEW] > Task :expo-modules-core:generateReleaseResValues
[RUN_GRADLEW] > Task :expo-modules-core:generateReleaseResources
[RUN_GRADLEW] > Task :expo-constants:javaPreCompileRelease
[RUN_GRADLEW] > Task :expo-log-box:checkKotlinGradlePluginConfigurationErrors SKIPPED
[RUN_GRADLEW] > Task :expo-log-box:generateReleaseBuildConfig
[RUN_GRADLEW] > Task :expo-log-box:generateReleaseResValues
[RUN_GRADLEW] > Task :expo-modules-core:packageReleaseResources
[RUN_GRADLEW] > Task :expo-log-box:generateReleaseResources
[RUN_GRADLEW] > Task :expo-modules-core:parseReleaseLocalResources
[RUN_GRADLEW] > Task :react-native-worklets:generateCodegenSchemaFromJavaScript
[RUN_GRADLEW] > Task :expo-log-box:packageReleaseResources
[RUN_GRADLEW] > Task :react-native-community_datetimepicker:generateCodegenSchemaFromJavaScript
[RUN_GRADLEW] > Task :expo-log-box:parseReleaseLocalResources
[RUN_GRADLEW] > Task :expo-modules-core:javaPreCompileRelease
[RUN_GRADLEW] > Task :react-native-screens:generateCodegenSchemaFromJavaScript
[RUN_GRADLEW] > Task :react-native-reanimated:generateCodegenSchemaFromJavaScript
[RUN_GRADLEW] > Task :react-native-svg:generateCodegenSchemaFromJavaScript
[RUN_GRADLEW] > Task :expo-modules-core:generateReleaseRFile
[RUN_GRADLEW] > Task :expo-log-box:generateReleaseRFile
[RUN_GRADLEW] > Task :expo:javaPreCompileRelease
[RUN_GRADLEW] > Task :expo-log-box:javaPreCompileRelease
[RUN_GRADLEW] > Task :react-native-get-random-values:generateReleaseBuildConfig
[RUN_GRADLEW] > Task :react-native-worklets:generateCodegenArtifactsFromSchema
[RUN_GRADLEW] > Task :react-native-async-storage_async-storage:generateCodegenArtifactsFromSchema
[RUN_GRADLEW] > Task :react-native-async-storage_async-storage:preBuild
[RUN_GRADLEW] > Task :react-native-async-storage_async-storage:preReleaseBuild
[RUN_GRADLEW] > Task :react-native-community_datetimepicker:generateCodegenArtifactsFromSchema
[RUN_GRADLEW] > Task :react-native-community_datetimepicker:preBuild
[RUN_GRADLEW] > Task :react-native-community_datetimepicker:preReleaseBuild
[RUN_GRADLEW] > Task :react-native-get-random-values:generateReleaseResValues
[RUN_GRADLEW] > Task :react-native-gesture-handler:generateCodegenArtifactsFromSchema
[RUN_GRADLEW] > Task :react-native-gesture-handler:preBuild
[RUN_GRADLEW] > Task :react-native-gesture-handler:preReleaseBuild
[RUN_GRADLEW] > Task :react-native-safe-area-context:generateCodegenArtifactsFromSchema
[RUN_GRADLEW] > Task :react-native-safe-area-context:preBuild
[RUN_GRADLEW] > Task :react-native-safe-area-context:preReleaseBuild
[RUN_GRADLEW] > Task :react-native-async-storage_async-storage:mergeReleaseJniLibFolders
[RUN_GRADLEW] > Task :react-native-community_datetimepicker:mergeReleaseJniLibFolders
[RUN_GRADLEW] > Task :react-native-get-random-values:generateReleaseResources
[RUN_GRADLEW] > Task :react-native-async-storage_async-storage:mergeReleaseNativeLibs NO-SOURCE
[RUN_GRADLEW] > Task :react-native-safe-area-context:mergeReleaseJniLibFolders
[RUN_GRADLEW] > Task :react-native-async-storage_async-storage:copyReleaseJniLibsProjectOnly
[RUN_GRADLEW] > Task :react-native-community_datetimepicker:mergeReleaseNativeLibs NO-SOURCE
[RUN_GRADLEW] > Task :react-native-safe-area-context:mergeReleaseNativeLibs NO-SOURCE
[RUN_GRADLEW] > Task :app:buildKotlinToolingMetadata
[RUN_GRADLEW] > Task :react-native-async-storage_async-storage:generateReleaseBuildConfig
[RUN_GRADLEW] > Task :react-native-community_datetimepicker:copyReleaseJniLibsProjectOnly
[RUN_GRADLEW] > Task :react-native-async-storage_async-storage:generateReleaseResValues
[RUN_GRADLEW] > Task :react-native-safe-area-context:checkKotlinGradlePluginConfigurationErrors SKIPPED
[RUN_GRADLEW] > Task :react-native-community_datetimepicker:checkKotlinGradlePluginConfigurationErrors SKIPPED
[RUN_GRADLEW] > Task :react-native-safe-area-context:copyReleaseJniLibsProjectOnly
[RUN_GRADLEW] > Task :app:checkKotlinGradlePluginConfigurationErrors SKIPPED
[RUN_GRADLEW] > Task :react-native-safe-area-context:generateReleaseBuildConfig
[RUN_GRADLEW] > Task :react-native-community_datetimepicker:generateReleaseBuildConfig
[RUN_GRADLEW] > Task :react-native-async-storage_async-storage:generateReleaseResources
[RUN_GRADLEW] > Task :react-native-get-random-values:packageReleaseResources
[RUN_GRADLEW] > Task :react-native-community_datetimepicker:generateReleaseResValues
[RUN_GRADLEW] > Task :react-native-safe-area-context:generateReleaseResValues
[RUN_GRADLEW] > Task :react-native-safe-area-context:generateReleaseResources
[RUN_GRADLEW] > Task :react-native-community_datetimepicker:generateReleaseResources
[RUN_GRADLEW] > Task :react-native-gesture-handler:mergeReleaseJniLibFolders
[RUN_GRADLEW] > Task :react-native-gesture-handler:checkKotlinGradlePluginConfigurationErrors SKIPPED
[RUN_GRADLEW] > Task :react-native-get-random-values:parseReleaseLocalResources
[RUN_GRADLEW] > Task :react-native-gesture-handler:generateReleaseBuildConfig
[RUN_GRADLEW] > Task :react-native-async-storage_async-storage:packageReleaseResources
[RUN_GRADLEW] > Task :react-native-gesture-handler:generateReleaseResValues
[RUN_GRADLEW] > Task :react-native-gesture-handler:generateReleaseResources
[RUN_GRADLEW] > Task :expo:writeReleaseAarMetadata
[RUN_GRADLEW] > Task :react-native-async-storage_async-storage:parseReleaseLocalResources
[RUN_GRADLEW] > Task :react-native-async-storage_async-storage:javaPreCompileRelease
[RUN_GRADLEW] > Task :react-native-get-random-values:generateReleaseRFile
[RUN_GRADLEW] > Task :react-native-get-random-values:javaPreCompileRelease
[RUN_GRADLEW] > Task :expo-constants:writeReleaseAarMetadata
[RUN_GRADLEW] > Task :react-native-gesture-handler:packageReleaseResources
[RUN_GRADLEW] > Task :expo-log-box:writeReleaseAarMetadata
[RUN_GRADLEW] > Task :react-native-gesture-handler:javaPreCompileRelease
[RUN_GRADLEW] > Task :react-native-safe-area-context:packageReleaseResources
[RUN_GRADLEW] > Task :react-native-async-storage_async-storage:generateReleaseRFile
[RUN_GRADLEW] > Task :react-native-gesture-handler:parseReleaseLocalResources
[RUN_GRADLEW] > Task :expo-modules-core:writeReleaseAarMetadata
[RUN_GRADLEW] > Task :react-native-gesture-handler:generateReleaseRFile
[RUN_GRADLEW] > Task :react-native-worklets:prepareWorkletsHeadersForPrefabs
[RUN_GRADLEW] > Task :react-native-worklets:preBuild
[RUN_GRADLEW] > Task :react-native-worklets:preReleaseBuild
[RUN_GRADLEW] > Task :react-native-safe-area-context:javaPreCompileRelease
[RUN_GRADLEW] > Task :react-native-safe-area-context:parseReleaseLocalResources
[RUN_GRADLEW] > Task :react-native-safe-area-context:writeReleaseAarMetadata
[RUN_GRADLEW] > Task :react-native-gesture-handler:writeReleaseAarMetadata
[RUN_GRADLEW] > Task :expo:extractDeepLinksRelease
[RUN_GRADLEW] > Task :react-native-safe-area-context:generateReleaseRFile
[RUN_GRADLEW] > Task :react-native-community_datetimepicker:packageReleaseResources
[RUN_GRADLEW] > Task :react-native-community_datetimepicker:parseReleaseLocalResources
[RUN_GRADLEW] > Task :react-native-community_datetimepicker:generateReleaseRFile
[RUN_GRADLEW] > Task :expo:processReleaseManifest
[RUN_GRADLEW] > Task :expo-constants:extractDeepLinksRelease
[RUN_GRADLEW] > Task :expo-constants:processReleaseManifest
[RUN_GRADLEW] > Task :expo-log-box:extractDeepLinksRelease
[RUN_GRADLEW] > Task :expo-log-box:processReleaseManifest
[RUN_GRADLEW] > Task :react-native-screens:generateCodegenArtifactsFromSchema
[RUN_GRADLEW] > Task :react-native-screens:preBuild
[RUN_GRADLEW] > Task :react-native-screens:preReleaseBuild
[RUN_GRADLEW] > Task :react-native-reanimated:generateCodegenArtifactsFromSchema
[RUN_GRADLEW] > Task :react-native-svg:generateCodegenArtifactsFromSchema
[RUN_GRADLEW] > Task :react-native-svg:preBuild
[RUN_GRADLEW] > Task :react-native-svg:preReleaseBuild
[RUN_GRADLEW] > Task :react-native-svg:mergeReleaseJniLibFolders
[RUN_GRADLEW] > Task :react-native-svg:mergeReleaseNativeLibs NO-SOURCE
[RUN_GRADLEW] > Task :react-native-svg:copyReleaseJniLibsProjectOnly
[RUN_GRADLEW] > Task :react-native-svg:generateReleaseBuildConfig
[RUN_GRADLEW] > Task :react-native-svg:generateReleaseResValues
[RUN_GRADLEW] > Task :react-native-svg:generateReleaseResources
[RUN_GRADLEW] > Task :react-native-svg:packageReleaseResources
[RUN_GRADLEW] > Task :react-native-svg:parseReleaseLocalResources
[RUN_GRADLEW] > Task :react-native-svg:generateReleaseRFile
[RUN_GRADLEW] > Task :react-native-svg:javaPreCompileRelease
[RUN_GRADLEW] > Task :react-native-reanimated:prepareReanimatedHeadersForPrefabs
[RUN_GRADLEW] > Task :react-native-reanimated:preBuild
[RUN_GRADLEW] > Task :react-native-reanimated:preReleaseBuild
[RUN_GRADLEW] > Task :react-native-reanimated:mergeReleaseJniLibFolders
[RUN_GRADLEW] > Task :react-native-community_datetimepicker:javaPreCompileRelease
[RUN_GRADLEW] > Task :react-native-reanimated:generateReleaseBuildConfig
[RUN_GRADLEW] > Task :react-native-reanimated:generateReleaseResValues
[RUN_GRADLEW] > Task :react-native-reanimated:generateReleaseResources
[RUN_GRADLEW] > Task :react-native-reanimated:packageReleaseResources
[RUN_GRADLEW] > Task :react-native-reanimated:parseReleaseLocalResources
[RUN_GRADLEW] > Task :expo-modules-core:extractDeepLinksRelease
[RUN_GRADLEW] > Task :react-native-community_datetimepicker:writeReleaseAarMetadata
[RUN_GRADLEW] > Task :react-native-reanimated:javaPreCompileRelease
[RUN_GRADLEW] > Task :react-native-reanimated:writeReleaseAarMetadata
[RUN_GRADLEW] > Task :react-native-reanimated:generateReleaseRFile
[RUN_GRADLEW] > Task :react-native-community_datetimepicker:extractDeepLinksRelease
[RUN_GRADLEW] > Task :expo-modules-core:processReleaseManifest
[RUN_GRADLEW] /private/var/folders/ld/v29yyv255ys68svhb644gxf80000gn/T/eas-build-local-nodejs/86c8961c-4ed4-4da1-9a2c-17fe12736b91/build/node_modules/expo-modules-core/android/src/main/AndroidManifest.xml:8:9-11:45 Warning:
[RUN_GRADLEW] 	meta-data#com.facebook.soloader.enabled@android:value was tagged at AndroidManifest.xml:8 to replace other declarations but no other declaration present
[RUN_GRADLEW] > Task :react-native-gesture-handler:extractDeepLinksRelease
[RUN_GRADLEW] > Task :react-native-community_datetimepicker:processReleaseManifest
[RUN_GRADLEW] > Task :react-native-reanimated:extractDeepLinksRelease
[RUN_GRADLEW] > Task :react-native-gesture-handler:processReleaseManifest
[RUN_GRADLEW] > Task :react-native-reanimated:processReleaseManifest
[RUN_GRADLEW] > Task :react-native-safe-area-context:extractDeepLinksRelease
[RUN_GRADLEW] > Task :react-native-safe-area-context:processReleaseManifest
[RUN_GRADLEW] package="com.th3rdwave.safeareacontext" found in source AndroidManifest.xml: /private/var/folders/ld/v29yyv255ys68svhb644gxf80000gn/T/eas-build-local-nodejs/86c8961c-4ed4-4da1-9a2c-17fe12736b91/build/node_modules/react-native-safe-area-context/android/src/main/AndroidManifest.xml.
[RUN_GRADLEW] Setting the namespace via the package attribute in the source AndroidManifest.xml is no longer supported, and the value is ignored.
[RUN_GRADLEW] Recommendation: remove package="com.th3rdwave.safeareacontext" from the source AndroidManifest.xml: /private/var/folders/ld/v29yyv255ys68svhb644gxf80000gn/T/eas-build-local-nodejs/86c8961c-4ed4-4da1-9a2c-17fe12736b91/build/node_modules/react-native-safe-area-context/android/src/main/AndroidManifest.xml.
[RUN_GRADLEW] > Task :expo:compileReleaseLibraryResources
[RUN_GRADLEW] > Task :expo-constants:compileReleaseLibraryResources
[RUN_GRADLEW] > Task :expo-log-box:compileReleaseLibraryResources
[RUN_GRADLEW] > Task :expo-modules-core:compileReleaseLibraryResources
[RUN_GRADLEW] > Task :react-native-community_datetimepicker:compileReleaseLibraryResources
[RUN_GRADLEW] > Task :react-native-gesture-handler:compileReleaseLibraryResources
[RUN_GRADLEW] > Task :react-native-reanimated:compileReleaseLibraryResources
[RUN_GRADLEW] > Task :react-native-safe-area-context:compileReleaseLibraryResources
[RUN_GRADLEW] > Task :expo:prepareReleaseArtProfile
[RUN_GRADLEW] > Task :expo-constants:prepareReleaseArtProfile
[RUN_GRADLEW] > Task :expo-log-box:prepareReleaseArtProfile
[RUN_GRADLEW] > Task :expo-modules-core:prepareReleaseArtProfile
[RUN_GRADLEW] > Task :react-native-gesture-handler:prepareReleaseArtProfile
[RUN_GRADLEW] > Task :react-native-community_datetimepicker:prepareReleaseArtProfile
[RUN_GRADLEW] > Task :react-native-safe-area-context:prepareReleaseArtProfile
[RUN_GRADLEW] > Task :expo:mergeReleaseShaders
[RUN_GRADLEW] > Task :expo:compileReleaseShaders NO-SOURCE
[RUN_GRADLEW] > Task :expo:generateReleaseAssets UP-TO-DATE
[RUN_GRADLEW] > Task :expo:mergeReleaseAssets
[RUN_GRADLEW] > Task :expo-constants:mergeReleaseShaders
[RUN_GRADLEW] > Task :expo-constants:compileReleaseShaders NO-SOURCE
[RUN_GRADLEW] > Task :expo-constants:generateReleaseAssets UP-TO-DATE
[RUN_GRADLEW] > Task :expo-constants:mergeReleaseAssets
[RUN_GRADLEW] > Task :react-native-reanimated:prepareReleaseArtProfile
[RUN_GRADLEW] > Task :expo-log-box:mergeReleaseShaders
[RUN_GRADLEW] > Task :expo-log-box:compileReleaseShaders NO-SOURCE
[RUN_GRADLEW] > Task :expo-log-box:generateReleaseAssets UP-TO-DATE
[RUN_GRADLEW] > Task :expo-modules-core:mergeReleaseShaders
[RUN_GRADLEW] > Task :expo-modules-core:compileReleaseShaders NO-SOURCE
[RUN_GRADLEW] > Task :expo-modules-core:generateReleaseAssets UP-TO-DATE
[RUN_GRADLEW] > Task :expo-log-box:mergeReleaseAssets
[RUN_GRADLEW] > Task :react-native-community_datetimepicker:mergeReleaseShaders
[RUN_GRADLEW] > Task :expo-modules-core:mergeReleaseAssets
[RUN_GRADLEW] > Task :react-native-community_datetimepicker:compileReleaseShaders NO-SOURCE
[RUN_GRADLEW] > Task :react-native-community_datetimepicker:generateReleaseAssets UP-TO-DATE
[RUN_GRADLEW] > Task :react-native-gesture-handler:mergeReleaseShaders
[RUN_GRADLEW] > Task :react-native-gesture-handler:compileReleaseShaders NO-SOURCE
[RUN_GRADLEW] > Task :react-native-gesture-handler:generateReleaseAssets UP-TO-DATE
[RUN_GRADLEW] > Task :react-native-community_datetimepicker:mergeReleaseAssets
[RUN_GRADLEW] > Task :react-native-reanimated:mergeReleaseShaders
[RUN_GRADLEW] > Task :react-native-gesture-handler:mergeReleaseAssets
[RUN_GRADLEW] > Task :react-native-reanimated:compileReleaseShaders NO-SOURCE
[RUN_GRADLEW] > Task :react-native-reanimated:generateReleaseAssets UP-TO-DATE
[RUN_GRADLEW] > Task :react-native-safe-area-context:mergeReleaseShaders
[RUN_GRADLEW] > Task :react-native-safe-area-context:compileReleaseShaders NO-SOURCE
[RUN_GRADLEW] > Task :react-native-safe-area-context:generateReleaseAssets UP-TO-DATE
[RUN_GRADLEW] > Task :react-native-safe-area-context:mergeReleaseAssets
[RUN_GRADLEW] > Task :expo:extractProguardFiles
[RUN_GRADLEW] > Task :expo-constants:extractProguardFiles
[RUN_GRADLEW] > Task :expo-modules-core:extractProguardFiles
[RUN_GRADLEW] > Task :expo-modules-core:prepareLintJarForPublish
[RUN_GRADLEW] > Task :react-native-reanimated:mergeReleaseAssets
[RUN_GRADLEW] > Task :expo-constants:prepareLintJarForPublish
[RUN_GRADLEW] > Task :expo-log-box:extractProguardFiles
[RUN_GRADLEW] > Task :expo-log-box:prepareLintJarForPublish
[RUN_GRADLEW] > Task :expo:prepareLintJarForPublish
[RUN_GRADLEW] > Task :react-native-gesture-handler:extractProguardFiles
[RUN_GRADLEW] > Task :react-native-community_datetimepicker:extractProguardFiles
[RUN_GRADLEW] > Task :react-native-reanimated:processReleaseJavaRes NO-SOURCE
[RUN_GRADLEW] > Task :react-native-community_datetimepicker:prepareLintJarForPublish
[RUN_GRADLEW] > Task :react-native-gesture-handler:prepareLintJarForPublish
[RUN_GRADLEW] > Task :react-native-reanimated:extractProguardFiles
[RUN_GRADLEW] > Task :react-native-get-random-values:compileReleaseJavaWithJavac
[RUN_GRADLEW] Note: /private/var/folders/ld/v29yyv255ys68svhb644gxf80000gn/T/eas-build-local-nodejs/86c8961c-4ed4-4da1-9a2c-17fe12736b91/build/node_modules/react-native-get-random-values/android/src/main/java/org/linusu/RNGetRandomValuesPackage.java uses or overrides a deprecated API.
[RUN_GRADLEW] Note: Recompile with -Xlint:deprecation for details.
[RUN_GRADLEW] > Task :react-native-reanimated:prepareLintJarForPublish
[RUN_GRADLEW] > Task :react-native-safe-area-context:extractProguardFiles
[RUN_GRADLEW] > Task :react-native-community_datetimepicker:stripReleaseDebugSymbols NO-SOURCE
[RUN_GRADLEW] > Task :react-native-safe-area-context:prepareLintJarForPublish
[RUN_GRADLEW] > Task :react-native-gesture-handler:extractDeepLinksForAarRelease
[RUN_GRADLEW] > Task :react-native-community_datetimepicker:copyReleaseJniLibsProjectAndLocalJars
[RUN_GRADLEW] > Task :react-native-community_datetimepicker:extractDeepLinksForAarRelease
[RUN_GRADLEW] > Task :expo:stripReleaseDebugSymbols NO-SOURCE
[RUN_GRADLEW] > Task :react-native-safe-area-context:stripReleaseDebugSymbols NO-SOURCE
[RUN_GRADLEW] > Task :expo:copyReleaseJniLibsProjectAndLocalJars
[RUN_GRADLEW] > Task :expo:extractDeepLinksForAarRelease
[RUN_GRADLEW] > Task :react-native-safe-area-context:copyReleaseJniLibsProjectAndLocalJars
[RUN_GRADLEW] > Task :react-native-reanimated:extractDeepLinksForAarRelease
[RUN_GRADLEW] > Task :react-native-safe-area-context:extractDeepLinksForAarRelease
[RUN_GRADLEW] > Task :expo-modules-core:extractDeepLinksForAarRelease
[RUN_GRADLEW] > Task :expo-log-box:stripReleaseDebugSymbols NO-SOURCE
[RUN_GRADLEW] > Task :expo-log-box:copyReleaseJniLibsProjectAndLocalJars
[RUN_GRADLEW] > Task :expo-log-box:extractDeepLinksForAarRelease
[RUN_GRADLEW] > Task :expo-constants:stripReleaseDebugSymbols NO-SOURCE
[RUN_GRADLEW] > Task :expo-constants:copyReleaseJniLibsProjectAndLocalJars
[RUN_GRADLEW] > Task :expo-constants:extractDeepLinksForAarRelease
[RUN_GRADLEW] > Task :expo-constants:writeReleaseLintModelMetadata
[RUN_GRADLEW] > Task :react-native-get-random-values:writeReleaseAarMetadata
[RUN_GRADLEW] > Task :react-native-get-random-values:extractDeepLinksRelease
[RUN_GRADLEW] > Task :react-native-get-random-values:bundleLibRuntimeToDirRelease
[RUN_GRADLEW] > Task :expo-log-box:writeReleaseLintModelMetadata
[RUN_GRADLEW] > Task :react-native-get-random-values:processReleaseManifest
[RUN_GRADLEW] package="org.linusu" found in source AndroidManifest.xml: /private/var/folders/ld/v29yyv255ys68svhb644gxf80000gn/T/eas-build-local-nodejs/86c8961c-4ed4-4da1-9a2c-17fe12736b91/build/node_modules/react-native-get-random-values/android/src/main/AndroidManifest.xml.
[RUN_GRADLEW] Setting the namespace via the package attribute in the source AndroidManifest.xml is no longer supported, and the value is ignored.
[RUN_GRADLEW] Recommendation: remove package="org.linusu" from the source AndroidManifest.xml: /private/var/folders/ld/v29yyv255ys68svhb644gxf80000gn/T/eas-build-local-nodejs/86c8961c-4ed4-4da1-9a2c-17fe12736b91/build/node_modules/react-native-get-random-values/android/src/main/AndroidManifest.xml.
[RUN_GRADLEW] > Task :react-native-get-random-values:compileReleaseLibraryResources
[RUN_GRADLEW] > Task :react-native-reanimated:mergeReleaseJavaResource
[RUN_GRADLEW] > Task :react-native-get-random-values:bundleLibCompileToJarRelease
[RUN_GRADLEW] > Task :react-native-get-random-values:prepareReleaseArtProfile
[RUN_GRADLEW] > Task :expo-modules-core:writeReleaseLintModelMetadata
[RUN_GRADLEW] > Task :react-native-get-random-values:bundleLibRuntimeToJarRelease
[RUN_GRADLEW] > Task :expo:writeReleaseLintModelMetadata
[RUN_GRADLEW] > Task :react-native-get-random-values:mergeReleaseShaders
[RUN_GRADLEW] > Task :react-native-get-random-values:compileReleaseShaders NO-SOURCE
[RUN_GRADLEW] > Task :react-native-get-random-values:generateReleaseAssets UP-TO-DATE
[RUN_GRADLEW] > Task :react-native-get-random-values:mergeReleaseAssets
[RUN_GRADLEW] > Task :react-native-get-random-values:processReleaseJavaRes NO-SOURCE
[RUN_GRADLEW] > Task :react-native-get-random-values:createFullJarRelease
[RUN_GRADLEW] > Task :react-native-get-random-values:extractProguardFiles
[RUN_GRADLEW] > Task :react-native-async-storage_async-storage:compileReleaseJavaWithJavac
[RUN_GRADLEW] Note: Some input files use or override a deprecated API.
[RUN_GRADLEW] Note: Recompile with -Xlint:deprecation for details.
[RUN_GRADLEW] Note: /private/var/folders/ld/v29yyv255ys68svhb644gxf80000gn/T/eas-build-local-nodejs/86c8961c-4ed4-4da1-9a2c-17fe12736b91/build/node_modules/@react-native-async-storage/async-storage/android/src/javaPackage/java/com/reactnativecommunity/asyncstorage/AsyncStoragePackage.java uses unchecked or unsafe operations.
[RUN_GRADLEW] Note: Recompile with -Xlint:unchecked for details.
[RUN_GRADLEW] > Task :react-native-async-storage_async-storage:bundleLibRuntimeToDirRelease
[RUN_GRADLEW] > Task :react-native-community_datetimepicker:compileReleaseKotlin
[RUN_GRADLEW] > Task :react-native-get-random-values:generateReleaseLintModel
[RUN_GRADLEW] > Task :react-native-async-storage_async-storage:writeReleaseAarMetadata
[RUN_GRADLEW] > Task :react-native-async-storage_async-storage:extractDeepLinksRelease
[RUN_GRADLEW] > Task :react-native-async-storage_async-storage:processReleaseManifest
[RUN_GRADLEW] package="com.reactnativecommunity.asyncstorage" found in source AndroidManifest.xml: /private/var/folders/ld/v29yyv255ys68svhb644gxf80000gn/T/eas-build-local-nodejs/86c8961c-4ed4-4da1-9a2c-17fe12736b91/build/node_modules/@react-native-async-storage/async-storage/android/src/main/AndroidManifest.xml.
[RUN_GRADLEW] Setting the namespace via the package attribute in the source AndroidManifest.xml is no longer supported, and the value is ignored.
[RUN_GRADLEW] Recommendation: remove package="com.reactnativecommunity.asyncstorage" from the source AndroidManifest.xml: /private/var/folders/ld/v29yyv255ys68svhb644gxf80000gn/T/eas-build-local-nodejs/86c8961c-4ed4-4da1-9a2c-17fe12736b91/build/node_modules/@react-native-async-storage/async-storage/android/src/main/AndroidManifest.xml.
[RUN_GRADLEW] > Task :react-native-async-storage_async-storage:compileReleaseLibraryResources
[RUN_GRADLEW] > Task :react-native-async-storage_async-storage:bundleLibCompileToJarRelease
[RUN_GRADLEW] > Task :react-native-async-storage_async-storage:prepareReleaseArtProfile
[RUN_GRADLEW] > Task :react-native-async-storage_async-storage:bundleLibRuntimeToJarRelease
[RUN_GRADLEW] > Task :react-native-community_datetimepicker:compileReleaseJavaWithJavac
[RUN_GRADLEW] Note: Some input files use or override a deprecated API.
[RUN_GRADLEW] Note: Recompile with -Xlint:deprecation for details.
[RUN_GRADLEW] > Task :react-native-community_datetimepicker:bundleLibRuntimeToDirRelease
[RUN_GRADLEW] > Task :react-native-async-storage_async-storage:mergeReleaseShaders
[RUN_GRADLEW] > Task :react-native-community_datetimepicker:bundleLibRuntimeToJarRelease
[RUN_GRADLEW] > Task :react-native-community_datetimepicker:bundleLibCompileToJarRelease
[RUN_GRADLEW] > Task :react-native-async-storage_async-storage:compileReleaseShaders NO-SOURCE
[RUN_GRADLEW] > Task :react-native-async-storage_async-storage:generateReleaseAssets UP-TO-DATE
[RUN_GRADLEW] > Task :react-native-async-storage_async-storage:mergeReleaseAssets
[RUN_GRADLEW] > Task :react-native-async-storage_async-storage:processReleaseJavaRes NO-SOURCE
[RUN_GRADLEW] > Task :react-native-async-storage_async-storage:createFullJarRelease
[RUN_GRADLEW] > Task :react-native-async-storage_async-storage:extractProguardFiles
[RUN_GRADLEW] > Task :react-native-async-storage_async-storage:generateReleaseLintModel
[RUN_GRADLEW] > Task :react-native-async-storage_async-storage:prepareLintJarForPublish
[RUN_GRADLEW] > Task :react-native-community_datetimepicker:processReleaseJavaRes
[RUN_GRADLEW] > Task :app:createBundleReleaseJsAndAssets
[RUN_GRADLEW] Starting Metro Bundler
[RUN_GRADLEW] > Task :react-native-community_datetimepicker:createFullJarRelease
[RUN_GRADLEW] > Task :react-native-community_datetimepicker:generateReleaseLintModel
[RUN_GRADLEW] > Task :react-native-get-random-values:prepareLintJarForPublish
[RUN_GRADLEW] > Task :react-native-community_datetimepicker:extractReleaseAnnotations
[RUN_GRADLEW] > Task :react-native-community_datetimepicker:mergeReleaseGeneratedProguardFiles
[RUN_GRADLEW] > Task :react-native-community_datetimepicker:mergeReleaseConsumerProguardFiles
[RUN_GRADLEW] > Task :react-native-safe-area-context:compileReleaseKotlin
[RUN_GRADLEW] w: file:///private/var/folders/ld/v29yyv255ys68svhb644gxf80000gn/T/eas-build-local-nodejs/86c8961c-4ed4-4da1-9a2c-17fe12736b91/build/node_modules/react-native-safe-area-context/android/src/main/java/com/th3rdwave/safeareacontext/SafeAreaView.kt:9:8 'class UIManagerModule : ReactContextBaseJavaModule, OnBatchCompleteListener, LifecycleEventListener, UIManager' is deprecated. Deprecated in Java.
[RUN_GRADLEW] w: file:///private/var/folders/ld/v29yyv255ys68svhb644gxf80000gn/T/eas-build-local-nodejs/86c8961c-4ed4-4da1-9a2c-17fe12736b91/build/node_modules/react-native-safe-area-context/android/src/main/java/com/th3rdwave/safeareacontext/SafeAreaView.kt:50:54 'class UIManagerModule : ReactContextBaseJavaModule, OnBatchCompleteListener, LifecycleEventListener, UIManager' is deprecated. Deprecated in Java.
[RUN_GRADLEW] w: file:///private/var/folders/ld/v29yyv255ys68svhb644gxf80000gn/T/eas-build-local-nodejs/86c8961c-4ed4-4da1-9a2c-17fe12736b91/build/node_modules/react-native-safe-area-context/android/src/main/java/com/th3rdwave/safeareacontext/SafeAreaView.kt:59:23 'val uiImplementation: UIImplementation!' is deprecated. Deprecated in Java.
[RUN_GRADLEW] w: file:///private/var/folders/ld/v29yyv255ys68svhb644gxf80000gn/T/eas-build-local-nodejs/86c8961c-4ed4-4da1-9a2c-17fe12736b91/build/node_modules/react-native-safe-area-context/android/src/main/java/com/th3rdwave/safeareacontext/SafeAreaViewShadowNode.kt:9:32 'class LayoutShadowNode : ReactShadowNodeImpl' is deprecated. Deprecated in Java.
[RUN_GRADLEW] w: file:///private/var/folders/ld/v29yyv255ys68svhb644gxf80000gn/T/eas-build-local-nodejs/86c8961c-4ed4-4da1-9a2c-17fe12736b91/build/node_modules/react-native-safe-area-context/android/src/main/java/com/th3rdwave/safeareacontext/SafeAreaViewShadowNode.kt:110:61 'class NativeViewHierarchyOptimizer : Any' is deprecated. Deprecated in Java.
[RUN_GRADLEW] > Task :react-native-community_datetimepicker:mergeReleaseJavaResource
[RUN_GRADLEW] > Task :react-native-community_datetimepicker:syncReleaseLibJars
[RUN_GRADLEW] > Task :react-native-community_datetimepicker:bundleReleaseLocalLintAar
[RUN_GRADLEW] > Task :react-native-async-storage_async-storage:stripReleaseDebugSymbols NO-SOURCE
[RUN_GRADLEW] > Task :react-native-async-storage_async-storage:copyReleaseJniLibsProjectAndLocalJars
[RUN_GRADLEW] > Task :react-native-async-storage_async-storage:extractDeepLinksForAarRelease
[RUN_GRADLEW] > Task :react-native-async-storage_async-storage:extractReleaseAnnotations
[RUN_GRADLEW] > Task :react-native-async-storage_async-storage:mergeReleaseGeneratedProguardFiles
[RUN_GRADLEW] > Task :react-native-async-storage_async-storage:mergeReleaseConsumerProguardFiles
[RUN_GRADLEW] > Task :react-native-async-storage_async-storage:mergeReleaseJavaResource
[RUN_GRADLEW] > Task :react-native-async-storage_async-storage:syncReleaseLibJars
[RUN_GRADLEW] > Task :react-native-async-storage_async-storage:bundleReleaseLocalLintAar
[RUN_GRADLEW] > Task :react-native-get-random-values:stripReleaseDebugSymbols NO-SOURCE
[RUN_GRADLEW] > Task :react-native-get-random-values:copyReleaseJniLibsProjectAndLocalJars
[RUN_GRADLEW] > Task :react-native-get-random-values:extractDeepLinksForAarRelease
[RUN_GRADLEW] > Task :react-native-get-random-values:extractReleaseAnnotations
[RUN_GRADLEW] > Task :react-native-get-random-values:mergeReleaseGeneratedProguardFiles
[RUN_GRADLEW] > Task :react-native-get-random-values:mergeReleaseConsumerProguardFiles
[RUN_GRADLEW] > Task :react-native-safe-area-context:compileReleaseJavaWithJavac
[RUN_GRADLEW] > Task :react-native-get-random-values:mergeReleaseJavaResource
[RUN_GRADLEW] > Task :react-native-safe-area-context:bundleLibCompileToJarRelease
[RUN_GRADLEW] > Task :react-native-safe-area-context:bundleLibRuntimeToJarRelease
[RUN_GRADLEW] > Task :react-native-safe-area-context:bundleLibRuntimeToDirRelease
[RUN_GRADLEW] > Task :app:createBundleReleaseJsAndAssets
[RUN_GRADLEW] warning: Bundler cache is empty, rebuilding (this may take a minute)
[RUN_GRADLEW] > Task :react-native-safe-area-context:processReleaseJavaRes
[RUN_GRADLEW] > Task :react-native-safe-area-context:createFullJarRelease
[RUN_GRADLEW] > Task :react-native-get-random-values:syncReleaseLibJars
[RUN_GRADLEW] > Task :react-native-get-random-values:bundleReleaseLocalLintAar
[RUN_GRADLEW] > Task :react-native-screens:configureCMakeRelWithDebInfo[arm64-v8a]
[RUN_GRADLEW] > Task :react-native-safe-area-context:generateReleaseLintModel
[RUN_GRADLEW] > Task :react-native-safe-area-context:extractReleaseAnnotations
[RUN_GRADLEW] > Task :react-native-safe-area-context:mergeReleaseGeneratedProguardFiles
[RUN_GRADLEW] > Task :react-native-safe-area-context:mergeReleaseConsumerProguardFiles
[RUN_GRADLEW] > Task :react-native-safe-area-context:mergeReleaseJavaResource
[RUN_GRADLEW] > Task :react-native-worklets:configureCMakeRelWithDebInfo[arm64-v8a]
[RUN_GRADLEW] > Task :react-native-safe-area-context:syncReleaseLibJars
[RUN_GRADLEW] > Task :react-native-safe-area-context:bundleReleaseLocalLintAar
[RUN_GRADLEW] > Task :react-native-async-storage_async-storage:writeReleaseLintModelMetadata
[RUN_GRADLEW] > Task :react-native-reanimated:writeReleaseLintModelMetadata
[RUN_GRADLEW] > Task :react-native-gesture-handler:writeReleaseLintModelMetadata
[RUN_GRADLEW] > Task :react-native-community_datetimepicker:writeReleaseLintModelMetadata
[RUN_GRADLEW] > Task :react-native-get-random-values:writeReleaseLintModelMetadata
[RUN_GRADLEW] > Task :react-native-safe-area-context:writeReleaseLintModelMetadata
[RUN_GRADLEW] > Task :react-native-async-storage_async-storage:generateReleaseLintVitalModel
[RUN_GRADLEW] > Task :react-native-community_datetimepicker:generateReleaseLintVitalModel
[RUN_GRADLEW] > Task :react-native-get-random-values:generateReleaseLintVitalModel
[RUN_GRADLEW] > Task :react-native-safe-area-context:generateReleaseLintVitalModel
[RUN_GRADLEW] > Task :react-native-svg:compileReleaseJavaWithJavac
[RUN_GRADLEW] Note: Some input files use or override a deprecated API.
[RUN_GRADLEW] Note: Recompile with -Xlint:deprecation for details.
[RUN_GRADLEW] Note: Some input files use unchecked or unsafe operations.
[RUN_GRADLEW] Note: Recompile with -Xlint:unchecked for details.
[RUN_GRADLEW] > Task :react-native-svg:writeReleaseAarMetadata
[RUN_GRADLEW] > Task :react-native-svg:extractDeepLinksRelease
[RUN_GRADLEW] > Task :react-native-svg:processReleaseManifest
[RUN_GRADLEW] > Task :react-native-svg:compileReleaseLibraryResources
[RUN_GRADLEW] > Task :react-native-svg:prepareReleaseArtProfile
[RUN_GRADLEW] > Task :react-native-svg:mergeReleaseShaders
[RUN_GRADLEW] > Task :react-native-svg:compileReleaseShaders NO-SOURCE
[RUN_GRADLEW] > Task :react-native-svg:generateReleaseAssets UP-TO-DATE
[RUN_GRADLEW] > Task :react-native-svg:mergeReleaseAssets
[RUN_GRADLEW] > Task :react-native-svg:processReleaseJavaRes NO-SOURCE
[RUN_GRADLEW] > Task :react-native-svg:extractProguardFiles
[RUN_GRADLEW] > Task :react-native-svg:bundleLibRuntimeToJarRelease
[RUN_GRADLEW] > Task :react-native-svg:createFullJarRelease
[RUN_GRADLEW] > Task :react-native-svg:bundleLibCompileToJarRelease
[RUN_GRADLEW] > Task :react-native-svg:generateReleaseLintModel
[RUN_GRADLEW] > Task :react-native-svg:prepareLintJarForPublish
[RUN_GRADLEW] > Task :react-native-svg:stripReleaseDebugSymbols NO-SOURCE
[RUN_GRADLEW] > Task :react-native-svg:copyReleaseJniLibsProjectAndLocalJars
[RUN_GRADLEW] > Task :react-native-svg:extractDeepLinksForAarRelease
[RUN_GRADLEW] > Task :react-native-svg:extractReleaseAnnotations
[RUN_GRADLEW] > Task :react-native-svg:mergeReleaseGeneratedProguardFiles
[RUN_GRADLEW] > Task :react-native-svg:mergeReleaseConsumerProguardFiles
[RUN_GRADLEW] > Task :react-native-svg:writeReleaseLintModelMetadata
[RUN_GRADLEW] > Task :react-native-svg:mergeReleaseJavaResource
[RUN_GRADLEW] > Task :react-native-svg:syncReleaseLibJars
[RUN_GRADLEW] > Task :react-native-svg:bundleReleaseLocalLintAar
[RUN_GRADLEW] > Task :react-native-svg:generateReleaseLintVitalModel
[RUN_GRADLEW] > Task :react-native-svg:bundleLibRuntimeToDirRelease
[RUN_GRADLEW] > Task :app:createBundleReleaseJsAndAssets
[RUN_GRADLEW] Android ./App.tsx ░░░░░░░░░░░░░░░░  0.0% (0/1)
[RUN_GRADLEW] > Task :react-native-get-random-values:lintVitalAnalyzeRelease
[RUN_GRADLEW] > Task :app:createBundleReleaseJsAndAssets
[RUN_GRADLEW] Android ./App.tsx ░░░░░░░░░░░░░░░░  1.0% (1/1)
[RUN_GRADLEW] Android ./App.tsx ░░░░░░░░░░░░░░░░  1.0% ( 3/46)
[RUN_GRADLEW] Android ./App.tsx ░░░░░░░░░░░░░░░░  1.0% ( 4/46)
[RUN_GRADLEW] > Task :react-native-safe-area-context:lintVitalAnalyzeRelease
[RUN_GRADLEW] > Task :react-native-async-storage_async-storage:lintVitalAnalyzeRelease
[RUN_GRADLEW] > Task :app:createBundleReleaseJsAndAssets
[RUN_GRADLEW] Android ./App.tsx ░░░░░░░░░░░░░░░░  1.6% (  14/1731)
[RUN_GRADLEW] Android ./App.tsx ░░░░░░░░░░░░░░░░  1.6% (  28/1745)
[RUN_GRADLEW] Android ./App.tsx ░░░░░░░░░░░░░░░░  1.6% ( 102/1843)
[RUN_GRADLEW] > Task :react-native-screens:buildCMakeRelWithDebInfo[arm64-v8a]
[RUN_GRADLEW] > Task :react-native-worklets:buildCMakeRelWithDebInfo[arm64-v8a][worklets]
[RUN_GRADLEW] > Task :react-native-community_datetimepicker:lintVitalAnalyzeRelease
[RUN_GRADLEW] > Task :app:createBundleReleaseJsAndAssets
[RUN_GRADLEW] Android ./App.tsx ░░░░░░░░░░░░░░░░  2.4% ( 302/1938)
[RUN_GRADLEW] Android ./App.tsx ▓▓▓▓░░░░░░░░░░░░ 25.1% ( 970/1938)
[RUN_GRADLEW] > Task :react-native-screens:configureCMakeRelWithDebInfo[armeabi-v7a]
[RUN_GRADLEW] > Task :app:createBundleReleaseJsAndAssets
[RUN_GRADLEW] Android ./App.tsx ▓▓▓▓▓▓▓▓▓▓▓▓░░░░ 79.3% (1734/1947)
[RUN_GRADLEW] > Task :react-native-svg:lintVitalAnalyzeRelease
[RUN_GRADLEW] > Task :app:createBundleReleaseJsAndAssets
[RUN_GRADLEW] Android ./App.tsx ▓▓▓▓▓▓▓▓▓▓▓▓▓░░░ 82.2% (1968/2208)
[RUN_GRADLEW] Android ./App.tsx ▓▓▓▓▓▓▓▓▓▓▓▓▓░░░ 86.8% (2306/2475)
[RUN_GRADLEW] Android ./App.tsx ▓▓▓▓▓▓▓▓▓▓▓▓▓▓▓░ 96.4% (2575/2623)
[RUN_GRADLEW] > Task :react-native-screens:buildCMakeRelWithDebInfo[armeabi-v7a]
[RUN_GRADLEW] > Task :app:createBundleReleaseJsAndAssets
[RUN_GRADLEW] Android Bundled 49295ms App.tsx (2793 modules)
[RUN_GRADLEW] Writing bundle output to: /private/var/folders/ld/v29yyv255ys68svhb644gxf80000gn/T/eas-build-local-nodejs/86c8961c-4ed4-4da1-9a2c-17fe12736b91/build/android/app/build/generated/assets/react/release/index.android.bundle
[RUN_GRADLEW] Writing sourcemap output to: /private/var/folders/ld/v29yyv255ys68svhb644gxf80000gn/T/eas-build-local-nodejs/86c8961c-4ed4-4da1-9a2c-17fe12736b91/build/android/app/build/intermediates/sourcemaps/react/release/index.android.bundle.packager.map
[RUN_GRADLEW] Done writing bundle output
[RUN_GRADLEW] Done writing sourcemap output
[RUN_GRADLEW] > Task :react-native-screens:configureCMakeRelWithDebInfo[x86]
[RUN_GRADLEW] > Task :react-native-worklets:configureCMakeRelWithDebInfo[armeabi-v7a]
[RUN_GRADLEW] > Task :react-native-screens:buildCMakeRelWithDebInfo[x86]
[RUN_GRADLEW] > Task :react-native-screens:configureCMakeRelWithDebInfo[x86_64]
[RUN_GRADLEW] > Task :app:preBuild
[RUN_GRADLEW] > Task :app:preReleaseBuild
[RUN_GRADLEW] > Task :app:mergeReleaseJniLibFolders
[RUN_GRADLEW] > Task :app:generateReleaseBuildConfig
[RUN_GRADLEW] > Task :app:generateReleaseResValues
[RUN_GRADLEW] > Task :app:generateReleaseResources
[RUN_GRADLEW] > Task :app:checkReleaseDuplicateClasses
[RUN_GRADLEW] > Task :app:packageReleaseResources
[RUN_GRADLEW] > Task :app:createReleaseCompatibleScreenManifests
[RUN_GRADLEW] > Task :app:extractDeepLinksRelease
[RUN_GRADLEW] > Task :app:javaPreCompileRelease
[RUN_GRADLEW] > Task :app:parseReleaseLocalResources
[RUN_GRADLEW] > Task :app:desugarReleaseFileDependencies
[RUN_GRADLEW] > Task :app:mergeReleaseStartupProfile
[RUN_GRADLEW] > Task :app:mergeReleaseShaders
[RUN_GRADLEW] > Task :app:compileReleaseShaders NO-SOURCE
[RUN_GRADLEW] > Task :app:generateReleaseAssets UP-TO-DATE
[RUN_GRADLEW] > Task :app:extractReleaseVersionControlInfo
[RUN_GRADLEW] > Task :app:extractProguardFiles
[RUN_GRADLEW] > Task :react-native-screens:buildCMakeRelWithDebInfo[x86_64]
[RUN_GRADLEW] > Task :react-native-screens:mergeReleaseJniLibFolders
[RUN_GRADLEW] > Task :react-native-screens:checkKotlinGradlePluginConfigurationErrors
[RUN_GRADLEW] SKIPPED
[RUN_GRADLEW] > Task :react-native-screens:generateReleaseBuildConfig
[RUN_GRADLEW] > Task :react-native-screens:generateReleaseResValues
[RUN_GRADLEW] > Task :react-native-screens:mergeReleaseNativeLibs
[RUN_GRADLEW] > Task :react-native-screens:generateReleaseResources
[RUN_GRADLEW] > Task :react-native-screens:copyReleaseJniLibsProjectOnly
[RUN_GRADLEW] > Task :react-native-screens:packageReleaseResources
[RUN_GRADLEW] > Task :react-native-screens:javaPreCompileRelease
[RUN_GRADLEW] > Task :react-native-screens:parseReleaseLocalResources
[RUN_GRADLEW] > Task :react-native-screens:writeReleaseAarMetadata
[RUN_GRADLEW] > Task :react-native-screens:extractDeepLinksRelease
[RUN_GRADLEW] > Task :react-native-screens:generateReleaseRFile
[RUN_GRADLEW] > Task :react-native-screens:processReleaseManifest
[RUN_GRADLEW] > Task :react-native-screens:prepareReleaseArtProfile
[RUN_GRADLEW] > Task :react-native-screens:mergeReleaseShaders
[RUN_GRADLEW] > Task :react-native-screens:compileReleaseShaders NO-SOURCE
[RUN_GRADLEW] > Task :react-native-screens:generateReleaseAssets UP-TO-DATE
[RUN_GRADLEW] > Task :react-native-screens:mergeReleaseAssets
[RUN_GRADLEW] > Task :react-native-screens:extractProguardFiles
[RUN_GRADLEW] > Task :react-native-screens:prepareLintJarForPublish
[RUN_GRADLEW] > Task :react-native-screens:extractDeepLinksForAarRelease
[RUN_GRADLEW] > Task :react-native-screens:writeReleaseLintModelMetadata
[RUN_GRADLEW] > Task :react-native-screens:compileReleaseLibraryResources
[RUN_GRADLEW] > Task :react-native-screens:stripReleaseDebugSymbols
[RUN_GRADLEW] > Task :react-native-screens:copyReleaseJniLibsProjectAndLocalJars
[RUN_GRADLEW] > Task :app:collectReleaseDependencies
[RUN_GRADLEW] > Task :app:sdkReleaseDependencyData
[RUN_GRADLEW] > Task :app:validateSigningRelease
[RUN_GRADLEW] > Task :app:writeReleaseAppMetadata
[RUN_GRADLEW] > Task :app:writeReleaseSigningConfigVersions
[RUN_GRADLEW] > Task :react-native-worklets:buildCMakeRelWithDebInfo[armeabi-v7a][worklets]
[RUN_GRADLEW] > Task :react-native-worklets:configureCMakeRelWithDebInfo[x86]
[RUN_GRADLEW] > Task :app:mergeExtDexRelease
[RUN_GRADLEW] > Task :react-native-screens:compileReleaseKotlin
[RUN_GRADLEW] w: file:///private/var/folders/ld/v29yyv255ys68svhb644gxf80000gn/T/eas-build-local-nodejs/86c8961c-4ed4-4da1-9a2c-17fe12736b91/build/node_modules/react-native-screens/android/src/main/java/com/swmansion/rnscreens/RNScreensPackage.kt:62:9 The corresponding parameter in the supertype 'BaseReactPackage' is named 'name'. This may cause problems when calling this function with named arguments.
[RUN_GRADLEW] w: file:///private/var/folders/ld/v29yyv255ys68svhb644gxf80000gn/T/eas-build-local-nodejs/86c8961c-4ed4-4da1-9a2c-17fe12736b91/build/node_modules/react-native-screens/android/src/main/java/com/swmansion/rnscreens/RNScreensPackage.kt:63:9 The corresponding parameter in the supertype 'BaseReactPackage' is named 'reactContext'. This may cause problems when calling this function with named arguments.
[RUN_GRADLEW] w: file:///private/var/folders/ld/v29yyv255ys68svhb644gxf80000gn/T/eas-build-local-nodejs/86c8961c-4ed4-4da1-9a2c-17fe12736b91/build/node_modules/react-native-screens/android/src/main/java/com/swmansion/rnscreens/RNScreensPackage.kt:76:17 'constructor(name: String, className: String, canOverrideExistingModule: Boolean, needsEagerInit: Boolean, hasConstants: Boolean, isCxxModule: Boolean, isTurboModule: Boolean): ReactModuleInfo' is deprecated. This constructor is deprecated and will be removed in the future. Use ReactModuleInfo(String, String, boolean, boolean, boolean, boolean)].
[RUN_GRADLEW] w: file:///private/var/folders/ld/v29yyv255ys68svhb644gxf80000gn/T/eas-build-local-nodejs/86c8961c-4ed4-4da1-9a2c-17fe12736b91/build/node_modules/react-native-screens/android/src/main/java/com/swmansion/rnscreens/Screen.kt:24:8 'class UIManagerModule : ReactContextBaseJavaModule, OnBatchCompleteListener, LifecycleEventListener, UIManager' is deprecated. Deprecated in Java.
[RUN_GRADLEW] w: file:///private/var/folders/ld/v29yyv255ys68svhb644gxf80000gn/T/eas-build-local-nodejs/86c8961c-4ed4-4da1-9a2c-17fe12736b91/build/node_modules/react-native-screens/android/src/main/java/com/swmansion/rnscreens/Screen.kt:54:77 Unchecked cast of '(CoordinatorLayout.Behavior<View!>?..CoordinatorLayout.Behavior<*>?)' to 'BottomSheetBehavior<Screen>'.
[RUN_GRADLEW] w: file:///private/var/folders/ld/v29yyv255ys68svhb644gxf80000gn/T/eas-build-local-nodejs/86c8961c-4ed4-4da1-9a2c-17fe12736b91/build/node_modules/react-native-screens/android/src/main/java/com/swmansion/rnscreens/Screen.kt:426:42 'class UIManagerModule : ReactContextBaseJavaModule, OnBatchCompleteListener, LifecycleEventListener, UIManager' is deprecated. Deprecated in Java.
[RUN_GRADLEW] w: file:///private/var/folders/ld/v29yyv255ys68svhb644gxf80000gn/T/eas-build-local-nodejs/86c8961c-4ed4-4da1-9a2c-17fe12736b91/build/node_modules/react-native-screens/android/src/main/java/com/swmansion/rnscreens/ScreenContainerViewManager.kt:6:8 'class LayoutShadowNode : ReactShadowNodeImpl' is deprecated. Deprecated in Java.
[RUN_GRADLEW] w: file:///private/var/folders/ld/v29yyv255ys68svhb644gxf80000gn/T/eas-build-local-nodejs/86c8961c-4ed4-4da1-9a2c-17fe12736b91/build/node_modules/react-native-screens/android/src/main/java/com/swmansion/rnscreens/ScreenContainerViewManager.kt:56:78 'class LayoutShadowNode : ReactShadowNodeImpl' is deprecated. Deprecated in Java.
[RUN_GRADLEW] w: file:///private/var/folders/ld/v29yyv255ys68svhb644gxf80000gn/T/eas-build-local-nodejs/86c8961c-4ed4-4da1-9a2c-17fe12736b91/build/node_modules/react-native-screens/android/src/main/java/com/swmansion/rnscreens/ScreenStackFragment.kt:222:31 'var targetElevation: Float' is deprecated. Deprecated in Java.
[RUN_GRADLEW] w: file:///private/var/folders/ld/v29yyv255ys68svhb644gxf80000gn/T/eas-build-local-nodejs/86c8961c-4ed4-4da1-9a2c-17fe12736b91/build/node_modules/react-native-screens/android/src/main/java/com/swmansion/rnscreens/ScreenStackFragment.kt:225:13 'fun setHasOptionsMenu(p0: Boolean): Unit' is deprecated. Deprecated in Java.
[RUN_GRADLEW] w: file:///private/var/folders/ld/v29yyv255ys68svhb644gxf80000gn/T/eas-build-local-nodejs/86c8961c-4ed4-4da1-9a2c-17fe12736b91/build/node_modules/react-native-screens/android/src/main/java/com/swmansion/rnscreens/ScreenStackFragment.kt:404:18 This declaration overrides a deprecated member but is not marked as deprecated itself. Add the '@Deprecated' annotation or suppress the diagnostic.
[RUN_GRADLEW] w: file:///private/var/folders/ld/v29yyv255ys68svhb644gxf80000gn/T/eas-build-local-nodejs/86c8961c-4ed4-4da1-9a2c-17fe12736b91/build/node_modules/react-native-screens/android/src/main/java/com/swmansion/rnscreens/ScreenStackFragment.kt:411:22 'fun onPrepareOptionsMenu(p0: Menu): Unit' is deprecated. Deprecated in Java.
[RUN_GRADLEW] w: file:///private/var/folders/ld/v29yyv255ys68svhb644gxf80000gn/T/eas-build-local-nodejs/86c8961c-4ed4-4da1-9a2c-17fe12736b91/build/node_modules/react-native-screens/android/src/main/java/com/swmansion/rnscreens/ScreenStackFragment.kt:414:18 This declaration overrides a deprecated member but is not marked as deprecated itself. Add the '@Deprecated' annotation or suppress the diagnostic.
[RUN_GRADLEW] w: file:///private/var/folders/ld/v29yyv255ys68svhb644gxf80000gn/T/eas-build-local-nodejs/86c8961c-4ed4-4da1-9a2c-17fe12736b91/build/node_modules/react-native-screens/android/src/main/java/com/swmansion/rnscreens/ScreenStackFragment.kt:419:22 'fun onCreateOptionsMenu(p0: Menu, p1: MenuInflater): Unit' is deprecated. Deprecated in Java.
[RUN_GRADLEW] w: file:///private/var/folders/ld/v29yyv255ys68svhb644gxf80000gn/T/eas-build-local-nodejs/86c8961c-4ed4-4da1-9a2c-17fe12736b91/build/node_modules/react-native-screens/android/src/main/java/com/swmansion/rnscreens/ScreenStackHeaderConfig.kt:441:22 'val reactNativeHost: ReactNativeHost' is deprecated. You should not use ReactNativeHost directly in the New Architecture. Use ReactHost instead.
[RUN_GRADLEW] w: file:///private/var/folders/ld/v29yyv255ys68svhb644gxf80000gn/T/eas-build-local-nodejs/86c8961c-4ed4-4da1-9a2c-17fe12736b91/build/node_modules/react-native-screens/android/src/main/java/com/swmansion/rnscreens/ScreenStackHeaderConfigShadowNode.kt:4:8 'class LayoutShadowNode : ReactShadowNodeImpl' is deprecated. Deprecated in Java.
[RUN_GRADLEW] w: file:///private/var/folders/ld/v29yyv255ys68svhb644gxf80000gn/T/eas-build-local-nodejs/86c8961c-4ed4-4da1-9a2c-17fe12736b91/build/node_modules/react-native-screens/android/src/main/java/com/swmansion/rnscreens/ScreenStackHeaderConfigShadowNode.kt:10:5 'class LayoutShadowNode : ReactShadowNodeImpl' is deprecated. Deprecated in Java.
[RUN_GRADLEW] w: file:///private/var/folders/ld/v29yyv255ys68svhb644gxf80000gn/T/eas-build-local-nodejs/86c8961c-4ed4-4da1-9a2c-17fe12736b91/build/node_modules/react-native-screens/android/src/main/java/com/swmansion/rnscreens/ScreenStackHeaderConfigViewManager.kt:9:8 'class LayoutShadowNode : ReactShadowNodeImpl' is deprecated. Deprecated in Java.
[RUN_GRADLEW] w: file:///private/var/folders/ld/v29yyv255ys68svhb644gxf80000gn/T/eas-build-local-nodejs/86c8961c-4ed4-4da1-9a2c-17fe12736b91/build/node_modules/react-native-screens/android/src/main/java/com/swmansion/rnscreens/ScreenStackHeaderConfigViewManager.kt:37:78 'class LayoutShadowNode : ReactShadowNodeImpl' is deprecated. Deprecated in Java.
[RUN_GRADLEW] w: file:///private/var/folders/ld/v29yyv255ys68svhb644gxf80000gn/T/eas-build-local-nodejs/86c8961c-4ed4-4da1-9a2c-17fe12736b91/build/node_modules/react-native-screens/android/src/main/java/com/swmansion/rnscreens/ScreenStackViewManager.kt:6:8 'class LayoutShadowNode : ReactShadowNodeImpl' is deprecated. Deprecated in Java.
[RUN_GRADLEW] w: file:///private/var/folders/ld/v29yyv255ys68svhb644gxf80000gn/T/eas-build-local-nodejs/86c8961c-4ed4-4da1-9a2c-17fe12736b91/build/node_modules/react-native-screens/android/src/main/java/com/swmansion/rnscreens/ScreenStackViewManager.kt:65:78 'class LayoutShadowNode : ReactShadowNodeImpl' is deprecated. Deprecated in Java.
[RUN_GRADLEW] w: file:///private/var/folders/ld/v29yyv255ys68svhb644gxf80000gn/T/eas-build-local-nodejs/86c8961c-4ed4-4da1-9a2c-17fe12736b91/build/node_modules/react-native-screens/android/src/main/java/com/swmansion/rnscreens/ScreenWindowTraits.kt:48:42 'fun replaceSystemWindowInsets(p0: Int, p1: Int, p2: Int, p3: Int): WindowInsetsCompat' is deprecated. Deprecated in Java.
[RUN_GRADLEW] w: file:///private/var/folders/ld/v29yyv255ys68svhb644gxf80000gn/T/eas-build-local-nodejs/86c8961c-4ed4-4da1-9a2c-17fe12736b91/build/node_modules/react-native-screens/android/src/main/java/com/swmansion/rnscreens/ScreenWindowTraits.kt:49:39 'val systemWindowInsetLeft: Int' is deprecated. Deprecated in Java.
[RUN_GRADLEW] w: file:///private/var/folders/ld/v29yyv255ys68svhb644gxf80000gn/T/eas-build-local-nodejs/86c8961c-4ed4-4da1-9a2c-17fe12736b91/build/node_modules/react-native-screens/android/src/main/java/com/swmansion/rnscreens/ScreenWindowTraits.kt:51:39 'val systemWindowInsetRight: Int' is deprecated. Deprecated in Java.
[RUN_GRADLEW] w: file:///private/var/folders/ld/v29yyv255ys68svhb644gxf80000gn/T/eas-build-local-nodejs/86c8961c-4ed4-4da1-9a2c-17fe12736b91/build/node_modules/react-native-screens/android/src/main/java/com/swmansion/rnscreens/ScreenWindowTraits.kt:52:39 'val systemWindowInsetBottom: Int' is deprecated. Deprecated in Java.
[RUN_GRADLEW] w: file:///private/var/folders/ld/v29yyv255ys68svhb644gxf80000gn/T/eas-build-local-nodejs/86c8961c-4ed4-4da1-9a2c-17fe12736b91/build/node_modules/react-native-screens/android/src/main/java/com/swmansion/rnscreens/ScreensShadowNode.kt:4:8 'class LayoutShadowNode : ReactShadowNodeImpl' is deprecated. Deprecated in Java.
[RUN_GRADLEW] w: file:///private/var/folders/ld/v29yyv255ys68svhb644gxf80000gn/T/eas-build-local-nodejs/86c8961c-4ed4-4da1-9a2c-17fe12736b91/build/node_modules/react-native-screens/android/src/main/java/com/swmansion/rnscreens/ScreensShadowNode.kt:5:8 'class NativeViewHierarchyManager : Any' is deprecated. Deprecated in Java.
[RUN_GRADLEW] w: file:///private/var/folders/ld/v29yyv255ys68svhb644gxf80000gn/T/eas-build-local-nodejs/86c8961c-4ed4-4da1-9a2c-17fe12736b91/build/node_modules/react-native-screens/android/src/main/java/com/swmansion/rnscreens/ScreensShadowNode.kt:6:8 'class NativeViewHierarchyOptimizer : Any' is deprecated. Deprecated in Java.
[RUN_GRADLEW] w: file:///private/var/folders/ld/v29yyv255ys68svhb644gxf80000gn/T/eas-build-local-nodejs/86c8961c-4ed4-4da1-9a2c-17fe12736b91/build/node_modules/react-native-screens/android/src/main/java/com/swmansion/rnscreens/ScreensShadowNode.kt:7:8 'class UIManagerModule : ReactContextBaseJavaModule, OnBatchCompleteListener, LifecycleEventListener, UIManager' is deprecated. Deprecated in Java.
[RUN_GRADLEW] w: file:///private/var/folders/ld/v29yyv255ys68svhb644gxf80000gn/T/eas-build-local-nodejs/86c8961c-4ed4-4da1-9a2c-17fe12736b91/build/node_modules/react-native-screens/android/src/main/java/com/swmansion/rnscreens/ScreensShadowNode.kt:11:5 'class LayoutShadowNode : ReactShadowNodeImpl' is deprecated. Deprecated in Java.
[RUN_GRADLEW] w: file:///private/var/folders/ld/v29yyv255ys68svhb644gxf80000gn/T/eas-build-local-nodejs/86c8961c-4ed4-4da1-9a2c-17fe12736b91/build/node_modules/react-native-screens/android/src/main/java/com/swmansion/rnscreens/ScreensShadowNode.kt:12:63 'class NativeViewHierarchyOptimizer : Any' is deprecated. Deprecated in Java.
[RUN_GRADLEW] w: file:///private/var/folders/ld/v29yyv255ys68svhb644gxf80000gn/T/eas-build-local-nodejs/86c8961c-4ed4-4da1-9a2c-17fe12736b91/build/node_modules/react-native-screens/android/src/main/java/com/swmansion/rnscreens/ScreensShadowNode.kt:14:34 'class UIManagerModule : ReactContextBaseJavaModule, OnBatchCompleteListener, LifecycleEventListener, UIManager' is deprecated. Deprecated in Java.
[RUN_GRADLEW] w: file:///private/var/folders/ld/v29yyv255ys68svhb644gxf80000gn/T/eas-build-local-nodejs/86c8961c-4ed4-4da1-9a2c-17fe12736b91/build/node_modules/react-native-screens/android/src/main/java/com/swmansion/rnscreens/ScreensShadowNode.kt:14:106 'class NativeViewHierarchyManager : Any' is deprecated. Deprecated in Java.
[RUN_GRADLEW] w: file:///private/var/folders/ld/v29yyv255ys68svhb644gxf80000gn/T/eas-build-local-nodejs/86c8961c-4ed4-4da1-9a2c-17fe12736b91/build/node_modules/react-native-screens/android/src/main/java/com/swmansion/rnscreens/bottomsheet/BottomSheetDialogRootView.kt:7:8 'object ReactFeatureFlags : Any' is deprecated. Use com.facebook.react.internal.featureflags.ReactNativeFeatureFlags instead.
[RUN_GRADLEW] w: file:///private/var/folders/ld/v29yyv255ys68svhb644gxf80000gn/T/eas-build-local-nodejs/86c8961c-4ed4-4da1-9a2c-17fe12736b91/build/node_modules/react-native-screens/android/src/main/java/com/swmansion/rnscreens/bottomsheet/BottomSheetDialogRootView.kt:25:13 'object ReactFeatureFlags : Any' is deprecated. Use com.facebook.react.internal.featureflags.ReactNativeFeatureFlags instead.
[RUN_GRADLEW] w: file:///private/var/folders/ld/v29yyv255ys68svhb644gxf80000gn/T/eas-build-local-nodejs/86c8961c-4ed4-4da1-9a2c-17fe12736b91/build/node_modules/react-native-screens/android/src/main/java/com/swmansion/rnscreens/bottomsheet/BottomSheetDialogRootView.kt:32:9 The corresponding parameter in the supertype 'ReactViewGroup' is named 'left'. This may cause problems when calling this function with named arguments.
[RUN_GRADLEW] w: file:///private/var/folders/ld/v29yyv255ys68svhb644gxf80000gn/T/eas-build-local-nodejs/86c8961c-4ed4-4da1-9a2c-17fe12736b91/build/node_modules/react-native-screens/android/src/main/java/com/swmansion/rnscreens/bottomsheet/BottomSheetDialogRootView.kt:33:9 The corresponding parameter in the supertype 'ReactViewGroup' is named 'top'. This may cause problems when calling this function with named arguments.
[RUN_GRADLEW] w: file:///private/var/folders/ld/v29yyv255ys68svhb644gxf80000gn/T/eas-build-local-nodejs/86c8961c-4ed4-4da1-9a2c-17fe12736b91/build/node_modules/react-native-screens/android/src/main/java/com/swmansion/rnscreens/bottomsheet/BottomSheetDialogRootView.kt:34:9 The corresponding parameter in the supertype 'ReactViewGroup' is named 'right'. This may cause problems when calling this function with named arguments.
[RUN_GRADLEW] w: file:///private/var/folders/ld/v29yyv255ys68svhb644gxf80000gn/T/eas-build-local-nodejs/86c8961c-4ed4-4da1-9a2c-17fe12736b91/build/node_modules/react-native-screens/android/src/main/java/com/swmansion/rnscreens/bottomsheet/BottomSheetDialogRootView.kt:35:9 The corresponding parameter in the supertype 'ReactViewGroup' is named 'bottom'. This may cause problems when calling this function with named arguments.
[RUN_GRADLEW] w: file:///private/var/folders/ld/v29yyv255ys68svhb644gxf80000gn/T/eas-build-local-nodejs/86c8961c-4ed4-4da1-9a2c-17fe12736b91/build/node_modules/react-native-screens/android/src/main/java/com/swmansion/rnscreens/bottomsheet/BottomSheetDialogRootView.kt:71:9 The corresponding parameter in the supertype 'RootView' is named 'childView'. This may cause problems when calling this function with named arguments.
[RUN_GRADLEW] w: file:///private/var/folders/ld/v29yyv255ys68svhb644gxf80000gn/T/eas-build-local-nodejs/86c8961c-4ed4-4da1-9a2c-17fe12736b91/build/node_modules/react-native-screens/android/src/main/java/com/swmansion/rnscreens/bottomsheet/BottomSheetDialogRootView.kt:72:9 The corresponding parameter in the supertype 'RootView' is named 'ev'. This may cause problems when calling this function with named arguments.
[RUN_GRADLEW] w: file:///private/var/folders/ld/v29yyv255ys68svhb644gxf80000gn/T/eas-build-local-nodejs/86c8961c-4ed4-4da1-9a2c-17fe12736b91/build/node_modules/react-native-screens/android/src/main/java/com/swmansion/rnscreens/bottomsheet/BottomSheetDialogRootView.kt:79:46 The corresponding parameter in the supertype 'RootView' is named 'ev'. This may cause problems when calling this function with named arguments.
[RUN_GRADLEW] w: file:///private/var/folders/ld/v29yyv255ys68svhb644gxf80000gn/T/eas-build-local-nodejs/86c8961c-4ed4-4da1-9a2c-17fe12736b91/build/node_modules/react-native-screens/android/src/main/java/com/swmansion/rnscreens/bottomsheet/BottomSheetDialogRootView.kt:83:9 The corresponding parameter in the supertype 'RootView' is named 'childView'. This may cause problems when calling this function with named arguments.
[RUN_GRADLEW] w: file:///private/var/folders/ld/v29yyv255ys68svhb644gxf80000gn/T/eas-build-local-nodejs/86c8961c-4ed4-4da1-9a2c-17fe12736b91/build/node_modules/react-native-screens/android/src/main/java/com/swmansion/rnscreens/bottomsheet/BottomSheetDialogRootView.kt:84:9 The corresponding parameter in the supertype 'RootView' is named 'ev'. This may cause problems when calling this function with named arguments.
[RUN_GRADLEW] w: file:///private/var/folders/ld/v29yyv255ys68svhb644gxf80000gn/T/eas-build-local-nodejs/86c8961c-4ed4-4da1-9a2c-17fe12736b91/build/node_modules/react-native-screens/android/src/main/java/com/swmansion/rnscreens/bottomsheet/BottomSheetDialogRootView.kt:95:34 The corresponding parameter in the supertype 'RootView' is named 't'. This may cause problems when calling this function with named arguments.
[RUN_GRADLEW] w: file:///private/var/folders/ld/v29yyv255ys68svhb644gxf80000gn/T/eas-build-local-nodejs/86c8961c-4ed4-4da1-9a2c-17fe12736b91/build/node_modules/react-native-screens/android/src/main/java/com/swmansion/rnscreens/bottomsheet/DimmingView.kt:63:9 The corresponding parameter in the supertype 'ReactCompoundView' is named 'touchX'. This may cause problems when calling this function with named arguments.
[RUN_GRADLEW] w: file:///private/var/folders/ld/v29yyv255ys68svhb644gxf80000gn/T/eas-build-local-nodejs/86c8961c-4ed4-4da1-9a2c-17fe12736b91/build/node_modules/react-native-screens/android/src/main/java/com/swmansion/rnscreens/bottomsheet/DimmingView.kt:64:9 The corresponding parameter in the supertype 'ReactCompoundView' is named 'touchY'. This may cause problems when calling this function with named arguments.
[RUN_GRADLEW] w: file:///private/var/folders/ld/v29yyv255ys68svhb644gxf80000gn/T/eas-build-local-nodejs/86c8961c-4ed4-4da1-9a2c-17fe12736b91/build/node_modules/react-native-screens/android/src/main/java/com/swmansion/rnscreens/bottomsheet/DimmingView.kt:68:9 The corresponding parameter in the supertype 'ReactCompoundViewGroup' is named 'touchX'. This may cause problems when calling this function with named arguments.
[RUN_GRADLEW] w: file:///private/var/folders/ld/v29yyv255ys68svhb644gxf80000gn/T/eas-build-local-nodejs/86c8961c-4ed4-4da1-9a2c-17fe12736b91/build/node_modules/react-native-screens/android/src/main/java/com/swmansion/rnscreens/bottomsheet/DimmingView.kt:69:9 The corresponding parameter in the supertype 'ReactCompoundViewGroup' is named 'touchY'. This may cause problems when calling this function with named arguments.
[RUN_GRADLEW] w: file:///private/var/folders/ld/v29yyv255ys68svhb644gxf80000gn/T/eas-build-local-nodejs/86c8961c-4ed4-4da1-9a2c-17fe12736b91/build/node_modules/react-native-screens/android/src/main/java/com/swmansion/rnscreens/gamma/tabs/TabsHostViewManager.kt:37:9 The corresponding parameter in the supertype 'TabsHostViewManager' is named 'view'. This may cause problems when calling this function with named arguments.
[RUN_GRADLEW] w: file:///private/var/folders/ld/v29yyv255ys68svhb644gxf80000gn/T/eas-build-local-nodejs/86c8961c-4ed4-4da1-9a2c-17fe12736b91/build/node_modules/react-native-screens/android/src/main/java/com/swmansion/rnscreens/safearea/SafeAreaView.kt:19:8 'class UIManagerModule : ReactContextBaseJavaModule, OnBatchCompleteListener, LifecycleEventListener, UIManager' is deprecated. Deprecated in Java.
[RUN_GRADLEW] w: file:///private/var/folders/ld/v29yyv255ys68svhb644gxf80000gn/T/eas-build-local-nodejs/86c8961c-4ed4-4da1-9a2c-17fe12736b91/build/node_modules/react-native-screens/android/src/main/java/com/swmansion/rnscreens/safearea/SafeAreaView.kt:153:45 'fun consumeDisplayCutout(): WindowInsetsCompat' is deprecated. Deprecated in Java.
[RUN_GRADLEW] w: file:///private/var/folders/ld/v29yyv255ys68svhb644gxf80000gn/T/eas-build-local-nodejs/86c8961c-4ed4-4da1-9a2c-17fe12736b91/build/node_modules/react-native-screens/android/src/main/java/com/swmansion/rnscreens/safearea/SafeAreaView.kt:194:58 'class UIManagerModule : ReactContextBaseJavaModule, OnBatchCompleteListener, LifecycleEventListener, UIManager' is deprecated. Deprecated in Java.
[RUN_GRADLEW] w: file:///private/var/folders/ld/v29yyv255ys68svhb644gxf80000gn/T/eas-build-local-nodejs/86c8961c-4ed4-4da1-9a2c-17fe12736b91/build/node_modules/react-native-screens/android/src/main/java/com/swmansion/rnscreens/safearea/SafeAreaView.kt:201:31 'val uiImplementation: UIImplementation!' is deprecated. Deprecated in Java.
[RUN_GRADLEW] w: file:///private/var/folders/ld/v29yyv255ys68svhb644gxf80000gn/T/eas-build-local-nodejs/86c8961c-4ed4-4da1-9a2c-17fe12736b91/build/node_modules/react-native-screens/android/src/main/java/com/swmansion/rnscreens/safearea/paper/SafeAreaViewShadowNode.kt:7:8 'class LayoutShadowNode : ReactShadowNodeImpl' is deprecated. Deprecated in Java.
[RUN_GRADLEW] w: file:///private/var/folders/ld/v29yyv255ys68svhb644gxf80000gn/T/eas-build-local-nodejs/86c8961c-4ed4-4da1-9a2c-17fe12736b91/build/node_modules/react-native-screens/android/src/main/java/com/swmansion/rnscreens/safearea/paper/SafeAreaViewShadowNode.kt:8:8 'class NativeViewHierarchyOptimizer : Any' is deprecated. Deprecated in Java.
[RUN_GRADLEW] w: file:///private/var/folders/ld/v29yyv255ys68svhb644gxf80000gn/T/eas-build-local-nodejs/86c8961c-4ed4-4da1-9a2c-17fe12736b91/build/node_modules/react-native-screens/android/src/main/java/com/swmansion/rnscreens/safearea/paper/SafeAreaViewShadowNode.kt:14:32 'class LayoutShadowNode : ReactShadowNodeImpl' is deprecated. Deprecated in Java.
[RUN_GRADLEW] w: file:///private/var/folders/ld/v29yyv255ys68svhb644gxf80000gn/T/eas-build-local-nodejs/86c8961c-4ed4-4da1-9a2c-17fe12736b91/build/node_modules/react-native-screens/android/src/main/java/com/swmansion/rnscreens/safearea/paper/SafeAreaViewShadowNode.kt:83:63 'class NativeViewHierarchyOptimizer : Any' is deprecated. Deprecated in Java.
[RUN_GRADLEW] > Task :react-native-screens:compileReleaseJavaWithJavac
[RUN_GRADLEW] > Task :react-native-screens:processReleaseJavaRes
[RUN_GRADLEW] > Task :react-native-screens:bundleLibRuntimeToJarRelease
[RUN_GRADLEW] > Task :react-native-screens:bundleLibCompileToJarRelease
[RUN_GRADLEW] > Task :react-native-screens:generateReleaseLintModel
[RUN_GRADLEW] > Task :react-native-screens:createFullJarRelease
[RUN_GRADLEW] > Task :react-native-screens:extractReleaseAnnotations
[RUN_GRADLEW] > Task :react-native-screens:mergeReleaseGeneratedProguardFiles
[RUN_GRADLEW] > Task :react-native-screens:mergeReleaseConsumerProguardFiles
[RUN_GRADLEW] > Task :react-native-screens:mergeReleaseJavaResource
[RUN_GRADLEW] > Task :react-native-screens:syncReleaseLibJars
[RUN_GRADLEW] > Task :react-native-screens:bundleReleaseLocalLintAar
[RUN_GRADLEW] > Task :react-native-screens:generateReleaseLintVitalModel
[RUN_GRADLEW] > Task :react-native-screens:bundleLibRuntimeToDirRelease
[RUN_GRADLEW] > Task :react-native-worklets:buildCMakeRelWithDebInfo[x86][worklets]
[RUN_GRADLEW] > Task :react-native-screens:lintVitalAnalyzeRelease
[RUN_GRADLEW] > Task :react-native-worklets:configureCMakeRelWithDebInfo[x86_64]
[RUN_GRADLEW] > Task :react-native-worklets:buildCMakeRelWithDebInfo[x86_64][worklets]
[RUN_GRADLEW] > Task :react-native-worklets:externalNativeBuildRelease
[RUN_GRADLEW] > Task :react-native-worklets:generateJsonModelRelease
[RUN_GRADLEW] > Task :react-native-worklets:prefabReleaseConfigurePackage
[RUN_GRADLEW] > Task :react-native-worklets:prefabReleasePackage
[RUN_GRADLEW] > Task :react-native-worklets:mergeReleaseJniLibFolders
[RUN_GRADLEW] > Task :react-native-worklets:generateReleaseBuildConfig
[RUN_GRADLEW] > Task :react-native-worklets:generateReleaseResValues
[RUN_GRADLEW] > Task :react-native-worklets:generateReleaseResources
[RUN_GRADLEW] > Task :react-native-worklets:packageReleaseResources
[RUN_GRADLEW] > Task :react-native-worklets:javaPreCompileRelease
[RUN_GRADLEW] > Task :react-native-worklets:writeReleaseAarMetadata
[RUN_GRADLEW] > Task :react-native-worklets:extractDeepLinksRelease
[RUN_GRADLEW] > Task :react-native-worklets:parseReleaseLocalResources
[RUN_GRADLEW] > Task :app:mapReleaseSourceSetPaths
[RUN_GRADLEW] > Task :react-native-worklets:generateReleaseRFile
[RUN_GRADLEW] > Task :react-native-worklets:processReleaseManifest
[RUN_GRADLEW] > Task :app:checkReleaseAarMetadata
[RUN_GRADLEW] > Task :react-native-worklets:mergeReleaseNativeLibs
[RUN_GRADLEW] > Task :react-native-worklets:compileReleaseJavaWithJavac
[RUN_GRADLEW] Note: /private/var/folders/ld/v29yyv255ys68svhb644gxf80000gn/T/eas-build-local-nodejs/86c8961c-4ed4-4da1-9a2c-17fe12736b91/build/node_modules/react-native-worklets/android/src/main/java/com/swmansion/worklets/WorkletsMessageQueueThreadBase.java uses or overrides a deprecated API.
[RUN_GRADLEW] Note: Recompile with -Xlint:deprecation for details.
[RUN_GRADLEW] Note: /private/var/folders/ld/v29yyv255ys68svhb644gxf80000gn/T/eas-build-local-nodejs/86c8961c-4ed4-4da1-9a2c-17fe12736b91/build/node_modules/react-native-worklets/android/src/main/java/com/swmansion/worklets/WorkletsPackage.java uses unchecked or unsafe operations.
[RUN_GRADLEW] Note: Recompile with -Xlint:unchecked for details.
[RUN_GRADLEW] > Task :react-native-worklets:bundleLibCompileToJarRelease
[RUN_GRADLEW] > Task :react-native-worklets:compileReleaseLibraryResources
[RUN_GRADLEW] > Task :react-native-worklets:prepareReleaseArtProfile
[RUN_GRADLEW] > Task :react-native-worklets:bundleLibRuntimeToDirRelease
[RUN_GRADLEW] > Task :react-native-worklets:bundleLibRuntimeToJarRelease
[RUN_GRADLEW] > Task :react-native-worklets:mergeReleaseShaders
[RUN_GRADLEW] > Task :react-native-worklets:compileReleaseShaders NO-SOURCE
[RUN_GRADLEW] > Task :react-native-worklets:generateReleaseAssets
[RUN_GRADLEW] UP-TO-DATE
[RUN_GRADLEW] > Task :react-native-worklets:mergeReleaseAssets
[RUN_GRADLEW] > Task :react-native-worklets:copyReleaseJniLibsProjectOnly
[RUN_GRADLEW] > Task :react-native-worklets:processReleaseJavaRes NO-SOURCE
[RUN_GRADLEW] > Task :react-native-worklets:createFullJarRelease
[RUN_GRADLEW] > Task :react-native-worklets:extractProguardFiles
[RUN_GRADLEW] > Task :react-native-worklets:generateReleaseLintModel
[RUN_GRADLEW] > Task :react-native-worklets:prepareLintJarForPublish
[RUN_GRADLEW] > Task :react-native-worklets:extractDeepLinksForAarRelease
[RUN_GRADLEW] > Task :react-native-worklets:extractReleaseAnnotations
[RUN_GRADLEW] > Task :react-native-worklets:mergeReleaseGeneratedProguardFiles
[RUN_GRADLEW] > Task :react-native-worklets:mergeReleaseConsumerProguardFiles
[RUN_GRADLEW] > Task :react-native-worklets:writeReleaseLintModelMetadata
[RUN_GRADLEW] > Task :react-native-worklets:mergeReleaseJavaResource
[RUN_GRADLEW] > Task :react-native-worklets:syncReleaseLibJars
[RUN_GRADLEW] > Task :react-native-worklets:generateReleaseLintVitalModel
[RUN_GRADLEW] > Task :react-native-worklets:stripReleaseDebugSymbols
[RUN_GRADLEW] > Task :react-native-worklets:copyReleaseJniLibsProjectAndLocalJars
[RUN_GRADLEW] > Task :react-native-worklets:bundleReleaseLocalLintAar
[RUN_GRADLEW] > Task :expo-modules-core:configureCMakeRelWithDebInfo[arm64-v8a]
[RUN_GRADLEW] > Task :react-native-reanimated:configureCMakeRelWithDebInfo[arm64-v8a]
[RUN_GRADLEW] > Task :react-native-reanimated:configureCMakeRelWithDebInfo[armeabi-v7a]
[RUN_GRADLEW] > Task :react-native-worklets:lintVitalAnalyzeRelease
[RUN_GRADLEW] > Task :app:processReleaseMainManifest
[RUN_GRADLEW] /private/var/folders/ld/v29yyv255ys68svhb644gxf80000gn/T/eas-build-local-nodejs/86c8961c-4ed4-4da1-9a2c-17fe12736b91/build/android/app/src/main/AndroidManifest.xml Warning:
[RUN_GRADLEW] 	provider#expo.modules.filesystem.FileSystemFileProvider@android:authorities was tagged at AndroidManifest.xml:0 to replace other declarations but no other declaration present
[RUN_GRADLEW] /private/var/folders/ld/v29yyv255ys68svhb644gxf80000gn/T/eas-build-local-nodejs/86c8961c-4ed4-4da1-9a2c-17fe12736b91/build/android/app/src/main/AndroidManifest.xml Warning:
[RUN_GRADLEW] 	activity#expo.modules.imagepicker.ExpoCropImageActivity@android:exported was tagged at AndroidManifest.xml:0 to replace other declarations but no other declaration present
[RUN_GRADLEW] > Task :app:expoReleaseOverrideMaxSdkConflicts
[RUN_GRADLEW] [33m---------- Expo Max Sdk Override Plugin ----------[0m
[RUN_GRADLEW] [32m>>> No 'android:maxSdkVersion' conflicts found[0m
[RUN_GRADLEW] [33m--------------------------------------------------[0m
[RUN_GRADLEW] > Task :app:mergeReleaseResources
[RUN_GRADLEW] > Task :app:processReleaseManifest
[RUN_GRADLEW] > Task :app:mergeReleaseArtProfile
[RUN_GRADLEW] > Task :app:mergeReleaseAssets
[RUN_GRADLEW] > Task :app:processReleaseManifestForPackage
[RUN_GRADLEW] > Task :app:compressReleaseAssets
[RUN_GRADLEW] > Task :react-native-reanimated:configureCMakeRelWithDebInfo[x86]
[RUN_GRADLEW] > Task :app:processReleaseResources
[RUN_GRADLEW] > Task :app:optimizeReleaseResources
[RUN_GRADLEW] > Task :react-native-reanimated:configureCMakeRelWithDebInfo[x86_64]
[RUN_GRADLEW] > Task :react-native-reanimated:generateJsonModelRelease
[RUN_GRADLEW] > Task :react-native-reanimated:prefabReleaseConfigurePackage
[RUN_GRADLEW] > Task :expo-modules-core:buildCMakeRelWithDebInfo[arm64-v8a]
[RUN_GRADLEW] > Task :app:configureCMakeRelWithDebInfo[arm64-v8a]
[RUN_GRADLEW] > Task :react-native-reanimated:buildCMakeRelWithDebInfo[arm64-v8a][reanimated]
[RUN_GRADLEW] > Task :react-native-gesture-handler:configureCMakeRelWithDebInfo[arm64-v8a]
[RUN_GRADLEW] > Task :expo-modules-core:configureCMakeRelWithDebInfo[armeabi-v7a]
[RUN_GRADLEW] > Task :expo-modules-core:buildCMakeRelWithDebInfo[armeabi-v7a]
[RUN_GRADLEW] > Task :expo-modules-core:configureCMakeRelWithDebInfo[x86]
[RUN_GRADLEW] > Task :expo-modules-core:buildCMakeRelWithDebInfo[x86]
[RUN_GRADLEW] > Task :expo-modules-core:configureCMakeRelWithDebInfo[x86_64]
[RUN_GRADLEW] > Task :expo-modules-core:buildCMakeRelWithDebInfo[x86_64]
[RUN_GRADLEW] > Task :expo-modules-core:mergeReleaseNativeLibs
[RUN_GRADLEW] > Task :expo-modules-core:stripReleaseDebugSymbols
[RUN_GRADLEW] > Task :expo-modules-core:copyReleaseJniLibsProjectAndLocalJars
[RUN_GRADLEW] > Task :expo-modules-core:copyReleaseJniLibsProjectOnly
[RUN_GRADLEW] > Task :react-native-reanimated:buildCMakeRelWithDebInfo[armeabi-v7a][reanimated]
[RUN_GRADLEW] > Task :expo-modules-core:compileReleaseKotlin
[RUN_GRADLEW] w: file:///private/var/folders/ld/v29yyv255ys68svhb644gxf80000gn/T/eas-build-local-nodejs/86c8961c-4ed4-4da1-9a2c-17fe12736b91/build/node_modules/expo-modules-core/android/src/main/java/expo/modules/apploader/AppLoaderProvider.kt:34:52 Unchecked cast of 'Class<*>!' to 'Class<out HeadlessAppLoader>'.
[RUN_GRADLEW] w: file:///private/var/folders/ld/v29yyv255ys68svhb644gxf80000gn/T/eas-build-local-nodejs/86c8961c-4ed4-4da1-9a2c-17fe12736b91/build/node_modules/expo-modules-core/android/src/main/java/expo/modules/kotlin/AppContext.kt:13:8 'class UIManagerModule : ReactContextBaseJavaModule, OnBatchCompleteListener, LifecycleEventListener, UIManager' is deprecated. Deprecated in Java.
[RUN_GRADLEW] w: file:///private/var/folders/ld/v29yyv255ys68svhb644gxf80000gn/T/eas-build-local-nodejs/86c8961c-4ed4-4da1-9a2c-17fe12736b91/build/node_modules/expo-modules-core/android/src/main/java/expo/modules/kotlin/AppContext.kt:21:8 'typealias ErrorManagerModule = JSLoggerModule' is deprecated. Use JSLoggerModule instead.
[RUN_GRADLEW] w: file:///private/var/folders/ld/v29yyv255ys68svhb644gxf80000gn/T/eas-build-local-nodejs/86c8961c-4ed4-4da1-9a2c-17fe12736b91/build/node_modules/expo-modules-core/android/src/main/java/expo/modules/kotlin/AppContext.kt:59:13 'val hostingRuntimeContext: MainRuntime' is deprecated. Use AppContext.runtimeContext instead.
[RUN_GRADLEW] w: file:///private/var/folders/ld/v29yyv255ys68svhb644gxf80000gn/T/eas-build-local-nodejs/86c8961c-4ed4-4da1-9a2c-17fe12736b91/build/node_modules/expo-modules-core/android/src/main/java/expo/modules/kotlin/AppContext.kt:257:21 'typealias ErrorManagerModule = JSLoggerModule' is deprecated. Use JSLoggerModule instead.
[RUN_GRADLEW] w: file:///private/var/folders/ld/v29yyv255ys68svhb644gxf80000gn/T/eas-build-local-nodejs/86c8961c-4ed4-4da1-9a2c-17fe12736b91/build/node_modules/expo-modules-core/android/src/main/java/expo/modules/kotlin/AppContext.kt:366:21 'val DEFAULT: Int' is deprecated. UIManagerType.DEFAULT will be deleted in the next release of React Native. Use [LEGACY] instead.
[RUN_GRADLEW] w: file:///private/var/folders/ld/v29yyv255ys68svhb644gxf80000gn/T/eas-build-local-nodejs/86c8961c-4ed4-4da1-9a2c-17fe12736b91/build/node_modules/expo-modules-core/android/src/main/java/expo/modules/kotlin/AppContext.kt:367:10 'class UIManagerModule : ReactContextBaseJavaModule, OnBatchCompleteListener, LifecycleEventListener, UIManager' is deprecated. Deprecated in Java.
[RUN_GRADLEW] w: file:///private/var/folders/ld/v29yyv255ys68svhb644gxf80000gn/T/eas-build-local-nodejs/86c8961c-4ed4-4da1-9a2c-17fe12736b91/build/node_modules/expo-modules-core/android/src/main/java/expo/modules/kotlin/defaultmodules/NativeModulesProxyModule.kt:16:5 'fun Constants(legacyConstantsProvider: () -> Map<String, Any?>): Unit' is deprecated. Use `Constant` or `Property` instead.
[RUN_GRADLEW] w: file:///private/var/folders/ld/v29yyv255ys68svhb644gxf80000gn/T/eas-build-local-nodejs/86c8961c-4ed4-4da1-9a2c-17fe12736b91/build/node_modules/expo-modules-core/android/src/main/java/expo/modules/kotlin/views/ViewDefinitionBuilder.kt:464:16 'val errorManager: JSLoggerModule?' is deprecated. Use AppContext.jsLogger instead.
[RUN_GRADLEW] w: file:///private/var/folders/ld/v29yyv255ys68svhb644gxf80000gn/T/eas-build-local-nodejs/86c8961c-4ed4-4da1-9a2c-17fe12736b91/build/node_modules/expo-modules-core/android/src/main/java/expo/modules/kotlin/views/ViewDefinitionBuilder.kt:464:30 'fun reportExceptionToLogBox(codedException: CodedException): Unit' is deprecated. Use appContext.jsLogger.error(...) instead.
[RUN_GRADLEW] w: file:///private/var/folders/ld/v29yyv255ys68svhb644gxf80000gn/T/eas-build-local-nodejs/86c8961c-4ed4-4da1-9a2c-17fe12736b91/build/node_modules/expo-modules-core/android/src/main/java/expo/modules/kotlin/views/ViewManagerDefinition.kt:41:16 'val errorManager: JSLoggerModule?' is deprecated. Use AppContext.jsLogger instead.
[RUN_GRADLEW] w: file:///private/var/folders/ld/v29yyv255ys68svhb644gxf80000gn/T/eas-build-local-nodejs/86c8961c-4ed4-4da1-9a2c-17fe12736b91/build/node_modules/expo-modules-core/android/src/main/java/expo/modules/kotlin/views/ViewManagerDefinition.kt:41:30 'fun reportExceptionToLogBox(codedException: CodedException): Unit' is deprecated. Use appContext.jsLogger.error(...) instead.
[RUN_GRADLEW] > Task :expo-modules-core:compileReleaseJavaWithJavac
[RUN_GRADLEW] Note: /private/var/folders/ld/v29yyv255ys68svhb644gxf80000gn/T/eas-build-local-nodejs/86c8961c-4ed4-4da1-9a2c-17fe12736b91/build/node_modules/expo-modules-core/android/src/main/java/expo/modules/adapters/react/ModuleRegistryAdapter.java uses or overrides a deprecated API.
[RUN_GRADLEW] Note: Recompile with -Xlint:deprecation for details.
[RUN_GRADLEW] > Task :expo-modules-core:processReleaseJavaRes
[RUN_GRADLEW] > Task :expo-modules-core:generateReleaseLintModel
[RUN_GRADLEW] > Task :expo-modules-core:extractReleaseAnnotations
[RUN_GRADLEW] > Task :expo-modules-core:mergeReleaseGeneratedProguardFiles
[RUN_GRADLEW] > Task :expo-modules-core:mergeReleaseConsumerProguardFiles
[RUN_GRADLEW] > Task :expo-modules-core:mergeReleaseJavaResource
[RUN_GRADLEW] > Task :expo-modules-core:bundleLibCompileToJarRelease
[RUN_GRADLEW] > Task :expo-modules-core:bundleLibRuntimeToJarRelease
[RUN_GRADLEW] > Task :expo-modules-core:syncReleaseLibJars
[RUN_GRADLEW] > Task :expo-modules-core:createFullJarRelease
[RUN_GRADLEW] > Task :expo-modules-core:bundleReleaseLocalLintAar
[RUN_GRADLEW] > Task :expo-modules-core:generateReleaseLintVitalModel
[RUN_GRADLEW] > Task :expo-constants:compileReleaseKotlin
[RUN_GRADLEW] w: file:///private/var/folders/ld/v29yyv255ys68svhb644gxf80000gn/T/eas-build-local-nodejs/86c8961c-4ed4-4da1-9a2c-17fe12736b91/build/node_modules/expo-constants/android/src/main/java/expo/modules/constants/ConstantsModule.kt:13:5 'fun Constants(legacyConstantsProvider: () -> Map<String, Any?>): Unit' is deprecated. Use `Constant` or `Property` instead.
[RUN_GRADLEW] > Task :expo-modules-core:bundleLibRuntimeToDirRelease
[RUN_GRADLEW] > Task :expo-log-box:compileReleaseKotlin
[RUN_GRADLEW] > Task :expo-constants:compileReleaseJavaWithJavac
[RUN_GRADLEW] > Task :expo-constants:bundleLibCompileToJarRelease
[RUN_GRADLEW] > Task :expo-constants:bundleLibRuntimeToJarRelease
[RUN_GRADLEW] > Task :expo-constants:bundleLibRuntimeToDirRelease
[RUN_GRADLEW] > Task :expo-constants:processReleaseJavaRes
[RUN_GRADLEW] > Task :expo-constants:createFullJarRelease
[RUN_GRADLEW] > Task :expo-constants:generateReleaseLintModel
[RUN_GRADLEW] > Task :expo-constants:extractReleaseAnnotations
[RUN_GRADLEW] > Task :expo-constants:mergeReleaseGeneratedProguardFiles
[RUN_GRADLEW] > Task :expo-constants:mergeReleaseConsumerProguardFiles
[RUN_GRADLEW] > Task :expo-constants:mergeReleaseJavaResource
[RUN_GRADLEW] > Task :expo-constants:syncReleaseLibJars
[RUN_GRADLEW] > Task :expo-constants:bundleReleaseLocalLintAar
[RUN_GRADLEW] > Task :expo-constants:generateReleaseLintVitalModel
[RUN_GRADLEW] > Task :expo-log-box:compileReleaseJavaWithJavac
[RUN_GRADLEW] > Task :expo-log-box:bundleLibCompileToJarRelease
[RUN_GRADLEW] > Task :expo-log-box:bundleLibRuntimeToJarRelease
[RUN_GRADLEW] > Task :expo-log-box:bundleLibRuntimeToDirRelease
[RUN_GRADLEW] > Task :expo-log-box:processReleaseJavaRes
[RUN_GRADLEW] > Task :expo-log-box:createFullJarRelease
[RUN_GRADLEW] > Task :expo-log-box:generateReleaseLintModel
[RUN_GRADLEW] > Task :expo-log-box:extractReleaseAnnotations
[RUN_GRADLEW] > Task :expo-log-box:mergeReleaseGeneratedProguardFiles
[RUN_GRADLEW] > Task :expo-log-box:mergeReleaseConsumerProguardFiles
[RUN_GRADLEW] > Task :expo-log-box:mergeReleaseJavaResource
[RUN_GRADLEW] > Task :expo-log-box:syncReleaseLibJars
[RUN_GRADLEW] > Task :expo-log-box:bundleReleaseLocalLintAar
[RUN_GRADLEW] > Task :expo-log-box:generateReleaseLintVitalModel
[RUN_GRADLEW] > Task :expo-constants:lintVitalAnalyzeRelease
[RUN_GRADLEW] > Task :expo:compileReleaseKotlin
[RUN_GRADLEW] w: file:///private/var/folders/ld/v29yyv255ys68svhb644gxf80000gn/T/eas-build-local-nodejs/86c8961c-4ed4-4da1-9a2c-17fe12736b91/build/node_modules/expo/android/src/main/java/expo/modules/ExpoModulesPackage.kt:34:16 This declaration overrides a deprecated member but is not marked as deprecated itself. Add the '@Deprecated' annotation or suppress the diagnostic.
[RUN_GRADLEW] w: file:///private/var/folders/ld/v29yyv255ys68svhb644gxf80000gn/T/eas-build-local-nodejs/86c8961c-4ed4-4da1-9a2c-17fe12736b91/build/node_modules/expo/android/src/main/java/expo/modules/ReactActivityDelegateWrapper.kt:22:8 'class ReactInstanceManager : Any' is deprecated. Deprecated in Java.
[RUN_GRADLEW] w: file:///private/var/folders/ld/v29yyv255ys68svhb644gxf80000gn/T/eas-build-local-nodejs/86c8961c-4ed4-4da1-9a2c-17fe12736b91/build/node_modules/expo/android/src/main/java/expo/modules/ReactActivityDelegateWrapper.kt:102:16 This declaration overrides a deprecated member but is not marked as deprecated itself. Add the '@Deprecated' annotation or suppress the diagnostic.
[RUN_GRADLEW] w: file:///private/var/folders/ld/v29yyv255ys68svhb644gxf80000gn/T/eas-build-local-nodejs/86c8961c-4ed4-4da1-9a2c-17fe12736b91/build/node_modules/expo/android/src/main/java/expo/modules/ReactActivityDelegateWrapper.kt:102:43 'class ReactInstanceManager : Any' is deprecated. Deprecated in Java.
[RUN_GRADLEW] w: file:///private/var/folders/ld/v29yyv255ys68svhb644gxf80000gn/T/eas-build-local-nodejs/86c8961c-4ed4-4da1-9a2c-17fe12736b91/build/node_modules/expo/android/src/main/java/expo/modules/ReactActivityDelegateWrapper.kt:103:21 'val reactInstanceManager: ReactInstanceManager' is deprecated. Deprecated in Java.
[RUN_GRADLEW] w: file:///private/var/folders/ld/v29yyv255ys68svhb644gxf80000gn/T/eas-build-local-nodejs/86c8961c-4ed4-4da1-9a2c-17fe12736b91/build/node_modules/expo/android/src/main/java/expo/modules/fetch/ExpoFetchModule.kt:31:39 'constructor(reactContext: ReactContext): ForwardingCookieHandler' is deprecated. Use the default constructor.
[RUN_GRADLEW] w: file:///private/var/folders/ld/v29yyv255ys68svhb644gxf80000gn/T/eas-build-local-nodejs/86c8961c-4ed4-4da1-9a2c-17fe12736b91/build/node_modules/expo/android/src/main/java/expo/modules/fetch/NativeResponse.kt:42:16 This declaration overrides a deprecated member but is not marked as deprecated itself. Add the '@Deprecated' annotation or suppress the diagnostic.
[RUN_GRADLEW] w: file:///private/var/folders/ld/v29yyv255ys68svhb644gxf80000gn/T/eas-build-local-nodejs/86c8961c-4ed4-4da1-9a2c-17fe12736b91/build/node_modules/expo/android/src/main/java/expo/modules/fetch/NativeResponse.kt:44:11 'fun deallocate(): Unit' is deprecated. Use sharedObjectDidRelease() instead.
[RUN_GRADLEW] > Task :expo:compileReleaseJavaWithJavac
[RUN_GRADLEW] > Task :expo:bundleLibRuntimeToJarRelease
[RUN_GRADLEW] > Task :expo:bundleLibCompileToJarRelease
[RUN_GRADLEW] > Task :expo:processReleaseJavaRes
[RUN_GRADLEW] > Task :expo:createFullJarRelease
[RUN_GRADLEW] > Task :expo:bundleLibRuntimeToDirRelease
[RUN_GRADLEW] > Task :expo:generateReleaseLintModel
[RUN_GRADLEW] > Task :expo:extractReleaseAnnotations
[RUN_GRADLEW] > Task :expo:mergeReleaseGeneratedProguardFiles
[RUN_GRADLEW] > Task :expo:mergeReleaseConsumerProguardFiles
[RUN_GRADLEW] > Task :expo:mergeReleaseJavaResource
[RUN_GRADLEW] > Task :expo:syncReleaseLibJars
[RUN_GRADLEW] > Task :expo:bundleReleaseLocalLintAar
[RUN_GRADLEW] > Task :expo:generateReleaseLintVitalModel
[RUN_GRADLEW] > Task :expo-log-box:lintVitalAnalyzeRelease
[RUN_GRADLEW] > Task :expo-modules-core:lintVitalAnalyzeRelease
[RUN_GRADLEW] > Task :expo:lintVitalAnalyzeRelease
[RUN_GRADLEW] > Task :react-native-reanimated:buildCMakeRelWithDebInfo[x86][reanimated]
[RUN_GRADLEW] > Task :react-native-reanimated:buildCMakeRelWithDebInfo[x86_64][reanimated]
[RUN_GRADLEW] > Task :react-native-reanimated:externalNativeBuildRelease
[RUN_GRADLEW] > Task :react-native-reanimated:prefabReleasePackage
[RUN_GRADLEW] > Task :react-native-reanimated:compileReleaseJavaWithJavac
[RUN_GRADLEW] Note: Some input files use or override a deprecated API.
[RUN_GRADLEW] Note: Recompile with -Xlint:deprecation for details.
[RUN_GRADLEW] Note: Some input files use unchecked or unsafe operations.
[RUN_GRADLEW] Note: Recompile with -Xlint:unchecked for details.
[RUN_GRADLEW] > Task :react-native-reanimated:bundleLibCompileToJarRelease
[RUN_GRADLEW] > Task :react-native-reanimated:bundleLibRuntimeToJarRelease
[RUN_GRADLEW] > Task :react-native-reanimated:bundleLibRuntimeToDirRelease
[RUN_GRADLEW] > Task :react-native-reanimated:generateReleaseLintModel
[RUN_GRADLEW] > Task :react-native-reanimated:createFullJarRelease
[RUN_GRADLEW] > Task :react-native-reanimated:extractReleaseAnnotations
[RUN_GRADLEW] > Task :react-native-reanimated:mergeReleaseGeneratedProguardFiles
[RUN_GRADLEW] > Task :react-native-reanimated:mergeReleaseConsumerProguardFiles
[RUN_GRADLEW] > Task :react-native-reanimated:syncReleaseLibJars
[RUN_GRADLEW] > Task :react-native-reanimated:generateReleaseLintVitalModel
[RUN_GRADLEW] > Task :react-native-reanimated:mergeReleaseNativeLibs
[RUN_GRADLEW] > Task :react-native-reanimated:stripReleaseDebugSymbols
[RUN_GRADLEW] > Task :react-native-reanimated:copyReleaseJniLibsProjectOnly
[RUN_GRADLEW] > Task :react-native-reanimated:lintVitalAnalyzeRelease
[RUN_GRADLEW] > Task :react-native-reanimated:copyReleaseJniLibsProjectAndLocalJars
[RUN_GRADLEW] > Task :react-native-reanimated:bundleReleaseLocalLintAar
[RUN_GRADLEW] > Task :react-native-gesture-handler:buildCMakeRelWithDebInfo[arm64-v8a]
[RUN_GRADLEW] > Task :react-native-gesture-handler:configureCMakeRelWithDebInfo[armeabi-v7a]
[RUN_GRADLEW] > Task :react-native-gesture-handler:buildCMakeRelWithDebInfo[armeabi-v7a]
[RUN_GRADLEW] > Task :react-native-gesture-handler:configureCMakeRelWithDebInfo[x86]
[RUN_GRADLEW] > Task :react-native-gesture-handler:buildCMakeRelWithDebInfo[x86]
[RUN_GRADLEW] > Task :react-native-gesture-handler:configureCMakeRelWithDebInfo[x86_64]
[RUN_GRADLEW] > Task :react-native-gesture-handler:buildCMakeRelWithDebInfo[x86_64]
[RUN_GRADLEW] > Task :react-native-gesture-handler:mergeReleaseNativeLibs
[RUN_GRADLEW] > Task :react-native-gesture-handler:copyReleaseJniLibsProjectOnly
[RUN_GRADLEW] > Task :react-native-gesture-handler:stripReleaseDebugSymbols
[RUN_GRADLEW] > Task :react-native-gesture-handler:copyReleaseJniLibsProjectAndLocalJars
[RUN_GRADLEW] > Task :app:buildCMakeRelWithDebInfo[arm64-v8a]
[RUN_GRADLEW] > Task :react-native-gesture-handler:compileReleaseKotlin
[RUN_GRADLEW] w: file:///private/var/folders/ld/v29yyv255ys68svhb644gxf80000gn/T/eas-build-local-nodejs/86c8961c-4ed4-4da1-9a2c-17fe12736b91/build/node_modules/react-native-gesture-handler/android/src/main/java/com/swmansion/gesturehandler/react/Extensions.kt:8:8 'class UIManagerModule : ReactContextBaseJavaModule, OnBatchCompleteListener, LifecycleEventListener, UIManager' is deprecated. Deprecated in Java.
[RUN_GRADLEW] w: file:///private/var/folders/ld/v29yyv255ys68svhb644gxf80000gn/T/eas-build-local-nodejs/86c8961c-4ed4-4da1-9a2c-17fe12736b91/build/node_modules/react-native-gesture-handler/android/src/main/java/com/swmansion/gesturehandler/react/Extensions.kt:13:29 'class UIManagerModule : ReactContextBaseJavaModule, OnBatchCompleteListener, LifecycleEventListener, UIManager' is deprecated. Deprecated in Java.
[RUN_GRADLEW] w: file:///private/var/folders/ld/v29yyv255ys68svhb644gxf80000gn/T/eas-build-local-nodejs/86c8961c-4ed4-4da1-9a2c-17fe12736b91/build/node_modules/react-native-gesture-handler/android/src/main/java/com/swmansion/gesturehandler/react/Extensions.kt:14:32 'class UIManagerModule : ReactContextBaseJavaModule, OnBatchCompleteListener, LifecycleEventListener, UIManager' is deprecated. Deprecated in Java.
[RUN_GRADLEW] w: file:///private/var/folders/ld/v29yyv255ys68svhb644gxf80000gn/T/eas-build-local-nodejs/86c8961c-4ed4-4da1-9a2c-17fe12736b91/build/node_modules/react-native-gesture-handler/android/src/main/java/com/swmansion/gesturehandler/react/RNGestureHandlerModule.kt:173:53 This synthetic property is based on the getter function 'fun getRootViewTag(): Int' from Kotlin. In the future, synthetic properties will be available only if the base getter function came from Java. Consider replacing this property access with a 'getRootViewTag()' function call.
[RUN_GRADLEW] > Task :react-native-gesture-handler:compileReleaseJavaWithJavac
[RUN_GRADLEW] > Task :react-native-gesture-handler:processReleaseJavaRes
[RUN_GRADLEW] > Task :react-native-gesture-handler:bundleLibCompileToJarRelease
[RUN_GRADLEW] > Task :react-native-gesture-handler:bundleLibRuntimeToJarRelease
[RUN_GRADLEW] > Task :react-native-gesture-handler:generateReleaseLintModel
[RUN_GRADLEW] > Task :react-native-gesture-handler:createFullJarRelease
[RUN_GRADLEW] > Task :react-native-gesture-handler:extractReleaseAnnotations
[RUN_GRADLEW] > Task :react-native-gesture-handler:mergeReleaseGeneratedProguardFiles
[RUN_GRADLEW] > Task :react-native-gesture-handler:mergeReleaseConsumerProguardFiles
[RUN_GRADLEW] > Task :react-native-gesture-handler:mergeReleaseJavaResource
[RUN_GRADLEW] > Task :react-native-gesture-handler:bundleLibRuntimeToDirRelease
[RUN_GRADLEW] > Task :react-native-gesture-handler:syncReleaseLibJars
[RUN_GRADLEW] > Task :react-native-gesture-handler:bundleReleaseLocalLintAar
[RUN_GRADLEW] > Task :react-native-gesture-handler:generateReleaseLintVitalModel
[RUN_GRADLEW] > Task :react-native-gesture-handler:lintVitalAnalyzeRelease
[RUN_GRADLEW] > Task :app:configureCMakeRelWithDebInfo[armeabi-v7a]
[RUN_GRADLEW] > Task :app:buildCMakeRelWithDebInfo[armeabi-v7a]
[RUN_GRADLEW] > Task :app:configureCMakeRelWithDebInfo[x86]
[RUN_GRADLEW] > Task :app:buildCMakeRelWithDebInfo[x86]
[RUN_GRADLEW] > Task :app:configureCMakeRelWithDebInfo[x86_64]
[RUN_GRADLEW] > Task :app:buildCMakeRelWithDebInfo[x86_64]
[RUN_GRADLEW] > Task :app:compileReleaseKotlin
[RUN_GRADLEW] > Task :app:compileReleaseJavaWithJavac
[RUN_GRADLEW] > Task :app:dexBuilderRelease
[RUN_GRADLEW] > Task :app:mergeReleaseGlobalSynthetics
[RUN_GRADLEW] > Task :app:generateReleaseLintVitalReportModel
[RUN_GRADLEW] > Task :app:processReleaseJavaRes
[RUN_GRADLEW] > Task :app:lintVitalAnalyzeRelease
[RUN_GRADLEW] > Task :app:lintVitalReportRelease
[RUN_GRADLEW] > Task :app:lintVitalRelease
[RUN_GRADLEW] > Task :app:mergeReleaseJavaResource
[RUN_GRADLEW] > Task :app:mergeReleaseNativeLibs
[RUN_GRADLEW] > Task :app:stripReleaseDebugSymbols
[RUN_GRADLEW] > Task :app:extractReleaseNativeSymbolTables
[RUN_GRADLEW] > Task :app:mergeDexRelease
[RUN_GRADLEW] > Task :app:compileReleaseArtProfile
[RUN_GRADLEW] > Task :app:packageRelease
[RUN_GRADLEW] > Task :app:createReleaseApkListingFileRedirect
[RUN_GRADLEW] > Task :app:mergeReleaseNativeDebugMetadata
[RUN_GRADLEW] > Task :app:assembleRelease
[RUN_GRADLEW] [Incubating] Problems report is available at: file:///private/var/folders/ld/v29yyv255ys68svhb644gxf80000gn/T/eas-build-local-nodejs/86c8961c-4ed4-4da1-9a2c-17fe12736b91/build/android/build/reports/problems/problems-report.html
[RUN_GRADLEW] Deprecated Gradle features were used in this build, making it incompatible with Gradle 10.
[RUN_GRADLEW] You can use '--warning-mode all' to show the individual deprecation warnings and determine if they come from your own scripts or plugins.
[RUN_GRADLEW] For more on this, please refer to https://docs.gradle.org/9.0.0/userguide/command_line_interface.html#sec:command_line_warnings in the Gradle documentation.
[RUN_GRADLEW] BUILD SUCCESSFUL in 13m 38s
[RUN_GRADLEW] 642 actionable tasks: 642 executed
[UPLOAD_APPLICATION_ARCHIVE] Application archives:
[UPLOAD_APPLICATION_ARCHIVE]   - /var/folders/ld/v29yyv255ys68svhb644gxf80000gn/T/eas-build-local-nodejs/86c8961c-4ed4-4da1-9a2c-17fe12736b91/build/android/app/build/outputs/apk/release/app-release.apk (82.3 MB)
[UPLOAD_APPLICATION_ARCHIVE] Uploading application archive...
[PREPARE_ARTIFACTS] Preparing artifacts
[PREPARE_ARTIFACTS] Writing artifacts to /Users/muneemun/Documents/GitHub/self-compassion-app/social-orbit-release-v4.apk

Build successful
You can find the build artifacts in /Users/muneemun/Documents/GitHub/self-compassion-app/social-orbit-release-v4.apk
