0 verbose cli /usr/local/bin/node /usr/local/bin/npm
1 info using npm@11.6.2
2 info using node@v24.11.1
3 silly config load:file:/usr/local/lib/node_modules/npm/npmrc
4 silly config load:file:/Users/muneemun/Documents/GitHub/self-compassion-app/.npmrc
5 silly config load:file:/Users/muneemun/.npmrc
6 silly config load:file:/usr/local/etc/npmrc
7 verbose title npm install
8 verbose argv "install" "--cache" ".npm_cache" "--legacy-peer-deps"
9 verbose logfile logs-max:10 dir:/Users/muneemun/Documents/GitHub/self-compassion-app/.npm_cache/_logs/2026-04-24T11_33_05_992Z-
10 verbose logfile /Users/muneemun/Documents/GitHub/self-compassion-app/.npm_cache/_logs/2026-04-24T11_33_05_992Z-debug-0.log
11 silly logfile done cleaning log files
12 silly packumentCache heap:4496293888 maxSize:1124073472 maxEntrySize:562036736
13 silly idealTree buildDeps
14 silly fetch manifest @expo/ngrok@^4.1.3
15 silly packumentCache full:https://registry.npmjs.org/@expo%2fngrok cache-miss
16 http fetch GET 200 https://registry.npmjs.org/npm 123ms
17 http fetch GET 200 https://registry.npmjs.org/@expo%2fngrok 367ms (cache miss)
18 silly packumentCache full:https://registry.npmjs.org/@expo%2fngrok set size:undefined disposed:false
19 silly fetch manifest @react-native-async-storage/async-storage@2.2.0
20 silly packumentCache full:https://registry.npmjs.org/@react-native-async-storage%2fasync-storage cache-miss
21 http fetch GET 200 https://registry.npmjs.org/@react-native-async-storage%2fasync-storage 51ms (cache miss)
22 silly packumentCache full:https://registry.npmjs.org/@react-native-async-storage%2fasync-storage set size:undefined disposed:false
23 silly fetch manifest @react-native-community/datetimepicker@8.6.0
24 silly packumentCache full:https://registry.npmjs.org/@react-native-community%2fdatetimepicker cache-miss
25 http fetch GET 200 https://registry.npmjs.org/@react-native-community%2fdatetimepicker 84ms (cache miss)
26 silly packumentCache full:https://registry.npmjs.org/@react-native-community%2fdatetimepicker set size:undefined disposed:false
27 silly fetch manifest @react-navigation/native@^7.1.0
28 silly packumentCache full:https://registry.npmjs.org/@react-navigation%2fnative cache-miss
29 http fetch GET 200 https://registry.npmjs.org/@react-navigation%2fnative 63ms (cache miss)
30 silly packumentCache full:https://registry.npmjs.org/@react-navigation%2fnative set size:undefined disposed:false
31 silly fetch manifest @react-navigation/native-stack@^7.1.0
32 silly packumentCache full:https://registry.npmjs.org/@react-navigation%2fnative-stack cache-miss
33 http fetch GET 200 https://registry.npmjs.org/@react-navigation%2fnative-stack 55ms (cache miss)
34 silly packumentCache full:https://registry.npmjs.org/@react-navigation%2fnative-stack set size:undefined disposed:false
35 silly fetch manifest @types/uuid@^10.0.0
36 silly packumentCache full:https://registry.npmjs.org/@types%2fuuid cache-miss
37 http fetch GET 200 https://registry.npmjs.org/@types%2fuuid 184ms (cache miss)
38 silly packumentCache full:https://registry.npmjs.org/@types%2fuuid set size:undefined disposed:false
39 silly fetch manifest expo@^55.0.17
40 silly packumentCache full:https://registry.npmjs.org/expo cache-miss
41 http fetch GET 200 https://registry.npmjs.org/expo 91ms (cache miss)
42 silly packumentCache full:https://registry.npmjs.org/expo set size:undefined disposed:false
43 silly fetch manifest expo-asset@~55.0.16
44 silly packumentCache full:https://registry.npmjs.org/expo-asset cache-miss
45 http fetch GET 200 https://registry.npmjs.org/expo-asset 45ms (cache miss)
46 silly packumentCache full:https://registry.npmjs.org/expo-asset set size:undefined disposed:false
47 silly fetch manifest expo-blur@~55.0.14
48 silly packumentCache full:https://registry.npmjs.org/expo-blur cache-miss
49 http fetch GET 200 https://registry.npmjs.org/expo-blur 189ms (cache miss)
50 silly packumentCache full:https://registry.npmjs.org/expo-blur set size:undefined disposed:false
51 silly fetch manifest expo-constants@~55.0.15
52 silly packumentCache full:https://registry.npmjs.org/expo-constants cache-miss
53 http fetch GET 200 https://registry.npmjs.org/expo-constants 45ms (cache miss)
54 silly packumentCache full:https://registry.npmjs.org/expo-constants set size:undefined disposed:false
55 silly fetch manifest expo-contacts@~55.0.13
56 silly packumentCache full:https://registry.npmjs.org/expo-contacts cache-miss
57 http fetch GET 200 https://registry.npmjs.org/expo-contacts 45ms (cache miss)
58 silly packumentCache full:https://registry.npmjs.org/expo-contacts set size:undefined disposed:false
59 silly fetch manifest expo-font@~55.0.6
60 silly packumentCache full:https://registry.npmjs.org/expo-font cache-miss
61 http fetch GET 200 https://registry.npmjs.org/expo-font 35ms (cache miss)
62 silly packumentCache full:https://registry.npmjs.org/expo-font set size:undefined disposed:false
63 silly fetch manifest expo-image-picker@~55.0.19
64 silly packumentCache full:https://registry.npmjs.org/expo-image-picker cache-miss
65 http fetch GET 200 https://registry.npmjs.org/expo-image-picker 40ms (cache miss)
66 silly packumentCache full:https://registry.npmjs.org/expo-image-picker set size:undefined disposed:false
67 silly fetch manifest expo-linear-gradient@~55.0.13
68 silly packumentCache full:https://registry.npmjs.org/expo-linear-gradient cache-miss
69 http fetch GET 200 https://registry.npmjs.org/expo-linear-gradient 37ms (cache miss)
70 silly packumentCache full:https://registry.npmjs.org/expo-linear-gradient set size:undefined disposed:false
71 silly fetch manifest expo-status-bar@~55.0.5
72 silly packumentCache full:https://registry.npmjs.org/expo-status-bar cache-miss
73 http fetch GET 200 https://registry.npmjs.org/expo-status-bar 36ms (cache miss)
74 silly packumentCache full:https://registry.npmjs.org/expo-status-bar set size:undefined disposed:false
75 silly fetch manifest lucide-react-native@^0.468.0
76 silly packumentCache full:https://registry.npmjs.org/lucide-react-native cache-miss
77 http fetch GET 200 https://registry.npmjs.org/lucide-react-native 205ms (cache miss)
78 silly packumentCache full:https://registry.npmjs.org/lucide-react-native set size:undefined disposed:false
79 silly fetch manifest nativewind@^2.0.11
80 silly packumentCache full:https://registry.npmjs.org/nativewind cache-miss
81 http fetch GET 200 https://registry.npmjs.org/nativewind 62ms (cache miss)
82 silly packumentCache full:https://registry.npmjs.org/nativewind set size:undefined disposed:false
83 silly fetch manifest react@19.2.0
84 silly packumentCache full:https://registry.npmjs.org/react cache-miss
85 http fetch GET 200 https://registry.npmjs.org/react 139ms (cache miss)
86 silly packumentCache full:https://registry.npmjs.org/react set size:undefined disposed:false
87 silly fetch manifest react-dom@19.2.0
88 silly packumentCache full:https://registry.npmjs.org/react-dom cache-miss
89 http fetch GET 200 https://registry.npmjs.org/react-dom 375ms (cache miss)
90 silly packumentCache full:https://registry.npmjs.org/react-dom set size:undefined disposed:false
91 silly fetch manifest react-native@0.83.6
92 silly packumentCache full:https://registry.npmjs.org/react-native cache-miss
93 http fetch GET 200 https://registry.npmjs.org/react-native 221ms (cache miss)
94 silly packumentCache full:https://registry.npmjs.org/react-native set size:undefined disposed:false
95 silly fetch manifest react-native-get-random-values@~1.11.0
96 silly packumentCache full:https://registry.npmjs.org/react-native-get-random-values cache-miss
97 http fetch GET 200 https://registry.npmjs.org/react-native-get-random-values 31ms (cache miss)
98 silly packumentCache full:https://registry.npmjs.org/react-native-get-random-values set size:undefined disposed:false
99 silly fetch manifest react-native-reanimated@4.2.1
100 silly packumentCache full:https://registry.npmjs.org/react-native-reanimated cache-miss
101 http fetch GET 200 https://registry.npmjs.org/react-native-reanimated 118ms (cache miss)
102 silly packumentCache full:https://registry.npmjs.org/react-native-reanimated set size:undefined disposed:false
103 silly fetch manifest react-native-safe-area-context@5.6.2
104 silly packumentCache full:https://registry.npmjs.org/react-native-safe-area-context cache-miss
105 http fetch GET 200 https://registry.npmjs.org/react-native-safe-area-context 40ms (cache miss)
106 silly packumentCache full:https://registry.npmjs.org/react-native-safe-area-context set size:undefined disposed:false
107 silly fetch manifest react-native-screens@~4.23.0
108 silly packumentCache full:https://registry.npmjs.org/react-native-screens cache-miss
109 http fetch GET 200 https://registry.npmjs.org/react-native-screens 68ms (cache miss)
110 silly packumentCache full:https://registry.npmjs.org/react-native-screens set size:undefined disposed:false
111 silly fetch manifest react-native-svg@15.15.3
112 silly packumentCache full:https://registry.npmjs.org/react-native-svg cache-miss
113 http fetch GET 200 https://registry.npmjs.org/react-native-svg 47ms (cache miss)
114 silly packumentCache full:https://registry.npmjs.org/react-native-svg set size:undefined disposed:false
115 silly fetch manifest react-native-web@^0.21.2
116 silly packumentCache full:https://registry.npmjs.org/react-native-web cache-miss
117 http fetch GET 200 https://registry.npmjs.org/react-native-web 42ms (cache miss)
118 silly packumentCache full:https://registry.npmjs.org/react-native-web set size:undefined disposed:false
119 silly fetch manifest react-native-worklets@0.7.4
120 silly packumentCache full:https://registry.npmjs.org/react-native-worklets cache-miss
121 http fetch GET 200 https://registry.npmjs.org/react-native-worklets 53ms (cache miss)
122 silly packumentCache full:https://registry.npmjs.org/react-native-worklets set size:undefined disposed:false
123 silly fetch manifest tailwindcss@3.3.2
124 silly packumentCache full:https://registry.npmjs.org/tailwindcss cache-miss
125 http fetch GET 200 https://registry.npmjs.org/tailwindcss 178ms (cache miss)
126 silly packumentCache full:https://registry.npmjs.org/tailwindcss set size:undefined disposed:false
127 silly fetch manifest uuid@^14.0.0
128 silly packumentCache full:https://registry.npmjs.org/uuid cache-miss
129 http fetch GET 200 https://registry.npmjs.org/uuid 37ms (cache miss)
130 silly packumentCache full:https://registry.npmjs.org/uuid set size:undefined disposed:false
131 silly fetch manifest zustand@^5.0.3
132 silly packumentCache full:https://registry.npmjs.org/zustand cache-miss
133 http fetch GET 200 https://registry.npmjs.org/zustand 32ms (cache miss)
134 silly packumentCache full:https://registry.npmjs.org/zustand set size:undefined disposed:false
135 silly fetch manifest @babel/core@^7.25.2
136 silly packumentCache full:https://registry.npmjs.org/@babel%2fcore cache-miss
137 http fetch GET 200 https://registry.npmjs.org/@babel%2fcore 49ms (cache miss)
138 silly packumentCache full:https://registry.npmjs.org/@babel%2fcore set size:undefined disposed:false
139 silly fetch manifest @types/react@~19.2.10
140 silly packumentCache full:https://registry.npmjs.org/@types%2freact cache-miss
141 http fetch GET 200 https://registry.npmjs.org/@types%2freact 75ms (cache miss)
142 silly packumentCache full:https://registry.npmjs.org/@types%2freact set size:undefined disposed:false
143 silly fetch manifest typescript@~5.9.2
144 silly packumentCache full:https://registry.npmjs.org/typescript cache-miss
145 http fetch GET 200 https://registry.npmjs.org/typescript 235ms (cache miss)
146 silly packumentCache full:https://registry.npmjs.org/typescript set size:undefined disposed:false
147 silly placeDep ROOT @babel/core@7.29.0 OK for: app-foundation@1.0.0 want: ^7.25.2
148 silly placeDep ROOT @expo/ngrok@4.1.3 OK for: app-foundation@1.0.0 want: ^4.1.3
149 silly placeDep ROOT @react-native-async-storage/async-storage@2.2.0 OK for: app-foundation@1.0.0 want: 2.2.0
150 silly placeDep ROOT @react-native-community/datetimepicker@8.6.0 OK for: app-foundation@1.0.0 want: 8.6.0
151 silly placeDep ROOT @react-navigation/native@7.2.2 OK for: app-foundation@1.0.0 want: ^7.1.0
152 silly placeDep ROOT @react-navigation/native-stack@7.14.11 OK for: app-foundation@1.0.0 want: ^7.1.0
153 silly placeDep ROOT @types/react@19.2.14 OK for: app-foundation@1.0.0 want: ~19.2.10
154 silly placeDep ROOT @types/uuid@10.0.0 OK for: app-foundation@1.0.0 want: ^10.0.0
155 silly placeDep ROOT expo@55.0.17 OK for: app-foundation@1.0.0 want: ^55.0.17
156 silly placeDep ROOT expo-asset@55.0.16 OK for: app-foundation@1.0.0 want: ~55.0.16
157 silly placeDep ROOT expo-blur@55.0.14 OK for: app-foundation@1.0.0 want: ~55.0.14
158 silly placeDep ROOT expo-constants@55.0.15 OK for: app-foundation@1.0.0 want: ~55.0.15
159 silly placeDep ROOT expo-contacts@55.0.13 OK for: app-foundation@1.0.0 want: ~55.0.13
160 silly placeDep ROOT expo-font@55.0.6 OK for: app-foundation@1.0.0 want: ~55.0.6
161 silly placeDep ROOT expo-image-picker@55.0.19 OK for: app-foundation@1.0.0 want: ~55.0.19
162 silly placeDep ROOT expo-linear-gradient@55.0.13 OK for: app-foundation@1.0.0 want: ~55.0.13
163 silly placeDep ROOT expo-status-bar@55.0.5 OK for: app-foundation@1.0.0 want: ~55.0.5
164 silly placeDep ROOT lucide-react-native@0.468.0 OK for: app-foundation@1.0.0 want: ^0.468.0
165 silly placeDep ROOT nativewind@2.0.11 OK for: app-foundation@1.0.0 want: ^2.0.11
166 silly placeDep ROOT react@19.2.0 OK for: app-foundation@1.0.0 want: 19.2.0
167 silly placeDep ROOT react-dom@19.2.0 OK for: app-foundation@1.0.0 want: 19.2.0
168 silly placeDep ROOT react-native@0.83.6 OK for: app-foundation@1.0.0 want: 0.83.6
169 silly placeDep ROOT react-native-get-random-values@1.11.0 OK for: app-foundation@1.0.0 want: ~1.11.0
170 silly placeDep ROOT react-native-reanimated@4.2.1 OK for: app-foundation@1.0.0 want: 4.2.1
171 silly placeDep ROOT react-native-safe-area-context@5.6.2 OK for: app-foundation@1.0.0 want: 5.6.2
172 silly placeDep ROOT react-native-screens@4.23.0 OK for: app-foundation@1.0.0 want: ~4.23.0
173 silly placeDep ROOT react-native-svg@15.15.3 OK for: app-foundation@1.0.0 want: 15.15.3
174 silly placeDep ROOT react-native-web@0.21.2 OK for: app-foundation@1.0.0 want: ^0.21.2
175 silly placeDep ROOT react-native-worklets@0.7.4 OK for: app-foundation@1.0.0 want: 0.7.4
176 silly placeDep ROOT tailwindcss@3.3.2 OK for: app-foundation@1.0.0 want: 3.3.2
177 silly placeDep ROOT typescript@5.9.3 OK for: app-foundation@1.0.0 want: ~5.9.2
178 silly placeDep ROOT uuid@14.0.0 OK for: app-foundation@1.0.0 want: ^14.0.0
179 silly placeDep ROOT zustand@5.0.12 OK for: app-foundation@1.0.0 want: ^5.0.3
180 silly fetch manifest debug@^4.1.0
181 silly packumentCache full:https://registry.npmjs.org/debug cache-miss
182 silly fetch manifest json5@^2.2.3
183 silly packumentCache full:https://registry.npmjs.org/json5 cache-miss
184 silly fetch manifest semver@^6.3.1
185 silly packumentCache full:https://registry.npmjs.org/semver cache-miss
186 silly fetch manifest gensync@^1.0.0-beta.2
187 silly packumentCache full:https://registry.npmjs.org/gensync cache-miss
188 silly fetch manifest @babel/types@^7.29.0
189 silly packumentCache full:https://registry.npmjs.org/@babel%2ftypes cache-miss
190 silly fetch manifest @babel/parser@^7.29.0
191 silly packumentCache full:https://registry.npmjs.org/@babel%2fparser cache-miss
192 silly fetch manifest @babel/helpers@^7.28.6
193 silly packumentCache full:https://registry.npmjs.org/@babel%2fhelpers cache-miss
194 silly fetch manifest @babel/template@^7.28.6
195 silly packumentCache full:https://registry.npmjs.org/@babel%2ftemplate cache-miss
196 silly fetch manifest @babel/traverse@^7.29.0
197 silly packumentCache full:https://registry.npmjs.org/@babel%2ftraverse cache-miss
198 http fetch GET 200 https://registry.npmjs.org/json5 38ms (cache miss)
199 silly packumentCache full:https://registry.npmjs.org/json5 set size:undefined disposed:false
200 silly fetch manifest @babel/generator@^7.29.0
201 silly packumentCache full:https://registry.npmjs.org/@babel%2fgenerator cache-miss
202 http fetch GET 200 https://registry.npmjs.org/debug 40ms (cache miss)
203 silly packumentCache full:https://registry.npmjs.org/debug set size:undefined disposed:false
204 silly fetch manifest @babel/code-frame@^7.29.0
205 silly packumentCache full:https://registry.npmjs.org/@babel%2fcode-frame cache-miss
206 http fetch GET 200 https://registry.npmjs.org/gensync 56ms (cache miss)
207 silly packumentCache full:https://registry.npmjs.org/gensync set size:undefined disposed:false
208 silly fetch manifest convert-source-map@^2.0.0
209 silly packumentCache full:https://registry.npmjs.org/convert-source-map cache-miss
210 http fetch GET 200 https://registry.npmjs.org/semver 63ms (cache miss)
211 silly packumentCache full:https://registry.npmjs.org/semver set size:undefined disposed:false
212 silly fetch manifest @jridgewell/remapping@^2.3.5
213 silly packumentCache full:https://registry.npmjs.org/@jridgewell%2fremapping cache-miss
214 http fetch GET 200 https://registry.npmjs.org/@babel%2ftemplate 76ms (cache miss)
215 silly packumentCache full:https://registry.npmjs.org/@babel%2ftemplate set size:undefined disposed:false
216 silly fetch manifest @babel/helper-module-transforms@^7.28.6
217 silly packumentCache full:https://registry.npmjs.org/@babel%2fhelper-module-transforms cache-miss
218 http fetch GET 200 https://registry.npmjs.org/@babel%2fgenerator 45ms (cache miss)
219 silly packumentCache full:https://registry.npmjs.org/@babel%2fgenerator set size:undefined disposed:false
220 silly fetch manifest @babel/helper-compilation-targets@^7.28.6
221 silly packumentCache full:https://registry.npmjs.org/@babel%2fhelper-compilation-targets cache-miss
222 http fetch GET 200 https://registry.npmjs.org/convert-source-map 33ms (cache miss)
223 silly packumentCache full:https://registry.npmjs.org/convert-source-map set size:undefined disposed:false
224 silly fetch manifest got@^11.5.1
225 silly packumentCache full:https://registry.npmjs.org/got cache-miss
226 http fetch GET 200 https://registry.npmjs.org/@babel%2ftypes 94ms (cache miss)
227 silly packumentCache full:https://registry.npmjs.org/@babel%2ftypes set size:undefined disposed:false
228 silly fetch manifest uuid@^3.3.2
229 silly packumentCache full:https://registry.npmjs.org/uuid cache-miss
230 http fetch GET 200 https://registry.npmjs.org/@babel%2fcode-frame 56ms (cache miss)
231 silly packumentCache full:https://registry.npmjs.org/@babel%2fcode-frame set size:undefined disposed:false
232 silly fetch manifest yaml@^1.10.0
233 silly packumentCache full:https://registry.npmjs.org/yaml cache-miss
234 http cache https://registry.npmjs.org/uuid 14ms (cache hit)
235 silly packumentCache full:https://registry.npmjs.org/uuid set size:233177 disposed:false
236 silly fetch manifest @expo/ngrok-bin@2.3.42
237 silly packumentCache full:https://registry.npmjs.org/@expo%2fngrok-bin cache-miss
238 http fetch GET 200 https://registry.npmjs.org/@jridgewell%2fremapping 54ms (cache miss)
239 silly packumentCache full:https://registry.npmjs.org/@jridgewell%2fremapping set size:undefined disposed:false
240 silly fetch manifest merge-options@^3.0.4
241 silly packumentCache full:https://registry.npmjs.org/merge-options cache-miss
242 http fetch GET 200 https://registry.npmjs.org/@babel%2fhelper-module-transforms 45ms (cache miss)
243 silly packumentCache full:https://registry.npmjs.org/@babel%2fhelper-module-transforms set size:undefined disposed:false
244 silly fetch manifest invariant@^2.2.4
245 silly packumentCache full:https://registry.npmjs.org/invariant cache-miss
246 http fetch GET 200 https://registry.npmjs.org/@babel%2ftraverse 124ms (cache miss)
247 silly packumentCache full:https://registry.npmjs.org/@babel%2ftraverse set size:undefined disposed:false
248 silly fetch manifest nanoid@^3.3.11
249 silly packumentCache full:https://registry.npmjs.org/nanoid cache-miss
250 http fetch GET 200 https://registry.npmjs.org/@babel%2fhelpers 133ms (cache miss)
251 silly packumentCache full:https://registry.npmjs.org/@babel%2fhelpers set size:undefined disposed:false
252 silly fetch manifest fast-deep-equal@^3.1.3
253 silly packumentCache full:https://registry.npmjs.org/fast-deep-equal cache-miss
254 http fetch GET 200 https://registry.npmjs.org/@babel%2fhelper-compilation-targets 51ms (cache miss)
255 silly packumentCache full:https://registry.npmjs.org/@babel%2fhelper-compilation-targets set size:undefined disposed:false
256 silly fetch manifest use-latest-callback@^0.2.4
257 silly packumentCache full:https://registry.npmjs.org/use-latest-callback cache-miss
258 http fetch GET 200 https://registry.npmjs.org/yaml 45ms (cache miss)
259 silly packumentCache full:https://registry.npmjs.org/yaml set size:undefined disposed:false
260 silly fetch manifest escape-string-regexp@^4.0.0
261 silly packumentCache full:https://registry.npmjs.org/escape-string-regexp cache-miss
262 http fetch GET 200 https://registry.npmjs.org/merge-options 31ms (cache miss)
263 silly packumentCache full:https://registry.npmjs.org/merge-options set size:undefined disposed:false
264 silly fetch manifest @react-navigation/core@^7.17.2
265 silly packumentCache full:https://registry.npmjs.org/@react-navigation%2fcore cache-miss
266 http fetch GET 200 https://registry.npmjs.org/got 61ms (cache miss)
267 silly packumentCache full:https://registry.npmjs.org/got set size:undefined disposed:false
268 silly fetch manifest color@^4.2.3
269 silly packumentCache full:https://registry.npmjs.org/color cache-miss
270 http fetch GET 200 https://registry.npmjs.org/invariant 36ms (cache miss)
271 silly packumentCache full:https://registry.npmjs.org/invariant set size:undefined disposed:false
272 silly fetch manifest warn-once@^0.1.1
273 silly packumentCache full:https://registry.npmjs.org/warn-once cache-miss
274 http fetch GET 200 https://registry.npmjs.org/fast-deep-equal 30ms (cache miss)
275 silly packumentCache full:https://registry.npmjs.org/fast-deep-equal set size:undefined disposed:false
276 silly fetch manifest sf-symbols-typescript@^2.1.0
277 silly packumentCache full:https://registry.npmjs.org/sf-symbols-typescript cache-miss
278 http fetch GET 200 https://registry.npmjs.org/@babel%2fparser 168ms (cache miss)
279 silly packumentCache full:https://registry.npmjs.org/@babel%2fparser set size:undefined disposed:false
280 silly fetch manifest @react-navigation/elements@^2.9.14
281 silly packumentCache full:https://registry.npmjs.org/@react-navigation%2felements cache-miss
282 http fetch GET 200 https://registry.npmjs.org/use-latest-callback 33ms (cache miss)
283 silly packumentCache full:https://registry.npmjs.org/use-latest-callback set size:undefined disposed:false
284 silly fetch manifest csstype@^3.2.2
285 silly packumentCache full:https://registry.npmjs.org/csstype cache-miss
286 http fetch GET 200 https://registry.npmjs.org/escape-string-regexp 30ms (cache miss)
287 silly packumentCache full:https://registry.npmjs.org/escape-string-regexp set size:undefined disposed:false
288 silly fetch manifest @expo/cli@55.0.26
289 silly packumentCache full:https://registry.npmjs.org/@expo%2fcli cache-miss
290 http fetch GET 200 https://registry.npmjs.org/nanoid 49ms (cache miss)
291 silly packumentCache full:https://registry.npmjs.org/nanoid set size:undefined disposed:false
292 silly fetch manifest @expo/metro@~55.1.0
293 silly packumentCache full:https://registry.npmjs.org/@expo%2fmetro cache-miss
294 http fetch GET 200 https://registry.npmjs.org/color 27ms (cache miss)
295 silly packumentCache full:https://registry.npmjs.org/color set size:undefined disposed:false
296 silly fetch manifest @expo/config@~55.0.15
297 silly packumentCache full:https://registry.npmjs.org/@expo%2fconfig cache-miss
298 http fetch GET 200 https://registry.npmjs.org/warn-once 35ms (cache miss)
299 silly packumentCache full:https://registry.npmjs.org/warn-once set size:undefined disposed:false
300 silly fetch manifest @expo/log-box@55.0.11
301 silly packumentCache full:https://registry.npmjs.org/@expo%2flog-box cache-miss
302 http fetch GET 200 https://registry.npmjs.org/sf-symbols-typescript 33ms (cache miss)
303 silly packumentCache full:https://registry.npmjs.org/sf-symbols-typescript set size:undefined disposed:false
304 silly fetch manifest pretty-format@^29.7.0
305 silly packumentCache full:https://registry.npmjs.org/pretty-format cache-miss
306 http fetch GET 200 https://registry.npmjs.org/csstype 30ms (cache miss)
307 silly packumentCache full:https://registry.npmjs.org/csstype set size:undefined disposed:false
308 silly fetch manifest react-refresh@^0.14.2
309 silly packumentCache full:https://registry.npmjs.org/react-refresh cache-miss
310 http fetch GET 200 https://registry.npmjs.org/@expo%2fmetro 35ms (cache miss)
311 silly packumentCache full:https://registry.npmjs.org/@expo%2fmetro set size:undefined disposed:false
312 silly fetch manifest @babel/runtime@^7.20.0
313 silly packumentCache full:https://registry.npmjs.org/@babel%2fruntime cache-miss
314 http fetch GET 200 https://registry.npmjs.org/@react-navigation%2felements 47ms (cache miss)
315 silly packumentCache full:https://registry.npmjs.org/@react-navigation%2felements set size:undefined disposed:false
316 silly fetch manifest @expo/devtools@55.0.2
317 silly packumentCache full:https://registry.npmjs.org/@expo%2fdevtools cache-miss
318 http fetch GET 200 https://registry.npmjs.org/@expo%2flog-box 39ms (cache miss)
319 silly packumentCache full:https://registry.npmjs.org/@expo%2flog-box set size:undefined disposed:false
320 silly fetch manifest expo-keep-awake@~55.0.6
321 silly packumentCache full:https://registry.npmjs.org/expo-keep-awake cache-miss
322 http fetch GET 200 https://registry.npmjs.org/@expo%2fconfig 68ms (cache miss)
323 silly packumentCache full:https://registry.npmjs.org/@expo%2fconfig set size:undefined disposed:false
324 silly fetch manifest expo-file-system@~55.0.17
325 silly packumentCache full:https://registry.npmjs.org/expo-file-system cache-miss
326 http fetch GET 200 https://registry.npmjs.org/pretty-format 79ms (cache miss)
327 silly packumentCache full:https://registry.npmjs.org/pretty-format set size:undefined disposed:false
328 silly fetch manifest @expo/fingerprint@0.16.6
329 silly packumentCache full:https://registry.npmjs.org/@expo%2ffingerprint cache-miss
330 http fetch GET 200 https://registry.npmjs.org/expo-keep-awake 47ms (cache miss)
331 silly packumentCache full:https://registry.npmjs.org/expo-keep-awake set size:undefined disposed:false
332 silly fetch manifest babel-preset-expo@~55.0.18
333 silly packumentCache full:https://registry.npmjs.org/babel-preset-expo cache-miss
334 http fetch GET 200 https://registry.npmjs.org/@expo%2fcli 119ms (cache miss)
335 silly packumentCache full:https://registry.npmjs.org/@expo%2fcli set size:undefined disposed:false
336 silly fetch manifest expo-modules-core@55.0.23
337 silly packumentCache full:https://registry.npmjs.org/expo-modules-core cache-miss
338 http fetch GET 200 https://registry.npmjs.org/expo-file-system 58ms (cache miss)
339 silly packumentCache full:https://registry.npmjs.org/expo-file-system set size:undefined disposed:false
340 silly fetch manifest @expo/metro-config@55.0.17
341 silly packumentCache full:https://registry.npmjs.org/@expo%2fmetro-config cache-miss
342 http fetch GET 200 https://registry.npmjs.org/@babel%2fruntime 112ms (cache miss)
343 silly packumentCache full:https://registry.npmjs.org/@babel%2fruntime set size:undefined disposed:false
344 silly fetch manifest @expo/vector-icons@^15.0.2
345 silly packumentCache full:https://registry.npmjs.org/@expo%2fvector-icons cache-miss
346 http fetch GET 200 https://registry.npmjs.org/babel-preset-expo 62ms (cache miss)
347 silly packumentCache full:https://registry.npmjs.org/babel-preset-expo set size:undefined disposed:false
348 silly fetch manifest whatwg-url-minimum@^0.1.1
349 silly packumentCache full:https://registry.npmjs.org/whatwg-url-minimum cache-miss
350 http fetch GET 200 https://registry.npmjs.org/expo-modules-core 57ms (cache miss)
351 silly packumentCache full:https://registry.npmjs.org/expo-modules-core set size:undefined disposed:false
352 silly fetch manifest @expo/config-plugins@~55.0.8
353 silly packumentCache full:https://registry.npmjs.org/@expo%2fconfig-plugins cache-miss
354 http fetch GET 200 https://registry.npmjs.org/react-refresh 175ms (cache miss)
355 silly packumentCache full:https://registry.npmjs.org/react-refresh set size:undefined disposed:false
356 silly fetch manifest @ungap/structured-clone@^1.3.0
357 silly packumentCache full:https://registry.npmjs.org/@ungap%2fstructured-clone cache-miss
358 http fetch GET 200 https://registry.npmjs.org/whatwg-url-minimum 59ms (cache miss)
359 silly packumentCache full:https://registry.npmjs.org/whatwg-url-minimum set size:undefined disposed:false
360 silly fetch manifest expo-modules-autolinking@55.0.18
361 silly packumentCache full:https://registry.npmjs.org/expo-modules-autolinking cache-miss
362 http fetch GET 200 https://registry.npmjs.org/@expo%2fvector-icons 76ms (cache miss)
363 silly packumentCache full:https://registry.npmjs.org/@expo%2fvector-icons set size:undefined disposed:false
364 silly fetch manifest @expo/local-build-cache-provider@55.0.11
365 silly packumentCache full:https://registry.npmjs.org/@expo%2flocal-build-cache-provider cache-miss
366 http fetch GET 200 https://registry.npmjs.org/@expo%2fngrok-bin 317ms (cache miss)
367 silly packumentCache full:https://registry.npmjs.org/@expo%2fngrok-bin set size:undefined disposed:false
368 silly fetch manifest @expo/image-utils@^0.8.13
369 silly packumentCache full:https://registry.npmjs.org/@expo%2fimage-utils cache-miss
370 http fetch GET 200 https://registry.npmjs.org/@ungap%2fstructured-clone 42ms (cache miss)
371 silly packumentCache full:https://registry.npmjs.org/@ungap%2fstructured-clone set size:undefined disposed:false
372 silly fetch manifest @expo/env@~2.1.1
373 silly packumentCache full:https://registry.npmjs.org/@expo%2fenv cache-miss
374 http fetch GET 200 https://registry.npmjs.org/expo-modules-autolinking 45ms (cache miss)
375 silly packumentCache full:https://registry.npmjs.org/expo-modules-autolinking set size:undefined disposed:false
376 silly fetch manifest fontfaceobserver@^2.1.0
377 silly packumentCache full:https://registry.npmjs.org/fontfaceobserver cache-miss
378 http fetch GET 200 https://registry.npmjs.org/@expo%2fimage-utils 52ms (cache miss)
379 silly packumentCache full:https://registry.npmjs.org/@expo%2fimage-utils set size:undefined disposed:false
380 silly fetch manifest expo-image-loader@~55.0.0
381 silly packumentCache full:https://registry.npmjs.org/expo-image-loader cache-miss
382 http fetch GET 200 https://registry.npmjs.org/fontfaceobserver 34ms (cache miss)
383 silly packumentCache full:https://registry.npmjs.org/fontfaceobserver set size:undefined disposed:false
384 silly fetch manifest react-native-is-edge-to-edge@^1.2.1
385 silly packumentCache full:https://registry.npmjs.org/react-native-is-edge-to-edge cache-miss
386 http fetch GET 200 https://registry.npmjs.org/@expo%2fenv 49ms (cache miss)
387 silly packumentCache full:https://registry.npmjs.org/@expo%2fenv set size:undefined disposed:false
388 silly fetch manifest postcss@^8.4.12
389 silly packumentCache full:https://registry.npmjs.org/postcss cache-miss
390 http fetch GET 200 https://registry.npmjs.org/expo-image-loader 35ms (cache miss)
391 silly packumentCache full:https://registry.npmjs.org/expo-image-loader set size:undefined disposed:false
392 silly fetch manifest react-is@^18.1.0
393 silly packumentCache full:https://registry.npmjs.org/react-is cache-miss
394 http fetch GET 200 https://registry.npmjs.org/postcss 41ms (cache miss)
395 silly packumentCache full:https://registry.npmjs.org/postcss set size:undefined disposed:false
396 silly fetch manifest micromatch@^4.0.5
397 silly packumentCache full:https://registry.npmjs.org/micromatch cache-miss
398 http fetch GET 200 https://registry.npmjs.org/@expo%2fdevtools 325ms (cache miss)
399 silly packumentCache full:https://registry.npmjs.org/@expo%2fdevtools set size:undefined disposed:false
400 silly fetch manifest @babel/types@7.19.0
401 silly packumentCache full:https://registry.npmjs.org/@babel%2ftypes cache-miss
402 http cache https://registry.npmjs.org/@babel%2ftypes 1ms (cache hit)
403 silly packumentCache full:https://registry.npmjs.org/@babel%2ftypes set size:487885 disposed:false
404 silly fetch manifest postcss-calc@^8.2.4
405 silly packumentCache full:https://registry.npmjs.org/postcss-calc cache-miss
406 http fetch GET 200 https://registry.npmjs.org/postcss-calc 30ms (cache miss)
407 silly packumentCache full:https://registry.npmjs.org/postcss-calc set size:undefined disposed:false
408 silly fetch manifest css-mediaquery@^0.1.2
409 silly packumentCache full:https://registry.npmjs.org/css-mediaquery cache-miss
410 http fetch GET 200 https://registry.npmjs.org/micromatch 39ms (cache miss)
411 silly packumentCache full:https://registry.npmjs.org/micromatch set size:undefined disposed:false
412 silly fetch manifest postcss-nested@^5.0.6
413 silly packumentCache full:https://registry.npmjs.org/postcss-nested cache-miss
414 http fetch GET 200 https://registry.npmjs.org/css-mediaquery 23ms (cache miss)
415 silly packumentCache full:https://registry.npmjs.org/css-mediaquery set size:undefined disposed:false
416 silly fetch manifest @babel/generator@^7.18.7
417 silly packumentCache full:https://registry.npmjs.org/@babel%2fgenerator cache-miss
418 http cache https://registry.npmjs.org/@babel%2fgenerator 3ms (cache hit)
419 silly packumentCache full:https://registry.npmjs.org/@babel%2fgenerator set size:507107 disposed:false
420 silly fetch manifest css-to-react-native@^3.0.0
421 silly packumentCache full:https://registry.npmjs.org/css-to-react-native cache-miss
422 http fetch GET 200 https://registry.npmjs.org/postcss-nested 35ms (cache miss)
423 silly packumentCache full:https://registry.npmjs.org/postcss-nested set size:undefined disposed:false
424 silly fetch manifest postcss-css-variables@^0.18.0
425 silly packumentCache full:https://registry.npmjs.org/postcss-css-variables cache-miss
426 http fetch GET 200 https://registry.npmjs.org/@expo%2ffingerprint 358ms (cache miss)
427 silly packumentCache full:https://registry.npmjs.org/@expo%2ffingerprint set size:undefined disposed:false
428 silly fetch manifest use-sync-external-store@^1.1.0
429 silly packumentCache full:https://registry.npmjs.org/use-sync-external-store cache-miss
430 http fetch GET 200 https://registry.npmjs.org/@react-navigation%2fcore 495ms (cache miss)
431 silly packumentCache full:https://registry.npmjs.org/@react-navigation%2fcore set size:undefined disposed:false
432 silly fetch manifest @babel/helper-module-imports@7.18.6
433 silly packumentCache full:https://registry.npmjs.org/@babel%2fhelper-module-imports cache-miss
434 http fetch GET 200 https://registry.npmjs.org/css-to-react-native 38ms (cache miss)
435 silly packumentCache full:https://registry.npmjs.org/css-to-react-native set size:undefined disposed:false
436 silly fetch manifest postcss-color-functional-notation@^4.2.2
437 silly packumentCache full:https://registry.npmjs.org/postcss-color-functional-notation cache-miss
438 http fetch GET 200 https://registry.npmjs.org/postcss-css-variables 33ms (cache miss)
439 silly packumentCache full:https://registry.npmjs.org/postcss-css-variables set size:undefined disposed:false
440 silly fetch manifest scheduler@^0.27.0
441 silly packumentCache full:https://registry.npmjs.org/scheduler cache-miss
442 http fetch GET 200 https://registry.npmjs.org/react-is 143ms (cache miss)
443 silly packumentCache full:https://registry.npmjs.org/react-is set size:undefined disposed:false
444 silly fetch manifest ws@^7.5.10
445 silly packumentCache full:https://registry.npmjs.org/ws cache-miss
446 http fetch GET 200 https://registry.npmjs.org/@babel%2fhelper-module-imports 50ms (cache miss)
447 silly packumentCache full:https://registry.npmjs.org/@babel%2fhelper-module-imports set size:undefined disposed:false
448 silly fetch manifest glob@^7.1.1
449 silly packumentCache full:https://registry.npmjs.org/glob cache-miss
450 http fetch GET 200 https://registry.npmjs.org/react-native-is-edge-to-edge 206ms (cache miss)
451 silly packumentCache full:https://registry.npmjs.org/react-native-is-edge-to-edge set size:undefined disposed:false
452 silly fetch manifest anser@^1.4.9
453 silly packumentCache full:https://registry.npmjs.org/anser cache-miss
454 http fetch GET 200 https://registry.npmjs.org/ws 46ms (cache miss)
455 silly packumentCache full:https://registry.npmjs.org/ws set size:undefined disposed:false
456 silly fetch manifest yargs@^17.6.2
457 silly packumentCache full:https://registry.npmjs.org/yargs cache-miss
458 http fetch GET 200 https://registry.npmjs.org/@expo%2flocal-build-cache-provider 325ms (cache miss)
459 silly packumentCache full:https://registry.npmjs.org/@expo%2flocal-build-cache-provider set size:undefined disposed:false
460 silly fetch manifest semver@^7.1.3
461 silly packumentCache full:https://registry.npmjs.org/semver cache-miss
462 http fetch GET 200 https://registry.npmjs.org/glob 44ms (cache miss)
463 silly packumentCache full:https://registry.npmjs.org/glob set size:undefined disposed:false
464 silly fetch manifest promise@^8.3.0
465 silly packumentCache full:https://registry.npmjs.org/promise cache-miss
466 http cache https://registry.npmjs.org/semver 8ms (cache hit)
467 silly packumentCache full:https://registry.npmjs.org/semver set size:229571 disposed:false
468 silly fetch manifest base64-js@^1.5.1
469 silly packumentCache full:https://registry.npmjs.org/base64-js cache-miss
470 http fetch GET 200 https://registry.npmjs.org/anser 50ms (cache miss)
471 silly packumentCache full:https://registry.npmjs.org/anser set size:undefined disposed:false
472 silly fetch manifest commander@^12.0.0
473 silly packumentCache full:https://registry.npmjs.org/commander cache-miss
474 http fetch GET 200 https://registry.npmjs.org/base64-js 26ms (cache miss)
475 silly packumentCache full:https://registry.npmjs.org/base64-js set size:undefined disposed:false
476 silly fetch manifest scheduler@0.27.0
477 silly packumentCache full:https://registry.npmjs.org/scheduler cache-miss
478 http fetch GET 200 https://registry.npmjs.org/promise 31ms (cache miss)
479 silly packumentCache full:https://registry.npmjs.org/promise set size:undefined disposed:false
480 silly fetch manifest ansi-regex@^5.0.0
481 silly packumentCache full:https://registry.npmjs.org/ansi-regex cache-miss
482 http fetch GET 200 https://registry.npmjs.org/yargs 44ms (cache miss)
483 silly packumentCache full:https://registry.npmjs.org/yargs set size:undefined disposed:false
484 silly fetch manifest babel-jest@^29.7.0
485 silly packumentCache full:https://registry.npmjs.org/babel-jest cache-miss
486 http fetch GET 200 https://registry.npmjs.org/commander 44ms (cache miss)
487 silly packumentCache full:https://registry.npmjs.org/commander set size:undefined disposed:false
488 silly fetch manifest nullthrows@^1.1.1
489 silly packumentCache full:https://registry.npmjs.org/nullthrows cache-miss
490 http fetch GET 200 https://registry.npmjs.org/ansi-regex 24ms (cache miss)
491 silly packumentCache full:https://registry.npmjs.org/ansi-regex set size:undefined disposed:false
492 silly fetch manifest memoize-one@^5.0.0
493 silly packumentCache full:https://registry.npmjs.org/memoize-one cache-miss
494 http fetch GET 200 https://registry.npmjs.org/scheduler 151ms (cache miss)
495 silly packumentCache full:https://registry.npmjs.org/scheduler set size:undefined disposed:false
496 silly fetch manifest whatwg-fetch@^3.0.0
497 silly packumentCache full:https://registry.npmjs.org/whatwg-fetch cache-miss
498 http fetch GET 200 https://registry.npmjs.org/nullthrows 33ms (cache miss)
499 silly packumentCache full:https://registry.npmjs.org/nullthrows set size:undefined disposed:false
500 silly fetch manifest metro-runtime@^0.83.6
501 silly packumentCache full:https://registry.npmjs.org/metro-runtime cache-miss
502 http fetch GET 200 https://registry.npmjs.org/postcss-color-functional-notation 186ms (cache miss)
503 silly packumentCache full:https://registry.npmjs.org/postcss-color-functional-notation set size:undefined disposed:false
504 silly fetch manifest react-refresh@^0.14.0
505 silly packumentCache full:https://registry.npmjs.org/react-refresh cache-miss
506 http fetch GET 200 https://registry.npmjs.org/memoize-one 42ms (cache miss)
507 silly packumentCache full:https://registry.npmjs.org/memoize-one set size:undefined disposed:false
508 silly fetch manifest hermes-compiler@0.14.1
509 silly packumentCache full:https://registry.npmjs.org/hermes-compiler cache-miss
510 http cache https://registry.npmjs.org/react-refresh 22ms (cache hit)
511 silly packumentCache full:https://registry.npmjs.org/react-refresh set size:6307783 disposed:false
512 silly fetch manifest abort-controller@^3.0.0
513 silly packumentCache full:https://registry.npmjs.org/abort-controller cache-miss
514 http fetch GET 200 https://registry.npmjs.org/whatwg-fetch 75ms (cache miss)
515 silly packumentCache full:https://registry.npmjs.org/whatwg-fetch set size:undefined disposed:false
516 silly fetch manifest metro-source-map@^0.83.6
517 silly packumentCache full:https://registry.npmjs.org/metro-source-map cache-miss
518 http fetch GET 200 https://registry.npmjs.org/@expo%2fmetro-config 580ms (cache miss)
519 silly packumentCache full:https://registry.npmjs.org/@expo%2fmetro-config set size:undefined disposed:false
520 silly fetch manifest stacktrace-parser@^0.1.10
521 silly packumentCache full:https://registry.npmjs.org/stacktrace-parser cache-miss
522 http fetch GET 200 https://registry.npmjs.org/hermes-compiler 62ms (cache miss)
523 silly packumentCache full:https://registry.npmjs.org/hermes-compiler set size:undefined disposed:false
524 silly fetch manifest flow-enums-runtime@^0.0.6
525 silly packumentCache full:https://registry.npmjs.org/flow-enums-runtime cache-miss
526 http fetch GET 200 https://registry.npmjs.org/metro-runtime 79ms (cache miss)
527 silly packumentCache full:https://registry.npmjs.org/metro-runtime set size:undefined disposed:false
528 silly fetch manifest react-devtools-core@^6.1.5
529 silly packumentCache full:https://registry.npmjs.org/react-devtools-core cache-miss
530 http fetch GET 200 https://registry.npmjs.org/use-sync-external-store 285ms (cache miss)
531 silly packumentCache full:https://registry.npmjs.org/use-sync-external-store set size:undefined disposed:false
532 silly fetch manifest regenerator-runtime@^0.13.2
533 silly packumentCache full:https://registry.npmjs.org/regenerator-runtime cache-miss
534 http fetch GET 200 https://registry.npmjs.org/@expo%2fconfig-plugins 572ms (cache miss)
535 silly packumentCache full:https://registry.npmjs.org/@expo%2fconfig-plugins set size:undefined disposed:false
536 silly fetch manifest @react-native/codegen@0.83.6
537 silly packumentCache full:https://registry.npmjs.org/@react-native%2fcodegen cache-miss
538 http fetch GET 200 https://registry.npmjs.org/abort-controller 69ms (cache miss)
539 silly packumentCache full:https://registry.npmjs.org/abort-controller set size:undefined disposed:false
540 silly fetch manifest jest-environment-node@^29.7.0
541 silly packumentCache full:https://registry.npmjs.org/jest-environment-node cache-miss
542 http fetch GET 200 https://registry.npmjs.org/stacktrace-parser 57ms (cache miss)
543 silly packumentCache full:https://registry.npmjs.org/stacktrace-parser set size:undefined disposed:false
544 silly fetch manifest @react-native/js-polyfills@0.83.6
545 silly packumentCache full:https://registry.npmjs.org/@react-native%2fjs-polyfills cache-miss
546 http fetch GET 200 https://registry.npmjs.org/flow-enums-runtime 52ms (cache miss)
547 silly packumentCache full:https://registry.npmjs.org/flow-enums-runtime set size:undefined disposed:false
548 silly fetch manifest @react-native/gradle-plugin@0.83.6
549 silly packumentCache full:https://registry.npmjs.org/@react-native%2fgradle-plugin cache-miss
550 http fetch GET 200 https://registry.npmjs.org/react-devtools-core 53ms (cache miss)
551 silly packumentCache full:https://registry.npmjs.org/react-devtools-core set size:undefined disposed:false
552 silly fetch manifest @react-native/assets-registry@0.83.6
553 silly packumentCache full:https://registry.npmjs.org/@react-native%2fassets-registry cache-miss
554 http fetch GET 200 https://registry.npmjs.org/metro-source-map 74ms (cache miss)
555 silly packumentCache full:https://registry.npmjs.org/metro-source-map set size:undefined disposed:false
556 silly fetch manifest @react-native/normalize-colors@0.83.6
557 silly packumentCache full:https://registry.npmjs.org/@react-native%2fnormalize-colors cache-miss
558 http fetch GET 200 https://registry.npmjs.org/regenerator-runtime 40ms (cache miss)
559 silly packumentCache full:https://registry.npmjs.org/regenerator-runtime set size:undefined disposed:false
560 silly fetch manifest @jest/create-cache-key-function@^29.7.0
561 silly packumentCache full:https://registry.npmjs.org/@jest%2fcreate-cache-key-function cache-miss
562 http fetch GET 200 https://registry.npmjs.org/scheduler 215ms (cache miss)
563 silly packumentCache full:https://registry.npmjs.org/scheduler set size:undefined disposed:false
564 silly fetch manifest @react-native/virtualized-lists@0.83.6
565 silly packumentCache full:https://registry.npmjs.org/@react-native%2fvirtualized-lists cache-miss
566 http fetch GET 200 https://registry.npmjs.org/babel-jest 225ms (cache miss)
567 silly packumentCache full:https://registry.npmjs.org/babel-jest set size:undefined disposed:false
568 silly fetch manifest babel-plugin-syntax-hermes-parser@0.32.0
569 silly packumentCache full:https://registry.npmjs.org/babel-plugin-syntax-hermes-parser cache-miss
570 http fetch GET 200 https://registry.npmjs.org/jest-environment-node 60ms (cache miss)
571 silly packumentCache full:https://registry.npmjs.org/jest-environment-node set size:undefined disposed:false
572 silly fetch manifest @react-native/community-cli-plugin@0.83.6
573 silly packumentCache full:https://registry.npmjs.org/@react-native%2fcommunity-cli-plugin cache-miss
574 http fetch GET 200 https://registry.npmjs.org/@jest%2fcreate-cache-key-function 47ms (cache miss)
575 silly packumentCache full:https://registry.npmjs.org/@jest%2fcreate-cache-key-function set size:undefined disposed:false
576 silly fetch manifest fast-base64-decode@^1.0.0
577 silly packumentCache full:https://registry.npmjs.org/fast-base64-decode cache-miss
578 http fetch GET 200 https://registry.npmjs.org/babel-plugin-syntax-hermes-parser 27ms (cache miss)
579 silly packumentCache full:https://registry.npmjs.org/babel-plugin-syntax-hermes-parser set size:undefined disposed:false
580 silly fetch manifest semver@7.7.3
581 silly packumentCache full:https://registry.npmjs.org/semver cache-hit
582 silly fetch manifest react-native-is-edge-to-edge@1.2.1
583 silly packumentCache full:https://registry.npmjs.org/react-native-is-edge-to-edge cache-miss
584 http cache https://registry.npmjs.org/react-native-is-edge-to-edge 2ms (cache hit)
585 silly packumentCache full:https://registry.npmjs.org/react-native-is-edge-to-edge set size:36085 disposed:false
586 silly fetch manifest warn-once@^0.1.0
587 silly packumentCache full:https://registry.npmjs.org/warn-once cache-miss
588 http fetch GET 200 https://registry.npmjs.org/@react-native%2fgradle-plugin 84ms (cache miss)
589 silly packumentCache full:https://registry.npmjs.org/@react-native%2fgradle-plugin set size:undefined disposed:false
590 silly fetch manifest react-freeze@^1.0.0
591 silly packumentCache full:https://registry.npmjs.org/react-freeze cache-miss
592 http cache https://registry.npmjs.org/warn-once 14ms (cache hit)
593 silly packumentCache full:https://registry.npmjs.org/warn-once set size:8138 disposed:false
594 silly fetch manifest css-tree@^1.1.3
595 silly packumentCache full:https://registry.npmjs.org/css-tree cache-miss
596 http fetch GET 200 https://registry.npmjs.org/fast-base64-decode 38ms (cache miss)
597 silly packumentCache full:https://registry.npmjs.org/fast-base64-decode set size:undefined disposed:false
598 silly fetch manifest warn-once@0.1.1
599 silly packumentCache full:https://registry.npmjs.org/warn-once cache-hit
600 silly fetch manifest css-select@^5.1.0
601 silly packumentCache full:https://registry.npmjs.org/css-select cache-miss
602 http fetch GET 200 https://registry.npmjs.org/@react-native%2fnormalize-colors 102ms (cache miss)
603 silly packumentCache full:https://registry.npmjs.org/@react-native%2fnormalize-colors set size:undefined disposed:false
604 silly fetch manifest @babel/runtime@^7.18.6
605 silly packumentCache full:https://registry.npmjs.org/@babel%2fruntime cache-miss
606 http cache https://registry.npmjs.org/@babel%2fruntime 8ms (cache hit)
607 silly packumentCache full:https://registry.npmjs.org/@babel%2fruntime set size:3372292 disposed:false
608 silly fetch manifest @react-native/normalize-colors@^0.74.1
609 silly packumentCache full:https://registry.npmjs.org/@react-native%2fnormalize-colors cache-miss
610 http cache https://registry.npmjs.org/@react-native%2fnormalize-colors 11ms (cache hit)
611 silly packumentCache full:https://registry.npmjs.org/@react-native%2fnormalize-colors set size:1832655 disposed:false
612 silly fetch manifest fbjs@^3.0.4
613 silly packumentCache full:https://registry.npmjs.org/fbjs cache-miss
614 http fetch GET 200 https://registry.npmjs.org/css-select 60ms (cache miss)
615 silly packumentCache full:https://registry.npmjs.org/css-select set size:undefined disposed:false
616 silly fetch manifest inline-style-prefixer@^7.0.1
617 silly packumentCache full:https://registry.npmjs.org/inline-style-prefixer cache-miss
618 http fetch GET 200 https://registry.npmjs.org/css-tree 68ms (cache miss)
619 silly packumentCache full:https://registry.npmjs.org/css-tree set size:undefined disposed:false
620 silly fetch manifest memoize-one@^6.0.0
621 silly packumentCache full:https://registry.npmjs.org/memoize-one cache-miss
622 http cache https://registry.npmjs.org/memoize-one 4ms (cache hit)
623 silly packumentCache full:https://registry.npmjs.org/memoize-one set size:217155 disposed:false
624 silly fetch manifest postcss-value-parser@^4.2.0
625 silly packumentCache full:https://registry.npmjs.org/postcss-value-parser cache-miss
626 http fetch GET 200 https://registry.npmjs.org/@react-native%2fjs-polyfills 197ms (cache miss)
627 silly packumentCache full:https://registry.npmjs.org/@react-native%2fjs-polyfills set size:undefined disposed:false
628 silly fetch manifest styleq@^0.1.3
629 silly packumentCache full:https://registry.npmjs.org/styleq cache-miss
630 http fetch GET 200 https://registry.npmjs.org/fbjs 39ms (cache miss)
631 silly packumentCache full:https://registry.npmjs.org/fbjs set size:undefined disposed:false
632 silly fetch manifest convert-source-map@2.0.0
633 silly packumentCache full:https://registry.npmjs.org/convert-source-map cache-miss
634 http cache https://registry.npmjs.org/convert-source-map 5ms (cache hit)
635 silly packumentCache full:https://registry.npmjs.org/convert-source-map set size:66997 disposed:false
636 silly fetch manifest @babel/preset-typescript@7.27.1
637 silly packumentCache full:https://registry.npmjs.org/@babel%2fpreset-typescript cache-miss
638 http fetch GET 200 https://registry.npmjs.org/@react-native%2fvirtualized-lists 162ms (cache miss)
639 silly packumentCache full:https://registry.npmjs.org/@react-native%2fvirtualized-lists set size:undefined disposed:false
640 silly fetch manifest @babel/plugin-transform-classes@7.28.4
641 silly packumentCache full:https://registry.npmjs.org/@babel%2fplugin-transform-classes cache-miss
642 http fetch GET 200 https://registry.npmjs.org/@react-native%2fcodegen 234ms (cache miss)
643 silly packumentCache full:https://registry.npmjs.org/@react-native%2fcodegen set size:undefined disposed:false
644 silly fetch manifest @babel/plugin-transform-unicode-regex@7.27.1
645 silly packumentCache full:https://registry.npmjs.org/@babel%2fplugin-transform-unicode-regex cache-miss
646 http fetch GET 200 https://registry.npmjs.org/@react-native%2fcommunity-cli-plugin 172ms (cache miss)
647 silly packumentCache full:https://registry.npmjs.org/@react-native%2fcommunity-cli-plugin set size:undefined disposed:false
648 silly fetch manifest @babel/plugin-transform-arrow-functions@7.27.1
649 silly packumentCache full:https://registry.npmjs.org/@babel%2fplugin-transform-arrow-functions cache-miss
650 http fetch GET 200 https://registry.npmjs.org/styleq 48ms (cache miss)
651 silly packumentCache full:https://registry.npmjs.org/styleq set size:undefined disposed:false
652 silly fetch manifest @babel/plugin-transform-class-properties@7.27.1
653 silly packumentCache full:https://registry.npmjs.org/@babel%2fplugin-transform-class-properties cache-miss
654 http fetch GET 200 https://registry.npmjs.org/inline-style-prefixer 86ms (cache miss)
655 silly packumentCache full:https://registry.npmjs.org/inline-style-prefixer set size:undefined disposed:false
656 silly fetch manifest @babel/plugin-transform-optional-chaining@7.27.1
657 silly packumentCache full:https://registry.npmjs.org/@babel%2fplugin-transform-optional-chaining cache-miss
658 http fetch GET 200 https://registry.npmjs.org/postcss-value-parser 77ms (cache miss)
659 silly packumentCache full:https://registry.npmjs.org/postcss-value-parser set size:undefined disposed:false
660 silly fetch manifest @babel/plugin-transform-template-literals@7.27.1
661 silly packumentCache full:https://registry.npmjs.org/@babel%2fplugin-transform-template-literals cache-miss
662 http fetch GET 200 https://registry.npmjs.org/@babel%2fpreset-typescript 46ms (cache miss)
663 silly packumentCache full:https://registry.npmjs.org/@babel%2fpreset-typescript set size:undefined disposed:false
664 silly fetch manifest @babel/plugin-transform-shorthand-properties@7.27.1
665 silly packumentCache full:https://registry.npmjs.org/@babel%2fplugin-transform-shorthand-properties cache-miss
666 http fetch GET 200 https://registry.npmjs.org/@babel%2fplugin-transform-classes 47ms (cache miss)
667 silly packumentCache full:https://registry.npmjs.org/@babel%2fplugin-transform-classes set size:undefined disposed:false
668 silly fetch manifest @babel/plugin-transform-nullish-coalescing-operator@7.27.1
669 silly packumentCache full:https://registry.npmjs.org/@babel%2fplugin-transform-nullish-coalescing-operator cache-miss
670 http fetch GET 200 https://registry.npmjs.org/react-freeze 177ms (cache miss)
671 silly packumentCache full:https://registry.npmjs.org/react-freeze set size:undefined disposed:false
672 silly fetch manifest arg@^5.0.2
673 silly packumentCache full:https://registry.npmjs.org/arg cache-miss
674 http fetch GET 200 https://registry.npmjs.org/@babel%2fplugin-transform-unicode-regex 42ms (cache miss)
675 silly packumentCache full:https://registry.npmjs.org/@babel%2fplugin-transform-unicode-regex set size:undefined disposed:false
676 silly fetch manifest dlv@^1.1.3
677 silly packumentCache full:https://registry.npmjs.org/dlv cache-miss
678 http fetch GET 200 https://registry.npmjs.org/@babel%2fplugin-transform-shorthand-properties 37ms (cache miss)
679 silly packumentCache full:https://registry.npmjs.org/@babel%2fplugin-transform-shorthand-properties set size:undefined disposed:false
680 silly fetch manifest jiti@^1.18.2
681 silly packumentCache full:https://registry.npmjs.org/jiti cache-miss
682 http fetch GET 200 https://registry.npmjs.org/arg 29ms (cache miss)
683 silly packumentCache full:https://registry.npmjs.org/arg set size:undefined disposed:false
684 silly fetch manifest is-glob@^4.0.3
685 silly packumentCache full:https://registry.npmjs.org/is-glob cache-miss
686 http fetch GET 200 https://registry.npmjs.org/dlv 30ms (cache miss)
687 silly packumentCache full:https://registry.npmjs.org/dlv set size:undefined disposed:false
688 silly fetch manifest postcss@^8.4.23
689 silly packumentCache full:https://registry.npmjs.org/postcss cache-miss
690 http fetch GET 200 https://registry.npmjs.org/@babel%2fplugin-transform-nullish-coalescing-operator 39ms (cache miss)
691 silly packumentCache full:https://registry.npmjs.org/@babel%2fplugin-transform-nullish-coalescing-operator set size:undefined disposed:false
692 silly fetch manifest resolve@^1.22.2
693 silly packumentCache full:https://registry.npmjs.org/resolve cache-miss
694 http fetch GET 200 https://registry.npmjs.org/@babel%2fplugin-transform-optional-chaining 54ms (cache miss)
695 silly packumentCache full:https://registry.npmjs.org/@babel%2fplugin-transform-optional-chaining set size:undefined disposed:false
696 silly fetch manifest sucrase@^3.32.0
697 silly packumentCache full:https://registry.npmjs.org/sucrase cache-miss
698 http fetch GET 200 https://registry.npmjs.org/@babel%2fplugin-transform-class-properties 58ms (cache miss)
699 silly packumentCache full:https://registry.npmjs.org/@babel%2fplugin-transform-class-properties set size:undefined disposed:false
700 silly fetch manifest chokidar@^3.5.3
701 silly packumentCache full:https://registry.npmjs.org/chokidar cache-miss
702 http cache https://registry.npmjs.org/postcss 8ms (cache hit)
703 silly packumentCache full:https://registry.npmjs.org/postcss set size:708244 disposed:false
704 silly fetch manifest fast-glob@^3.2.12
705 silly packumentCache full:https://registry.npmjs.org/fast-glob cache-miss
706 http fetch GET 200 https://registry.npmjs.org/@babel%2fplugin-transform-arrow-functions 73ms (cache miss)
707 silly packumentCache full:https://registry.npmjs.org/@babel%2fplugin-transform-arrow-functions set size:undefined disposed:false
708 silly fetch manifest lilconfig@^2.1.0
709 silly packumentCache full:https://registry.npmjs.org/lilconfig cache-miss
710 http fetch GET 200 https://registry.npmjs.org/@react-native%2fassets-registry 323ms (cache miss)
711 silly packumentCache full:https://registry.npmjs.org/@react-native%2fassets-registry set size:undefined disposed:false
712 silly fetch manifest didyoumean@^1.2.2
713 silly packumentCache full:https://registry.npmjs.org/didyoumean cache-miss
714 http fetch GET 200 https://registry.npmjs.org/is-glob 41ms (cache miss)
715 silly packumentCache full:https://registry.npmjs.org/is-glob set size:undefined disposed:false
716 silly fetch manifest picocolors@^1.0.0
717 silly packumentCache full:https://registry.npmjs.org/picocolors cache-miss
718 http fetch GET 200 https://registry.npmjs.org/@babel%2fplugin-transform-template-literals 88ms (cache miss)
719 silly packumentCache full:https://registry.npmjs.org/@babel%2fplugin-transform-template-literals set size:undefined disposed:false
720 silly fetch manifest postcss-js@^4.0.1
721 silly packumentCache full:https://registry.npmjs.org/postcss-js cache-miss
722 http fetch GET 200 https://registry.npmjs.org/jiti 52ms (cache miss)
723 silly packumentCache full:https://registry.npmjs.org/jiti set size:undefined disposed:false
724 silly fetch manifest glob-parent@^6.0.2
725 silly packumentCache full:https://registry.npmjs.org/glob-parent cache-miss
726 http fetch GET 200 https://registry.npmjs.org/chokidar 44ms (cache miss)
727 silly packumentCache full:https://registry.npmjs.org/chokidar set size:undefined disposed:false
728 silly fetch manifest object-hash@^3.0.0
729 silly packumentCache full:https://registry.npmjs.org/object-hash cache-miss
730 http fetch GET 200 https://registry.npmjs.org/resolve 53ms (cache miss)
731 silly packumentCache full:https://registry.npmjs.org/resolve set size:undefined disposed:false
732 silly fetch manifest normalize-path@^3.0.0
733 silly packumentCache full:https://registry.npmjs.org/normalize-path cache-miss
734 http fetch GET 200 https://registry.npmjs.org/fast-glob 45ms (cache miss)
735 silly packumentCache full:https://registry.npmjs.org/fast-glob set size:undefined disposed:false
736 silly fetch manifest postcss-import@^15.1.0
737 silly packumentCache full:https://registry.npmjs.org/postcss-import cache-miss
738 http fetch GET 200 https://registry.npmjs.org/sucrase 55ms (cache miss)
739 silly packumentCache full:https://registry.npmjs.org/sucrase set size:undefined disposed:false
740 silly fetch manifest postcss-nested@^6.0.1
741 silly packumentCache full:https://registry.npmjs.org/postcss-nested cache-miss
742 http fetch GET 200 https://registry.npmjs.org/lilconfig 48ms (cache miss)
743 silly packumentCache full:https://registry.npmjs.org/lilconfig set size:undefined disposed:false
744 silly fetch manifest @alloc/quick-lru@^5.2.0
745 silly packumentCache full:https://registry.npmjs.org/@alloc%2fquick-lru cache-miss
746 http fetch GET 200 https://registry.npmjs.org/didyoumean 33ms (cache miss)
747 silly packumentCache full:https://registry.npmjs.org/didyoumean set size:undefined disposed:false
748 silly fetch manifest postcss-load-config@^4.0.1
749 silly packumentCache full:https://registry.npmjs.org/postcss-load-config cache-miss
750 http cache https://registry.npmjs.org/postcss-nested 5ms (cache hit)
751 silly packumentCache full:https://registry.npmjs.org/postcss-nested set size:79120 disposed:false
752 silly fetch manifest postcss-selector-parser@^6.0.11
753 silly packumentCache full:https://registry.npmjs.org/postcss-selector-parser cache-miss
754 http fetch GET 200 https://registry.npmjs.org/picocolors 35ms (cache miss)
755 silly packumentCache full:https://registry.npmjs.org/picocolors set size:undefined disposed:false
756 http fetch GET 200 https://registry.npmjs.org/postcss-js 33ms (cache miss)
757 silly packumentCache full:https://registry.npmjs.org/postcss-js set size:undefined disposed:false
758 http fetch GET 200 https://registry.npmjs.org/object-hash 24ms (cache miss)
759 silly packumentCache full:https://registry.npmjs.org/object-hash set size:undefined disposed:false
760 http fetch GET 200 https://registry.npmjs.org/glob-parent 34ms (cache miss)
761 silly packumentCache full:https://registry.npmjs.org/glob-parent set size:undefined disposed:false
762 http fetch GET 200 https://registry.npmjs.org/normalize-path 27ms (cache miss)
763 silly packumentCache full:https://registry.npmjs.org/normalize-path set size:undefined disposed:false
764 http fetch GET 200 https://registry.npmjs.org/postcss-import 27ms (cache miss)
765 silly packumentCache full:https://registry.npmjs.org/postcss-import set size:undefined disposed:false
766 http fetch GET 200 https://registry.npmjs.org/postcss-selector-parser 33ms (cache miss)
767 silly packumentCache full:https://registry.npmjs.org/postcss-selector-parser set size:undefined disposed:false
768 http fetch GET 200 https://registry.npmjs.org/@alloc%2fquick-lru 40ms (cache miss)
769 silly packumentCache full:https://registry.npmjs.org/@alloc%2fquick-lru set size:undefined disposed:false
770 http fetch GET 200 https://registry.npmjs.org/postcss-load-config 39ms (cache miss)
771 silly packumentCache full:https://registry.npmjs.org/postcss-load-config set size:undefined disposed:false
772 silly placeDep ROOT @babel/code-frame@7.29.0 OK for: @babel/core@7.29.0 want: ^7.29.0
773 silly placeDep ROOT @babel/generator@7.29.1 OK for: @babel/core@7.29.0 want: ^7.29.0
774 silly placeDep ROOT @babel/helper-compilation-targets@7.28.6 OK for: @babel/core@7.29.0 want: ^7.28.6
775 silly placeDep ROOT @babel/helper-module-transforms@7.28.6 OK for: @babel/core@7.29.0 want: ^7.28.6
776 silly placeDep ROOT @babel/helpers@7.29.2 OK for: @babel/core@7.29.0 want: ^7.28.6
777 silly placeDep ROOT @babel/parser@7.29.2 OK for: @babel/core@7.29.0 want: ^7.29.0
778 silly placeDep ROOT @babel/template@7.28.6 OK for: @babel/core@7.29.0 want: ^7.28.6
779 silly placeDep ROOT @babel/traverse@7.29.0 OK for: @babel/core@7.29.0 want: ^7.29.0
780 silly placeDep ROOT @babel/types@7.29.0 OK for: @babel/core@7.29.0 want: ^7.29.0
781 silly placeDep ROOT @jridgewell/remapping@2.3.5 OK for: @babel/core@7.29.0 want: ^2.3.5
782 silly placeDep ROOT convert-source-map@2.0.0 OK for: @babel/core@7.29.0 want: ^2.0.0
783 silly placeDep ROOT debug@4.4.3 OK for: @babel/core@7.29.0 want: ^4.1.0
784 silly placeDep ROOT gensync@1.0.0-beta.2 OK for: @babel/core@7.29.0 want: ^1.0.0-beta.2
785 silly placeDep ROOT json5@2.2.3 OK for: @babel/core@7.29.0 want: ^2.2.3
786 silly placeDep ROOT semver@6.3.1 OK for: @babel/core@7.29.0 want: ^6.3.1
787 silly fetch manifest js-tokens@^4.0.0
788 silly packumentCache full:https://registry.npmjs.org/js-tokens cache-miss
789 silly fetch manifest picocolors@^1.1.1
790 silly packumentCache full:https://registry.npmjs.org/picocolors cache-miss
791 silly fetch manifest @babel/helper-validator-identifier@^7.28.5
792 silly packumentCache full:https://registry.npmjs.org/@babel%2fhelper-validator-identifier cache-miss
793 silly fetch manifest jsesc@^3.0.2
794 silly packumentCache full:https://registry.npmjs.org/jsesc cache-miss
795 silly fetch manifest @jridgewell/gen-mapping@^0.3.12
796 silly packumentCache full:https://registry.npmjs.org/@jridgewell%2fgen-mapping cache-miss
797 silly fetch manifest @jridgewell/trace-mapping@^0.3.28
798 silly packumentCache full:https://registry.npmjs.org/@jridgewell%2ftrace-mapping cache-miss
799 silly fetch manifest lru-cache@^5.1.1
800 silly packumentCache full:https://registry.npmjs.org/lru-cache cache-miss
801 silly fetch manifest browserslist@^4.24.0
802 silly packumentCache full:https://registry.npmjs.org/browserslist cache-miss
803 silly fetch manifest @babel/compat-data@^7.28.6
804 silly packumentCache full:https://registry.npmjs.org/@babel%2fcompat-data cache-miss
805 http cache https://registry.npmjs.org/picocolors 6ms (cache hit)
806 silly packumentCache full:https://registry.npmjs.org/picocolors set size:16648 disposed:false
807 silly fetch manifest @babel/helper-validator-option@^7.27.1
808 silly packumentCache full:https://registry.npmjs.org/@babel%2fhelper-validator-option cache-miss
809 http fetch GET 200 https://registry.npmjs.org/jsesc 27ms (cache miss)
810 silly packumentCache full:https://registry.npmjs.org/jsesc set size:undefined disposed:false
811 silly fetch manifest @babel/traverse@^7.28.6
812 silly packumentCache full:https://registry.npmjs.org/@babel%2ftraverse cache-miss
813 http cache https://registry.npmjs.org/@babel%2ftraverse 1ms (cache hit)
814 silly packumentCache full:https://registry.npmjs.org/@babel%2ftraverse set size:548722 disposed:false
815 silly fetch manifest @babel/helper-module-imports@^7.28.6
816 silly packumentCache full:https://registry.npmjs.org/@babel%2fhelper-module-imports cache-miss
817 http cache https://registry.npmjs.org/@babel%2fhelper-module-imports 1ms (cache hit)
818 silly packumentCache full:https://registry.npmjs.org/@babel%2fhelper-module-imports set size:193449 disposed:false
819 silly fetch manifest @babel/helper-validator-identifier@^7.28.5
820 silly packumentCache full:https://registry.npmjs.org/@babel%2fhelper-validator-identifier cache-miss
821 http fetch GET 200 https://registry.npmjs.org/@babel%2fhelper-validator-option 35ms (cache miss)
822 silly packumentCache full:https://registry.npmjs.org/@babel%2fhelper-validator-option set size:undefined disposed:false
823 silly fetch manifest @babel/types@^7.28.6
824 silly packumentCache full:https://registry.npmjs.org/@babel%2ftypes cache-hit
825 silly fetch manifest debug@^4.3.1
826 silly packumentCache full:https://registry.npmjs.org/debug cache-miss
827 http fetch GET 200 https://registry.npmjs.org/browserslist 47ms (cache miss)
828 silly packumentCache full:https://registry.npmjs.org/browserslist set size:undefined disposed:false
829 silly fetch manifest @babel/helper-globals@^7.28.0
830 silly packumentCache full:https://registry.npmjs.org/@babel%2fhelper-globals cache-miss
831 http fetch GET 200 https://registry.npmjs.org/@babel%2fhelper-validator-identifier 58ms (cache miss)
832 silly packumentCache full:https://registry.npmjs.org/@babel%2fhelper-validator-identifier set size:undefined disposed:false
833 silly fetch manifest @babel/helper-string-parser@^7.27.1
834 silly packumentCache full:https://registry.npmjs.org/@babel%2fhelper-string-parser cache-miss
835 http cache https://registry.npmjs.org/debug 18ms (cache hit)
836 silly packumentCache full:https://registry.npmjs.org/debug set size:195840 disposed:false
837 silly fetch manifest @jridgewell/gen-mapping@^0.3.5
838 silly packumentCache full:https://registry.npmjs.org/@jridgewell%2fgen-mapping cache-miss
839 http fetch GET 200 https://registry.npmjs.org/js-tokens 64ms (cache miss)
840 silly packumentCache full:https://registry.npmjs.org/js-tokens set size:undefined disposed:false
841 silly fetch manifest @jridgewell/trace-mapping@^0.3.24
842 silly packumentCache full:https://registry.npmjs.org/@jridgewell%2ftrace-mapping cache-miss
843 http fetch GET 200 https://registry.npmjs.org/lru-cache 64ms (cache miss)
844 silly packumentCache full:https://registry.npmjs.org/lru-cache set size:undefined disposed:false
845 silly fetch manifest ms@^2.1.3
846 silly packumentCache full:https://registry.npmjs.org/ms cache-miss
847 http fetch GET 200 https://registry.npmjs.org/@jridgewell%2fgen-mapping 71ms (cache miss)
848 silly packumentCache full:https://registry.npmjs.org/@jridgewell%2fgen-mapping set size:undefined disposed:false
849 http fetch GET 200 https://registry.npmjs.org/@babel%2fhelper-validator-identifier 40ms (cache miss)
850 silly packumentCache full:https://registry.npmjs.org/@babel%2fhelper-validator-identifier set size:undefined disposed:false
851 http fetch GET 200 https://registry.npmjs.org/@jridgewell%2ftrace-mapping 74ms (cache miss)
852 silly packumentCache full:https://registry.npmjs.org/@jridgewell%2ftrace-mapping set size:undefined disposed:false
853 http fetch GET 200 https://registry.npmjs.org/@babel%2fcompat-data 76ms (cache miss)
854 silly packumentCache full:https://registry.npmjs.org/@babel%2fcompat-data set size:undefined disposed:false
855 http fetch GET 200 https://registry.npmjs.org/@babel%2fhelper-string-parser 39ms (cache miss)
856 silly packumentCache full:https://registry.npmjs.org/@babel%2fhelper-string-parser set size:undefined disposed:false
857 http fetch GET 200 https://registry.npmjs.org/@babel%2fhelper-globals 44ms (cache miss)
858 silly packumentCache full:https://registry.npmjs.org/@babel%2fhelper-globals set size:undefined disposed:false
859 http fetch GET 200 https://registry.npmjs.org/@jridgewell%2fgen-mapping 40ms (cache miss)
860 silly packumentCache full:https://registry.npmjs.org/@jridgewell%2fgen-mapping set size:undefined disposed:false
861 http fetch GET 200 https://registry.npmjs.org/@jridgewell%2ftrace-mapping 40ms (cache miss)
862 silly packumentCache full:https://registry.npmjs.org/@jridgewell%2ftrace-mapping set size:undefined disposed:false
863 http fetch GET 200 https://registry.npmjs.org/ms 37ms (cache miss)
864 silly packumentCache full:https://registry.npmjs.org/ms set size:undefined disposed:false
865 silly placeDep ROOT @babel/helper-validator-identifier@7.28.5 OK for: @babel/code-frame@7.29.0 want: ^7.28.5
866 silly placeDep ROOT js-tokens@4.0.0 OK for: @babel/code-frame@7.29.0 want: ^4.0.0
867 silly placeDep ROOT picocolors@1.1.1 OK for: @babel/code-frame@7.29.0 want: ^1.1.1
868 silly placeDep ROOT @jridgewell/gen-mapping@0.3.13 OK for: @babel/generator@7.29.1 want: ^0.3.12
869 silly placeDep ROOT @jridgewell/trace-mapping@0.3.31 OK for: @babel/generator@7.29.1 want: ^0.3.28
870 silly placeDep ROOT jsesc@3.1.0 OK for: @babel/generator@7.29.1 want: ^3.0.2
871 silly fetch manifest @jridgewell/sourcemap-codec@^1.5.0
872 silly packumentCache full:https://registry.npmjs.org/@jridgewell%2fsourcemap-codec cache-miss
873 silly fetch manifest @jridgewell/resolve-uri@^3.1.0
874 silly packumentCache full:https://registry.npmjs.org/@jridgewell%2fresolve-uri cache-miss
875 silly fetch manifest @jridgewell/sourcemap-codec@^1.4.14
876 silly packumentCache full:https://registry.npmjs.org/@jridgewell%2fsourcemap-codec cache-miss
877 http fetch GET 200 https://registry.npmjs.org/@jridgewell%2fsourcemap-codec 37ms (cache miss)
878 silly packumentCache full:https://registry.npmjs.org/@jridgewell%2fsourcemap-codec set size:undefined disposed:false
879 http fetch GET 200 https://registry.npmjs.org/@jridgewell%2fsourcemap-codec 38ms (cache miss)
880 silly packumentCache full:https://registry.npmjs.org/@jridgewell%2fsourcemap-codec set size:undefined disposed:false
881 http fetch GET 200 https://registry.npmjs.org/@jridgewell%2fresolve-uri 57ms (cache miss)
882 silly packumentCache full:https://registry.npmjs.org/@jridgewell%2fresolve-uri set size:undefined disposed:false
883 silly placeDep ROOT @babel/compat-data@7.29.0 OK for: @babel/helper-compilation-targets@7.28.6 want: ^7.28.6
884 silly placeDep ROOT @babel/helper-validator-option@7.27.1 OK for: @babel/helper-compilation-targets@7.28.6 want: ^7.27.1
885 silly placeDep ROOT browserslist@4.28.2 OK for: @babel/helper-compilation-targets@7.28.6 want: ^4.24.0
886 silly placeDep ROOT lru-cache@5.1.1 OK for: @babel/helper-compilation-targets@7.28.6 want: ^5.1.1
887 silly fetch manifest baseline-browser-mapping@^2.10.12
888 silly packumentCache full:https://registry.npmjs.org/baseline-browser-mapping cache-miss
889 silly fetch manifest caniuse-lite@^1.0.30001782
890 silly packumentCache full:https://registry.npmjs.org/caniuse-lite cache-miss
891 silly fetch manifest electron-to-chromium@^1.5.328
892 silly packumentCache full:https://registry.npmjs.org/electron-to-chromium cache-miss
893 silly fetch manifest node-releases@^2.0.36
894 silly packumentCache full:https://registry.npmjs.org/node-releases cache-miss
895 silly fetch manifest update-browserslist-db@^1.2.3
896 silly packumentCache full:https://registry.npmjs.org/update-browserslist-db cache-miss
897 silly fetch manifest yallist@^3.0.2
898 silly packumentCache full:https://registry.npmjs.org/yallist cache-miss
899 http fetch GET 200 https://registry.npmjs.org/yallist 23ms (cache miss)
900 silly packumentCache full:https://registry.npmjs.org/yallist set size:undefined disposed:false
901 http fetch GET 200 https://registry.npmjs.org/update-browserslist-db 33ms (cache miss)
902 silly packumentCache full:https://registry.npmjs.org/update-browserslist-db set size:undefined disposed:false
903 http fetch GET 200 https://registry.npmjs.org/node-releases 34ms (cache miss)
904 silly packumentCache full:https://registry.npmjs.org/node-releases set size:undefined disposed:false
905 http fetch GET 200 https://registry.npmjs.org/baseline-browser-mapping 42ms (cache miss)
906 silly packumentCache full:https://registry.npmjs.org/baseline-browser-mapping set size:undefined disposed:false
907 http fetch GET 200 https://registry.npmjs.org/caniuse-lite 86ms (cache miss)
908 silly packumentCache full:https://registry.npmjs.org/caniuse-lite set size:undefined disposed:false
909 http fetch GET 200 https://registry.npmjs.org/electron-to-chromium 128ms (cache miss)
910 silly packumentCache full:https://registry.npmjs.org/electron-to-chromium set size:undefined disposed:false
911 silly placeDep ROOT @babel/helper-module-imports@7.28.6 OK for: @babel/helper-module-transforms@7.28.6 want: ^7.28.6
912 silly placeDep ROOT @babel/helper-globals@7.28.0 OK for: @babel/traverse@7.29.0 want: ^7.28.0
913 silly placeDep ROOT @babel/helper-string-parser@7.27.1 OK for: @babel/types@7.29.0 want: ^7.27.1
914 silly placeDep ROOT @expo/ngrok-bin@2.3.42 OK for: @expo/ngrok@4.1.3 want: 2.3.42
915 silly placeDep ROOT got@11.8.6 OK for: @expo/ngrok@4.1.3 want: ^11.5.1
916 silly placeDep node_modules/@expo/ngrok uuid@3.4.0 OK for: @expo/ngrok@4.1.3 want: ^3.3.2
917 silly placeDep ROOT yaml@1.10.3 OK for: @expo/ngrok@4.1.3 want: ^1.10.0
918 silly fetch manifest @expo/ngrok-bin-linux-arm@2.3.41
919 silly packumentCache full:https://registry.npmjs.org/@expo%2fngrok-bin-linux-arm cache-miss
920 silly fetch manifest @expo/ngrok-bin-linux-x64@2.3.41
921 silly packumentCache full:https://registry.npmjs.org/@expo%2fngrok-bin-linux-x64 cache-miss
922 silly fetch manifest @expo/ngrok-bin-sunos-x64@2.3.41
923 silly packumentCache full:https://registry.npmjs.org/@expo%2fngrok-bin-sunos-x64 cache-miss
924 silly fetch manifest @expo/ngrok-bin-win32-x64@2.3.41
925 silly packumentCache full:https://registry.npmjs.org/@expo%2fngrok-bin-win32-x64 cache-miss
926 silly fetch manifest @expo/ngrok-bin-darwin-x64@2.3.41
927 silly packumentCache full:https://registry.npmjs.org/@expo%2fngrok-bin-darwin-x64 cache-miss
928 silly fetch manifest @expo/ngrok-bin-linux-ia32@2.3.41
929 silly packumentCache full:https://registry.npmjs.org/@expo%2fngrok-bin-linux-ia32 cache-miss
930 silly fetch manifest @expo/ngrok-bin-win32-ia32@2.3.41
931 silly packumentCache full:https://registry.npmjs.org/@expo%2fngrok-bin-win32-ia32 cache-miss
932 silly fetch manifest @expo/ngrok-bin-freebsd-x64@2.3.41
933 silly packumentCache full:https://registry.npmjs.org/@expo%2fngrok-bin-freebsd-x64 cache-miss
934 silly fetch manifest @expo/ngrok-bin-linux-arm64@2.3.41
935 silly packumentCache full:https://registry.npmjs.org/@expo%2fngrok-bin-linux-arm64 cache-miss
936 http fetch GET 200 https://registry.npmjs.org/@expo%2fngrok-bin-linux-arm 43ms (cache miss)
937 silly packumentCache full:https://registry.npmjs.org/@expo%2fngrok-bin-linux-arm set size:undefined disposed:false
938 silly fetch manifest @expo/ngrok-bin-darwin-arm64@2.3.41
939 silly packumentCache full:https://registry.npmjs.org/@expo%2fngrok-bin-darwin-arm64 cache-miss
940 http fetch GET 200 https://registry.npmjs.org/@expo%2fngrok-bin-linux-x64 44ms (cache miss)
941 silly packumentCache full:https://registry.npmjs.org/@expo%2fngrok-bin-linux-x64 set size:undefined disposed:false
942 silly fetch manifest @expo/ngrok-bin-freebsd-ia32@2.3.41
943 silly packumentCache full:https://registry.npmjs.org/@expo%2fngrok-bin-freebsd-ia32 cache-miss
944 http fetch GET 200 https://registry.npmjs.org/@expo%2fngrok-bin-sunos-x64 96ms (cache miss)
945 silly packumentCache full:https://registry.npmjs.org/@expo%2fngrok-bin-sunos-x64 set size:undefined disposed:false
946 silly fetch manifest p-cancelable@^2.0.0
947 silly packumentCache full:https://registry.npmjs.org/p-cancelable cache-miss
948 http fetch GET 200 https://registry.npmjs.org/p-cancelable 24ms (cache miss)
949 silly packumentCache full:https://registry.npmjs.org/p-cancelable set size:undefined disposed:false
950 silly fetch manifest responselike@^2.0.0
951 silly packumentCache full:https://registry.npmjs.org/responselike cache-miss
952 http fetch GET 200 https://registry.npmjs.org/responselike 33ms (cache miss)
953 silly packumentCache full:https://registry.npmjs.org/responselike set size:undefined disposed:false
954 silly fetch manifest http2-wrapper@^1.0.0-beta.5.2
955 silly packumentCache full:https://registry.npmjs.org/http2-wrapper cache-miss
956 http fetch GET 200 https://registry.npmjs.org/http2-wrapper 27ms (cache miss)
957 silly packumentCache full:https://registry.npmjs.org/http2-wrapper set size:undefined disposed:false
958 silly fetch manifest lowercase-keys@^2.0.0
959 silly packumentCache full:https://registry.npmjs.org/lowercase-keys cache-miss
960 http fetch GET 200 https://registry.npmjs.org/lowercase-keys 24ms (cache miss)
961 silly packumentCache full:https://registry.npmjs.org/lowercase-keys set size:undefined disposed:false
962 silly fetch manifest @sindresorhus/is@^4.0.0
963 silly packumentCache full:https://registry.npmjs.org/@sindresorhus%2fis cache-miss
964 http fetch GET 200 https://registry.npmjs.org/@sindresorhus%2fis 42ms (cache miss)
965 silly packumentCache full:https://registry.npmjs.org/@sindresorhus%2fis set size:undefined disposed:false
966 silly fetch manifest cacheable-lookup@^5.0.3
967 silly packumentCache full:https://registry.npmjs.org/cacheable-lookup cache-miss
968 http fetch GET 200 https://registry.npmjs.org/@expo%2fngrok-bin-win32-x64 336ms (cache miss)
969 silly packumentCache full:https://registry.npmjs.org/@expo%2fngrok-bin-win32-x64 set size:undefined disposed:false
970 silly fetch manifest cacheable-request@^7.0.2
971 silly packumentCache full:https://registry.npmjs.org/cacheable-request cache-miss
972 http fetch GET 200 https://registry.npmjs.org/@expo%2fngrok-bin-freebsd-x64 344ms (cache miss)
973 silly packumentCache full:https://registry.npmjs.org/@expo%2fngrok-bin-freebsd-x64 set size:undefined disposed:false
974 silly fetch manifest @types/responselike@^1.0.0
975 silly packumentCache full:https://registry.npmjs.org/@types%2fresponselike cache-miss
976 http fetch GET 200 https://registry.npmjs.org/@expo%2fngrok-bin-linux-arm64 492ms (cache miss)
977 silly packumentCache full:https://registry.npmjs.org/@expo%2fngrok-bin-linux-arm64 set size:undefined disposed:false
978 silly fetch manifest decompress-response@^6.0.0
979 silly packumentCache full:https://registry.npmjs.org/decompress-response cache-miss
980 http fetch GET 200 https://registry.npmjs.org/@expo%2fngrok-bin-win32-ia32 497ms (cache miss)
981 silly packumentCache full:https://registry.npmjs.org/@expo%2fngrok-bin-win32-ia32 set size:undefined disposed:false
982 silly fetch manifest @szmarczak/http-timer@^4.0.5
983 silly packumentCache full:https://registry.npmjs.org/@szmarczak%2fhttp-timer cache-miss
984 http fetch GET 200 https://registry.npmjs.org/@expo%2fngrok-bin-darwin-x64 501ms (cache miss)
985 silly packumentCache full:https://registry.npmjs.org/@expo%2fngrok-bin-darwin-x64 set size:undefined disposed:false
986 silly fetch manifest @types/cacheable-request@^6.0.1
987 silly packumentCache full:https://registry.npmjs.org/@types%2fcacheable-request cache-miss
988 http fetch GET 200 https://registry.npmjs.org/@expo%2fngrok-bin-darwin-arm64 473ms (cache miss)
989 silly packumentCache full:https://registry.npmjs.org/@expo%2fngrok-bin-darwin-arm64 set size:undefined disposed:false
990 http fetch GET 200 https://registry.npmjs.org/cacheable-request 182ms (cache miss)
991 silly packumentCache full:https://registry.npmjs.org/cacheable-request set size:undefined disposed:false
992 http fetch GET 200 https://registry.npmjs.org/decompress-response 29ms (cache miss)
993 silly packumentCache full:https://registry.npmjs.org/decompress-response set size:undefined disposed:false
994 http fetch GET 200 https://registry.npmjs.org/@types%2fresponselike 192ms (cache miss)
995 silly packumentCache full:https://registry.npmjs.org/@types%2fresponselike set size:undefined disposed:false
996 http fetch GET 200 https://registry.npmjs.org/@szmarczak%2fhttp-timer 48ms (cache miss)
997 silly packumentCache full:https://registry.npmjs.org/@szmarczak%2fhttp-timer set size:undefined disposed:false
998 http fetch GET 200 https://registry.npmjs.org/@expo%2fngrok-bin-linux-ia32 629ms (cache miss)
999 silly packumentCache full:https://registry.npmjs.org/@expo%2fngrok-bin-linux-ia32 set size:undefined disposed:false
1000 http fetch GET 200 https://registry.npmjs.org/@expo%2fngrok-bin-freebsd-ia32 643ms (cache miss)
1001 silly packumentCache full:https://registry.npmjs.org/@expo%2fngrok-bin-freebsd-ia32 set size:undefined disposed:false
1002 http fetch GET 200 https://registry.npmjs.org/@types%2fcacheable-request 209ms (cache miss)
1003 silly packumentCache full:https://registry.npmjs.org/@types%2fcacheable-request set size:undefined disposed:false
1004 http fetch GET 200 https://registry.npmjs.org/cacheable-lookup 486ms (cache miss)
1005 silly packumentCache full:https://registry.npmjs.org/cacheable-lookup set size:undefined disposed:false
1006 silly placeDep ROOT @expo/ngrok-bin-darwin-arm64@2.3.41 OK for: @expo/ngrok-bin@2.3.42 want: 2.3.41
1007 silly placeDep ROOT @expo/ngrok-bin-darwin-x64@2.3.41 OK for: @expo/ngrok-bin@2.3.42 want: 2.3.41
1008 silly placeDep ROOT @expo/ngrok-bin-freebsd-ia32@2.3.41 OK for: @expo/ngrok-bin@2.3.42 want: 2.3.41
1009 silly placeDep ROOT @expo/ngrok-bin-freebsd-x64@2.3.41 OK for: @expo/ngrok-bin@2.3.42 want: 2.3.41
1010 silly placeDep ROOT @expo/ngrok-bin-linux-arm@2.3.41 OK for: @expo/ngrok-bin@2.3.42 want: 2.3.41
1011 silly placeDep ROOT @expo/ngrok-bin-linux-arm64@2.3.41 OK for: @expo/ngrok-bin@2.3.42 want: 2.3.41
1012 silly placeDep ROOT @expo/ngrok-bin-linux-ia32@2.3.41 OK for: @expo/ngrok-bin@2.3.42 want: 2.3.41
1013 silly placeDep ROOT @expo/ngrok-bin-linux-x64@2.3.41 OK for: @expo/ngrok-bin@2.3.42 want: 2.3.41
1014 silly placeDep ROOT @expo/ngrok-bin-sunos-x64@2.3.41 OK for: @expo/ngrok-bin@2.3.42 want: 2.3.41
1015 silly placeDep ROOT @expo/ngrok-bin-win32-ia32@2.3.41 OK for: @expo/ngrok-bin@2.3.42 want: 2.3.41
1016 silly placeDep ROOT @expo/ngrok-bin-win32-x64@2.3.41 OK for: @expo/ngrok-bin@2.3.42 want: 2.3.41
1017 silly placeDep ROOT @jridgewell/sourcemap-codec@1.5.5 OK for: @jridgewell/gen-mapping@0.3.13 want: ^1.5.0
1018 silly placeDep ROOT @jridgewell/resolve-uri@3.1.2 OK for: @jridgewell/trace-mapping@0.3.31 want: ^3.1.0
1019 silly placeDep ROOT merge-options@3.0.4 OK for: @react-native-async-storage/async-storage@2.2.0 want: ^3.0.4
1020 silly fetch manifest is-plain-obj@^2.1.0
1021 silly packumentCache full:https://registry.npmjs.org/is-plain-obj cache-miss
1022 http fetch GET 200 https://registry.npmjs.org/is-plain-obj 28ms (cache miss)
1023 silly packumentCache full:https://registry.npmjs.org/is-plain-obj set size:undefined disposed:false
1024 silly placeDep ROOT invariant@2.2.4 OK for: @react-native-community/datetimepicker@8.6.0 want: ^2.2.4
1025 silly fetch manifest loose-envify@^1.0.0
1026 silly packumentCache full:https://registry.npmjs.org/loose-envify cache-miss
1027 http fetch GET 200 https://registry.npmjs.org/loose-envify 25ms (cache miss)
1028 silly packumentCache full:https://registry.npmjs.org/loose-envify set size:undefined disposed:false
1029 silly placeDep ROOT @react-navigation/core@7.17.2 OK for: @react-navigation/native@7.2.2 want: ^7.17.2
1030 silly placeDep ROOT escape-string-regexp@4.0.0 OK for: @react-navigation/native@7.2.2 want: ^4.0.0
1031 silly placeDep ROOT fast-deep-equal@3.1.3 OK for: @react-navigation/native@7.2.2 want: ^3.1.3
1032 silly placeDep ROOT nanoid@3.3.11 OK for: @react-navigation/native@7.2.2 want: ^3.3.11
1033 silly placeDep ROOT use-latest-callback@0.2.6 OK for: @react-navigation/native@7.2.2 want: ^0.2.4
1034 silly fetch manifest react-is@^19.1.0
1035 silly packumentCache full:https://registry.npmjs.org/react-is cache-miss
1036 silly fetch manifest query-string@^7.1.3
1037 silly packumentCache full:https://registry.npmjs.org/query-string cache-miss
1038 silly fetch manifest use-sync-external-store@^1.5.0
1039 silly packumentCache full:https://registry.npmjs.org/use-sync-external-store cache-miss
1040 silly fetch manifest @react-navigation/routers@^7.5.3
1041 silly packumentCache full:https://registry.npmjs.org/@react-navigation%2frouters cache-miss
1042 http cache https://registry.npmjs.org/use-sync-external-store 7ms (cache hit)
1043 silly packumentCache full:https://registry.npmjs.org/use-sync-external-store set size:4648633 disposed:false
1044 http cache https://registry.npmjs.org/react-is 23ms (cache hit)
1045 silly packumentCache full:https://registry.npmjs.org/react-is set size:5358487 disposed:false
1046 http fetch GET 200 https://registry.npmjs.org/query-string 40ms (cache miss)
1047 silly packumentCache full:https://registry.npmjs.org/query-string set size:undefined disposed:false
1048 http fetch GET 200 https://registry.npmjs.org/@react-navigation%2frouters 502ms (cache miss)
1049 silly packumentCache full:https://registry.npmjs.org/@react-navigation%2frouters set size:undefined disposed:false
1050 silly placeDep ROOT @react-navigation/routers@7.5.3 OK for: @react-navigation/core@7.17.2 want: ^7.5.3
1051 silly placeDep ROOT query-string@7.1.3 OK for: @react-navigation/core@7.17.2 want: ^7.1.3
1052 silly placeDep ROOT react-is@19.2.5 OK for: @react-navigation/core@7.17.2 want: ^19.1.0
1053 silly placeDep ROOT use-sync-external-store@1.6.0 OK for: @react-navigation/core@7.17.2 want: ^1.5.0
1054 silly fetch manifest filter-obj@^1.1.0
1055 silly packumentCache full:https://registry.npmjs.org/filter-obj cache-miss
1056 silly fetch manifest split-on-first@^1.0.0
1057 silly packumentCache full:https://registry.npmjs.org/split-on-first cache-miss
1058 silly fetch manifest strict-uri-encode@^2.0.0
1059 silly packumentCache full:https://registry.npmjs.org/strict-uri-encode cache-miss
1060 silly fetch manifest decode-uri-component@^0.2.2
1061 silly packumentCache full:https://registry.npmjs.org/decode-uri-component cache-miss
1062 http fetch GET 200 https://registry.npmjs.org/strict-uri-encode 26ms (cache miss)
1063 silly packumentCache full:https://registry.npmjs.org/strict-uri-encode set size:undefined disposed:false
1064 http fetch GET 200 https://registry.npmjs.org/decode-uri-component 32ms (cache miss)
1065 silly packumentCache full:https://registry.npmjs.org/decode-uri-component set size:undefined disposed:false
1066 http fetch GET 200 https://registry.npmjs.org/split-on-first 34ms (cache miss)
1067 silly packumentCache full:https://registry.npmjs.org/split-on-first set size:undefined disposed:false
1068 http fetch GET 200 https://registry.npmjs.org/filter-obj 187ms (cache miss)
1069 silly packumentCache full:https://registry.npmjs.org/filter-obj set size:undefined disposed:false
1070 silly placeDep ROOT @react-navigation/elements@2.9.14 OK for: @react-navigation/native-stack@7.14.11 want: ^2.9.14
1071 silly placeDep ROOT color@4.2.3 OK for: @react-navigation/native-stack@7.14.11 want: ^4.2.3
1072 silly placeDep ROOT sf-symbols-typescript@2.2.0 OK for: @react-navigation/native-stack@7.14.11 want: ^2.1.0
1073 silly placeDep ROOT warn-once@0.1.1 OK for: @react-navigation/native-stack@7.14.11 want: ^0.1.1
1074 silly fetch manifest color-string@^1.9.0
1075 silly packumentCache full:https://registry.npmjs.org/color-string cache-miss
1076 silly fetch manifest color-convert@^2.0.1
1077 silly packumentCache full:https://registry.npmjs.org/color-convert cache-miss
1078 http fetch GET 200 https://registry.npmjs.org/color-string 29ms (cache miss)
1079 silly packumentCache full:https://registry.npmjs.org/color-string set size:undefined disposed:false
1080 http fetch GET 200 https://registry.npmjs.org/color-convert 31ms (cache miss)
1081 silly packumentCache full:https://registry.npmjs.org/color-convert set size:undefined disposed:false
1082 silly placeDep ROOT csstype@3.2.3 OK for: @types/react@19.2.14 want: ^3.2.2
1083 silly placeDep ROOT baseline-browser-mapping@2.10.21 OK for: browserslist@4.28.2 want: ^2.10.12
1084 silly placeDep ROOT caniuse-lite@1.0.30001790 OK for: browserslist@4.28.2 want: ^1.0.30001782
1085 silly placeDep ROOT electron-to-chromium@1.5.344 OK for: browserslist@4.28.2 want: ^1.5.328
1086 silly placeDep ROOT node-releases@2.0.38 OK for: browserslist@4.28.2 want: ^2.0.36
1087 silly placeDep ROOT update-browserslist-db@1.2.3 OK for: browserslist@4.28.2 want: ^1.2.3
1088 silly fetch manifest escalade@^3.2.0
1089 silly packumentCache full:https://registry.npmjs.org/escalade cache-miss
1090 http fetch GET 200 https://registry.npmjs.org/escalade 24ms (cache miss)
1091 silly packumentCache full:https://registry.npmjs.org/escalade set size:undefined disposed:false
1092 silly placeDep ROOT color-convert@2.0.1 OK for: color@4.2.3 want: ^2.0.1
1093 silly placeDep ROOT color-string@1.9.1 OK for: color@4.2.3 want: ^1.9.0
1094 silly fetch manifest color-name@~1.1.4
1095 silly packumentCache full:https://registry.npmjs.org/color-name cache-miss
1096 silly fetch manifest color-name@^1.0.0
1097 silly packumentCache full:https://registry.npmjs.org/color-name cache-miss
1098 silly fetch manifest simple-swizzle@^0.2.2
1099 silly packumentCache full:https://registry.npmjs.org/simple-swizzle cache-miss
1100 http fetch GET 200 https://registry.npmjs.org/color-name 25ms (cache miss)
1101 silly packumentCache full:https://registry.npmjs.org/color-name set size:undefined disposed:false
1102 http fetch GET 200 https://registry.npmjs.org/simple-swizzle 27ms (cache miss)
1103 silly packumentCache full:https://registry.npmjs.org/simple-swizzle set size:undefined disposed:false
1104 http fetch GET 200 https://registry.npmjs.org/color-name 28ms (cache miss)
1105 silly packumentCache full:https://registry.npmjs.org/color-name set size:undefined disposed:false
1106 silly placeDep ROOT color-name@1.1.4 OK for: color-convert@2.0.1 want: ~1.1.4
1107 silly placeDep ROOT simple-swizzle@0.2.4 OK for: color-string@1.9.1 want: ^0.2.2
1108 silly fetch manifest is-arrayish@^0.3.1
1109 silly packumentCache full:https://registry.npmjs.org/is-arrayish cache-miss
1110 http fetch GET 200 https://registry.npmjs.org/is-arrayish 26ms (cache miss)
1111 silly packumentCache full:https://registry.npmjs.org/is-arrayish set size:undefined disposed:false
1112 silly placeDep ROOT ms@2.1.3 OK for: debug@4.4.3 want: ^2.1.3
1113 silly placeDep ROOT @babel/runtime@7.29.2 OK for: expo@55.0.17 want: ^7.20.0
1114 silly placeDep ROOT @expo/cli@55.0.26 OK for: expo@55.0.17 want: 55.0.26
1115 silly placeDep ROOT @expo/config@55.0.15 OK for: expo@55.0.17 want: ~55.0.15
1116 silly placeDep ROOT @expo/config-plugins@55.0.8 OK for: expo@55.0.17 want: ~55.0.8
1117 silly placeDep ROOT @expo/devtools@55.0.2 OK for: expo@55.0.17 want: 55.0.2
1118 silly placeDep ROOT @expo/fingerprint@0.16.6 OK for: expo@55.0.17 want: 0.16.6
1119 silly placeDep ROOT @expo/local-build-cache-provider@55.0.11 OK for: expo@55.0.17 want: 55.0.11
1120 silly placeDep ROOT @expo/log-box@55.0.11 OK for: expo@55.0.17 want: 55.0.11
1121 silly placeDep ROOT @expo/metro@55.1.0 OK for: expo@55.0.17 want: ~55.1.0
1122 silly placeDep ROOT @expo/metro-config@55.0.17 OK for: expo@55.0.17 want: 55.0.17
1123 silly placeDep ROOT @expo/vector-icons@15.1.1 OK for: expo@55.0.17 want: ^15.0.2
1124 silly placeDep ROOT @ungap/structured-clone@1.3.0 OK for: expo@55.0.17 want: ^1.3.0
1125 silly placeDep ROOT babel-preset-expo@55.0.18 OK for: expo@55.0.17 want: ~55.0.18
1126 silly placeDep ROOT expo-file-system@55.0.17 OK for: expo@55.0.17 want: ~55.0.17
1127 silly placeDep ROOT expo-keep-awake@55.0.6 OK for: expo@55.0.17 want: ~55.0.6
1128 silly placeDep ROOT expo-modules-autolinking@55.0.18 OK for: expo@55.0.17 want: 55.0.18
1129 silly placeDep ROOT expo-modules-core@55.0.23 OK for: expo@55.0.17 want: 55.0.23
1130 silly placeDep ROOT pretty-format@29.7.0 OK for: expo@55.0.17 want: ^29.7.0
1131 silly placeDep ROOT react-refresh@0.14.2 OK for: expo@55.0.17 want: ^0.14.2
1132 silly placeDep ROOT whatwg-url-minimum@0.1.1 OK for: expo@55.0.17 want: ^0.1.1
1133 silly fetch manifest ws@^8.12.1
1134 silly packumentCache full:https://registry.npmjs.org/ws cache-miss
1135 silly fetch manifest ora@^3.4.0
1136 silly packumentCache full:https://registry.npmjs.org/ora cache-miss
1137 silly fetch manifest zod@^3.25.76
1138 silly packumentCache full:https://registry.npmjs.org/zod cache-miss
1139 silly fetch manifest glob@^13.0.0
1140 silly packumentCache full:https://registry.npmjs.org/glob cache-miss
1141 silly fetch manifest send@^0.19.0
1142 silly packumentCache full:https://registry.npmjs.org/send cache-miss
1143 silly fetch manifest toqr@^0.1.1
1144 silly packumentCache full:https://registry.npmjs.org/toqr cache-miss
1145 silly fetch manifest chalk@^4.0.0
1146 silly packumentCache full:https://registry.npmjs.org/chalk cache-miss
1147 silly fetch manifest getenv@^2.0.0
1148 silly packumentCache full:https://registry.npmjs.org/getenv cache-miss
1149 silly fetch manifest semver@^7.6.0
1150 silly packumentCache full:https://registry.npmjs.org/semver cache-hit
1151 silly fetch manifest accepts@^1.3.8
1152 silly packumentCache full:https://registry.npmjs.org/accepts cache-miss
1153 http cache https://registry.npmjs.org/ws 4ms (cache hit)
1154 silly packumentCache full:https://registry.npmjs.org/ws set size:415737 disposed:false
1155 silly fetch manifest ci-info@^3.3.0
1156 silly packumentCache full:https://registry.npmjs.org/ci-info cache-miss
1157 http cache https://registry.npmjs.org/glob 11ms (cache hit)
1158 silly packumentCache full:https://registry.npmjs.org/glob set size:469465 disposed:false
1159 silly fetch manifest connect@^3.7.0
1160 silly packumentCache full:https://registry.npmjs.org/connect cache-miss
1161 http fetch GET 200 https://registry.npmjs.org/getenv 25ms (cache miss)
1162 silly packumentCache full:https://registry.npmjs.org/getenv set size:undefined disposed:false
1163 silly fetch manifest prompts@^2.3.2
1164 silly packumentCache full:https://registry.npmjs.org/prompts cache-miss
1165 http fetch GET 200 https://registry.npmjs.org/toqr 27ms (cache miss)
1166 silly packumentCache full:https://registry.npmjs.org/toqr set size:undefined disposed:false
1167 silly fetch manifest slugify@^1.3.4
1168 silly packumentCache full:https://registry.npmjs.org/slugify cache-miss
1169 http fetch GET 200 https://registry.npmjs.org/accepts 29ms (cache miss)
1170 silly packumentCache full:https://registry.npmjs.org/accepts set size:undefined disposed:false
1171 silly fetch manifest progress@^2.0.3
1172 silly packumentCache full:https://registry.npmjs.org/progress cache-miss
1173 http fetch GET 200 https://registry.npmjs.org/chalk 32ms (cache miss)
1174 silly packumentCache full:https://registry.npmjs.org/chalk set size:undefined disposed:false
1175 silly fetch manifest multitars@^1.0.0
1176 silly packumentCache full:https://registry.npmjs.org/multitars cache-miss
1177 http fetch GET 200 https://registry.npmjs.org/ci-info 26ms (cache miss)
1178 silly packumentCache full:https://registry.npmjs.org/ci-info set size:undefined disposed:false
1179 silly fetch manifest picomatch@^4.0.3
1180 silly packumentCache full:https://registry.npmjs.org/picomatch cache-miss
1181 http fetch GET 200 https://registry.npmjs.org/send 38ms (cache miss)
1182 silly packumentCache full:https://registry.npmjs.org/send set size:undefined disposed:false
1183 silly fetch manifest wrap-ansi@^7.0.0
1184 silly packumentCache full:https://registry.npmjs.org/wrap-ansi cache-miss
1185 http fetch GET 200 https://registry.npmjs.org/ora 39ms (cache miss)
1186 silly packumentCache full:https://registry.npmjs.org/ora set size:undefined disposed:false
1187 silly fetch manifest better-opn@~3.0.2
1188 silly packumentCache full:https://registry.npmjs.org/better-opn cache-miss
1189 http fetch GET 200 https://registry.npmjs.org/connect 36ms (cache miss)
1190 silly packumentCache full:https://registry.npmjs.org/connect set size:undefined disposed:false
1191 silly fetch manifest node-forge@^1.3.3
1192 silly packumentCache full:https://registry.npmjs.org/node-forge cache-miss
1193 http fetch GET 200 https://registry.npmjs.org/progress 24ms (cache miss)
1194 silly packumentCache full:https://registry.npmjs.org/progress set size:undefined disposed:false
1195 silly fetch manifest @expo/plist@^0.5.2
1196 silly packumentCache full:https://registry.npmjs.org/@expo%2fplist cache-miss
1197 http fetch GET 200 https://registry.npmjs.org/prompts 32ms (cache miss)
1198 silly packumentCache full:https://registry.npmjs.org/prompts set size:undefined disposed:false
1199 silly fetch manifest compression@^1.7.4
1200 silly packumentCache full:https://registry.npmjs.org/compression cache-miss
1201 http fetch GET 200 https://registry.npmjs.org/slugify 31ms (cache miss)
1202 silly packumentCache full:https://registry.npmjs.org/slugify set size:undefined disposed:false
1203 silly fetch manifest expo-server@^55.0.8
1204 silly packumentCache full:https://registry.npmjs.org/expo-server cache-miss
1205 http fetch GET 200 https://registry.npmjs.org/better-opn 27ms (cache miss)
1206 silly packumentCache full:https://registry.npmjs.org/better-opn set size:undefined disposed:false
1207 silly fetch manifest lan-network@^0.2.1
1208 silly packumentCache full:https://registry.npmjs.org/lan-network cache-miss
1209 http fetch GET 200 https://registry.npmjs.org/picomatch 31ms (cache miss)
1210 silly packumentCache full:https://registry.npmjs.org/picomatch set size:undefined disposed:false
1211 silly fetch manifest resolve-from@^5.0.0
1212 silly packumentCache full:https://registry.npmjs.org/resolve-from cache-miss
1213 http fetch GET 200 https://registry.npmjs.org/wrap-ansi 32ms (cache miss)
1214 silly packumentCache full:https://registry.npmjs.org/wrap-ansi set size:undefined disposed:false
1215 silly fetch manifest @expo/devcert@^1.2.1
1216 silly packumentCache full:https://registry.npmjs.org/@expo%2fdevcert cache-miss
1217 http fetch GET 200 https://registry.npmjs.org/compression 23ms (cache miss)
1218 silly packumentCache full:https://registry.npmjs.org/compression set size:undefined disposed:false
1219 silly fetch manifest bplist-parser@^0.3.1
1220 silly packumentCache full:https://registry.npmjs.org/bplist-parser cache-miss
1221 http fetch GET 200 https://registry.npmjs.org/expo-server 25ms (cache miss)
1222 silly packumentCache full:https://registry.npmjs.org/expo-server set size:undefined disposed:false
1223 silly fetch manifest terminal-link@^2.1.1
1224 silly packumentCache full:https://registry.npmjs.org/terminal-link cache-miss
1225 http fetch GET 200 https://registry.npmjs.org/node-forge 38ms (cache miss)
1226 silly packumentCache full:https://registry.npmjs.org/node-forge set size:undefined disposed:false
1227 silly fetch manifest @expo/xcpretty@^4.4.0
1228 silly packumentCache full:https://registry.npmjs.org/@expo%2fxcpretty cache-miss
1229 http fetch GET 200 https://registry.npmjs.org/resolve-from 26ms (cache miss)
1230 silly packumentCache full:https://registry.npmjs.org/resolve-from set size:undefined disposed:false
1231 silly fetch manifest bplist-creator@0.1.0
1232 silly packumentCache full:https://registry.npmjs.org/bplist-creator cache-miss
1233 http fetch GET 200 https://registry.npmjs.org/lan-network 27ms (cache miss)
1234 silly packumentCache full:https://registry.npmjs.org/lan-network set size:undefined disposed:false
1235 silly fetch manifest fetch-nodeshim@^0.4.10
1236 silly packumentCache full:https://registry.npmjs.org/fetch-nodeshim cache-miss
1237 http fetch GET 200 https://registry.npmjs.org/@expo%2fplist 53ms (cache miss)
1238 silly packumentCache full:https://registry.npmjs.org/@expo%2fplist set size:undefined disposed:false
1239 silly fetch manifest @expo/json-file@^10.0.13
1240 silly packumentCache full:https://registry.npmjs.org/@expo%2fjson-file cache-miss
1241 http fetch GET 200 https://registry.npmjs.org/bplist-parser 30ms (cache miss)
1242 silly packumentCache full:https://registry.npmjs.org/bplist-parser set size:undefined disposed:false
1243 silly fetch manifest @expo/osascript@^2.4.2
1244 silly packumentCache full:https://registry.npmjs.org/@expo%2fosascript cache-miss
1245 http fetch GET 200 https://registry.npmjs.org/zod 114ms (cache miss)
1246 silly packumentCache full:https://registry.npmjs.org/zod set size:undefined disposed:false
1247 silly fetch manifest @expo/ws-tunnel@^1.0.1
1248 silly packumentCache full:https://registry.npmjs.org/@expo%2fws-tunnel cache-miss
1249 http fetch GET 200 https://registry.npmjs.org/bplist-creator 41ms (cache miss)
1250 silly packumentCache full:https://registry.npmjs.org/bplist-creator set size:undefined disposed:false
1251 silly fetch manifest dnssd-advertise@^1.1.4
1252 silly packumentCache full:https://registry.npmjs.org/dnssd-advertise cache-miss
1253 http fetch GET 200 https://registry.npmjs.org/@expo%2fdevcert 65ms (cache miss)
1254 silly packumentCache full:https://registry.npmjs.org/@expo%2fdevcert set size:undefined disposed:false
1255 silly fetch manifest npm-package-arg@^11.0.0
1256 silly packumentCache full:https://registry.npmjs.org/npm-package-arg cache-miss
1257 http fetch GET 200 https://registry.npmjs.org/@expo%2fxcpretty 47ms (cache miss)
1258 silly packumentCache full:https://registry.npmjs.org/@expo%2fxcpretty set size:undefined disposed:false
1259 silly fetch manifest @expo/spawn-async@^1.7.2
1260 silly packumentCache full:https://registry.npmjs.org/@expo%2fspawn-async cache-miss
1261 http fetch GET 200 https://registry.npmjs.org/fetch-nodeshim 43ms (cache miss)
1262 silly packumentCache full:https://registry.npmjs.org/fetch-nodeshim set size:undefined disposed:false
1263 silly fetch manifest @expo/metro-config@~55.0.17
1264 silly packumentCache full:https://registry.npmjs.org/@expo%2fmetro-config cache-miss
1265 http cache https://registry.npmjs.org/@expo%2fmetro-config 3ms (cache hit)
1266 silly packumentCache full:https://registry.npmjs.org/@expo%2fmetro-config set size:1421638 disposed:false
1267 silly fetch manifest @expo/schema-utils@^55.0.3
1268 silly packumentCache full:https://registry.npmjs.org/@expo%2fschema-utils cache-miss
1269 http fetch GET 200 https://registry.npmjs.org/@expo%2fjson-file 49ms (cache miss)
1270 silly packumentCache full:https://registry.npmjs.org/@expo%2fjson-file set size:undefined disposed:false
1271 silly fetch manifest source-map-support@~0.5.21
1272 silly packumentCache full:https://registry.npmjs.org/source-map-support cache-miss
1273 http fetch GET 200 https://registry.npmjs.org/npm-package-arg 30ms (cache miss)
1274 silly packumentCache full:https://registry.npmjs.org/npm-package-arg set size:undefined disposed:false
1275 silly fetch manifest structured-headers@^0.4.1
1276 silly packumentCache full:https://registry.npmjs.org/structured-headers cache-miss
1277 http fetch GET 200 https://registry.npmjs.org/dnssd-advertise 32ms (cache miss)
1278 silly packumentCache full:https://registry.npmjs.org/dnssd-advertise set size:undefined disposed:false
1279 silly fetch manifest @expo/require-utils@^55.0.4
1280 silly packumentCache full:https://registry.npmjs.org/@expo%2frequire-utils cache-miss
1281 http fetch GET 200 https://registry.npmjs.org/@expo%2fws-tunnel 44ms (cache miss)
1282 silly packumentCache full:https://registry.npmjs.org/@expo%2fws-tunnel set size:undefined disposed:false
1283 silly fetch manifest @expo/router-server@^55.0.15
1284 silly packumentCache full:https://registry.npmjs.org/@expo%2frouter-server cache-miss
1285 http fetch GET 200 https://registry.npmjs.org/@expo%2fspawn-async 42ms (cache miss)
1286 silly packumentCache full:https://registry.npmjs.org/@expo%2fspawn-async set size:undefined disposed:false
1287 silly fetch manifest @expo/package-manager@^1.10.4
1288 silly packumentCache full:https://registry.npmjs.org/@expo%2fpackage-manager cache-miss
1289 http fetch GET 200 https://registry.npmjs.org/source-map-support 28ms (cache miss)
1290 silly packumentCache full:https://registry.npmjs.org/source-map-support set size:undefined disposed:false
1291 silly fetch manifest @expo/prebuild-config@^55.0.16
1292 silly packumentCache full:https://registry.npmjs.org/@expo%2fprebuild-config cache-miss
1293 http fetch GET 200 https://registry.npmjs.org/structured-headers 26ms (cache miss)
1294 silly packumentCache full:https://registry.npmjs.org/structured-headers set size:undefined disposed:false
1295 silly fetch manifest @react-native/dev-middleware@0.83.6
1296 silly packumentCache full:https://registry.npmjs.org/@react-native%2fdev-middleware cache-miss
1297 http fetch GET 200 https://registry.npmjs.org/@expo%2frequire-utils 43ms (cache miss)
1298 silly packumentCache full:https://registry.npmjs.org/@expo%2frequire-utils set size:undefined disposed:false
1299 silly fetch manifest @expo/code-signing-certificates@^0.0.6
1300 silly packumentCache full:https://registry.npmjs.org/@expo%2fcode-signing-certificates cache-miss
1301 http fetch GET 200 https://registry.npmjs.org/multitars 181ms (cache miss)
1302 silly packumentCache full:https://registry.npmjs.org/multitars set size:undefined disposed:false
1303 silly fetch manifest deepmerge@^4.3.1
1304 silly packumentCache full:https://registry.npmjs.org/deepmerge cache-miss
1305 http fetch GET 200 https://registry.npmjs.org/@expo%2fpackage-manager 53ms (cache miss)
1306 silly packumentCache full:https://registry.npmjs.org/@expo%2fpackage-manager set size:undefined disposed:false
1307 silly fetch manifest @expo/config-types@^55.0.5
1308 silly packumentCache full:https://registry.npmjs.org/@expo%2fconfig-types cache-miss
1309 http fetch GET 200 https://registry.npmjs.org/deepmerge 26ms (cache miss)
1310 silly packumentCache full:https://registry.npmjs.org/deepmerge set size:undefined disposed:false
1311 silly fetch manifest resolve-workspace-root@^2.0.0
1312 silly packumentCache full:https://registry.npmjs.org/resolve-workspace-root cache-miss
1313 http fetch GET 200 https://registry.npmjs.org/resolve-workspace-root 19ms (cache miss)
1314 silly packumentCache full:https://registry.npmjs.org/resolve-workspace-root set size:undefined disposed:false
1315 silly fetch manifest chalk@^4.1.2
1316 silly packumentCache full:https://registry.npmjs.org/chalk cache-miss
1317 http cache https://registry.npmjs.org/chalk 1ms (cache hit)
1318 silly packumentCache full:https://registry.npmjs.org/chalk set size:117861 disposed:false
1319 silly fetch manifest xcode@^3.0.1
1320 silly packumentCache full:https://registry.npmjs.org/xcode cache-miss
1321 http fetch GET 200 https://registry.npmjs.org/terminal-link 178ms (cache miss)
1322 silly packumentCache full:https://registry.npmjs.org/terminal-link set size:undefined disposed:false
1323 silly fetch manifest semver@^7.5.4
1324 silly packumentCache full:https://registry.npmjs.org/semver cache-hit
1325 silly fetch manifest xml2js@0.6.0
1326 silly packumentCache full:https://registry.npmjs.org/xml2js cache-miss
1327 http fetch GET 200 https://registry.npmjs.org/@expo%2fconfig-types 50ms (cache miss)
1328 silly packumentCache full:https://registry.npmjs.org/@expo%2fconfig-types set size:undefined disposed:false
1329 silly fetch manifest slugify@^1.6.6
1330 silly packumentCache full:https://registry.npmjs.org/slugify cache-miss
1331 http cache https://registry.npmjs.org/slugify 2ms (cache hit)
1332 silly packumentCache full:https://registry.npmjs.org/slugify set size:103522 disposed:false
1333 silly fetch manifest @expo/json-file@~10.0.13
1334 silly packumentCache full:https://registry.npmjs.org/@expo%2fjson-file cache-miss
1335 http fetch GET 200 https://registry.npmjs.org/xml2js 30ms (cache miss)
1336 silly packumentCache full:https://registry.npmjs.org/xml2js set size:undefined disposed:false
1337 silly fetch manifest @expo/sdk-runtime-versions@^1.0.0
1338 silly packumentCache full:https://registry.npmjs.org/@expo%2fsdk-runtime-versions cache-miss
1339 http cache https://registry.npmjs.org/@expo%2fjson-file 4ms (cache hit)
1340 silly packumentCache full:https://registry.npmjs.org/@expo%2fjson-file set size:710395 disposed:false
1341 silly fetch manifest ignore@^5.3.1
1342 silly packumentCache full:https://registry.npmjs.org/ignore cache-miss
1343 http fetch GET 200 https://registry.npmjs.org/ignore 36ms (cache miss)
1344 silly packumentCache full:https://registry.npmjs.org/ignore set size:undefined disposed:false
1345 silly fetch manifest @expo/env@^2.0.11
1346 silly packumentCache full:https://registry.npmjs.org/@expo%2fenv cache-miss
1347 http fetch GET 200 https://registry.npmjs.org/@expo%2fsdk-runtime-versions 43ms (cache miss)
1348 silly packumentCache full:https://registry.npmjs.org/@expo%2fsdk-runtime-versions set size:undefined disposed:false
1349 silly fetch manifest minimatch@^10.2.2
1350 silly packumentCache full:https://registry.npmjs.org/minimatch cache-miss
1351 http cache https://registry.npmjs.org/@expo%2fenv 5ms (cache hit)
1352 silly packumentCache full:https://registry.npmjs.org/@expo%2fenv set size:520946 disposed:false
1353 silly fetch manifest @expo/dom-webview@^55.0.5
1354 silly packumentCache full:https://registry.npmjs.org/@expo%2fdom-webview cache-miss
1355 http fetch GET 200 https://registry.npmjs.org/@expo%2fosascript 238ms (cache miss)
1356 silly packumentCache full:https://registry.npmjs.org/@expo%2fosascript set size:undefined disposed:false
1357 silly fetch manifest metro@0.83.6
1358 silly packumentCache full:https://registry.npmjs.org/metro cache-miss
1359 http fetch GET 200 https://registry.npmjs.org/xcode 103ms (cache miss)
1360 silly packumentCache full:https://registry.npmjs.org/xcode set size:undefined disposed:false
1361 silly fetch manifest metro-babel-transformer@0.83.6
1362 silly packumentCache full:https://registry.npmjs.org/metro-babel-transformer cache-miss
1363 http fetch GET 200 https://registry.npmjs.org/minimatch 44ms (cache miss)
1364 silly packumentCache full:https://registry.npmjs.org/minimatch set size:undefined disposed:false
1365 silly fetch manifest metro-cache@0.83.6
1366 silly packumentCache full:https://registry.npmjs.org/metro-cache cache-miss
1367 http fetch GET 200 https://registry.npmjs.org/metro 38ms (cache miss)
1368 silly packumentCache full:https://registry.npmjs.org/metro set size:undefined disposed:false
1369 silly fetch manifest metro-cache-key@0.83.6
1370 silly packumentCache full:https://registry.npmjs.org/metro-cache-key cache-miss
1371 http fetch GET 200 https://registry.npmjs.org/@expo%2fdom-webview 55ms (cache miss)
1372 silly packumentCache full:https://registry.npmjs.org/@expo%2fdom-webview set size:undefined disposed:false
1373 silly fetch manifest metro-config@0.83.6
1374 silly packumentCache full:https://registry.npmjs.org/metro-config cache-miss
1375 http fetch GET 200 https://registry.npmjs.org/metro-babel-transformer 36ms (cache miss)
1376 silly packumentCache full:https://registry.npmjs.org/metro-babel-transformer set size:undefined disposed:false
1377 silly fetch manifest metro-core@0.83.6
1378 silly packumentCache full:https://registry.npmjs.org/metro-core cache-miss
1379 http fetch GET 200 https://registry.npmjs.org/metro-cache 36ms (cache miss)
1380 silly packumentCache full:https://registry.npmjs.org/metro-cache set size:undefined disposed:false
1381 silly fetch manifest metro-file-map@0.83.6
1382 silly packumentCache full:https://registry.npmjs.org/metro-file-map cache-miss
1383 http fetch GET 200 https://registry.npmjs.org/metro-cache-key 29ms (cache miss)
1384 silly packumentCache full:https://registry.npmjs.org/metro-cache-key set size:undefined disposed:false
1385 silly fetch manifest metro-minify-terser@0.83.6
1386 silly packumentCache full:https://registry.npmjs.org/metro-minify-terser cache-miss
1387 http fetch GET 200 https://registry.npmjs.org/metro-core 33ms (cache miss)
1388 silly packumentCache full:https://registry.npmjs.org/metro-core set size:undefined disposed:false
1389 silly fetch manifest metro-resolver@0.83.6
1390 silly packumentCache full:https://registry.npmjs.org/metro-resolver cache-miss
1391 http fetch GET 200 https://registry.npmjs.org/metro-file-map 36ms (cache miss)
1392 silly packumentCache full:https://registry.npmjs.org/metro-file-map set size:undefined disposed:false
1393 silly fetch manifest metro-runtime@0.83.6
1394 silly packumentCache full:https://registry.npmjs.org/metro-runtime cache-miss
1395 http fetch GET 200 https://registry.npmjs.org/metro-config 58ms (cache miss)
1396 silly packumentCache full:https://registry.npmjs.org/metro-config set size:undefined disposed:false
1397 silly fetch manifest metro-source-map@0.83.6
1398 silly packumentCache full:https://registry.npmjs.org/metro-source-map cache-miss
1399 http cache https://registry.npmjs.org/metro-runtime 7ms (cache hit)
1400 silly packumentCache full:https://registry.npmjs.org/metro-runtime set size:212197 disposed:false
1401 silly fetch manifest metro-symbolicate@0.83.6
1402 silly packumentCache full:https://registry.npmjs.org/metro-symbolicate cache-miss
1403 http fetch GET 200 https://registry.npmjs.org/metro-minify-terser 44ms (cache miss)
1404 silly packumentCache full:https://registry.npmjs.org/metro-minify-terser set size:undefined disposed:false
1405 silly fetch manifest metro-transform-plugins@0.83.6
1406 silly packumentCache full:https://registry.npmjs.org/metro-transform-plugins cache-miss
1407 http cache https://registry.npmjs.org/metro-source-map 7ms (cache hit)
1408 silly packumentCache full:https://registry.npmjs.org/metro-source-map set size:419987 disposed:false
1409 silly fetch manifest metro-transform-worker@0.83.6
1410 silly packumentCache full:https://registry.npmjs.org/metro-transform-worker cache-miss
1411 http fetch GET 200 https://registry.npmjs.org/@expo%2fschema-utils 328ms (cache miss)
1412 silly packumentCache full:https://registry.npmjs.org/@expo%2fschema-utils set size:undefined disposed:false
1413 silly fetch manifest chalk@^4.1.0
1414 silly packumentCache full:https://registry.npmjs.org/chalk cache-hit
1415 silly fetch manifest postcss@~8.4.32
1416 silly packumentCache full:https://registry.npmjs.org/postcss cache-hit
1417 silly fetch manifest jsc-safe-url@^0.2.4
1418 silly packumentCache full:https://registry.npmjs.org/jsc-safe-url cache-miss
1419 http fetch GET 200 https://registry.npmjs.org/@react-native%2fdev-middleware 286ms (cache miss)
1420 silly packumentCache full:https://registry.npmjs.org/@react-native%2fdev-middleware set size:undefined disposed:false
1421 silly fetch manifest lightningcss@^1.30.1
1422 silly packumentCache full:https://registry.npmjs.org/lightningcss cache-miss
1423 http fetch GET 200 https://registry.npmjs.org/metro-resolver 38ms (cache miss)
1424 silly packumentCache full:https://registry.npmjs.org/metro-resolver set size:undefined disposed:false
1425 silly fetch manifest hermes-parser@^0.32.0
1426 silly packumentCache full:https://registry.npmjs.org/hermes-parser cache-miss
1427 http fetch GET 200 https://registry.npmjs.org/metro-symbolicate 28ms (cache miss)
1428 silly packumentCache full:https://registry.npmjs.org/metro-symbolicate set size:undefined disposed:false
1429 silly fetch manifest @babel/preset-react@^7.22.15
1430 silly packumentCache full:https://registry.npmjs.org/@babel%2fpreset-react cache-miss
1431 http fetch GET 200 https://registry.npmjs.org/jsc-safe-url 22ms (cache miss)
1432 silly packumentCache full:https://registry.npmjs.org/jsc-safe-url set size:undefined disposed:false
1433 silly fetch manifest @babel/preset-typescript@^7.23.0
1434 silly packumentCache full:https://registry.npmjs.org/@babel%2fpreset-typescript cache-miss
1435 http cache https://registry.npmjs.org/@babel%2fpreset-typescript 2ms (cache hit)
1436 silly packumentCache full:https://registry.npmjs.org/@babel%2fpreset-typescript set size:257348 disposed:false
1437 silly fetch manifest @react-native/babel-preset@0.83.6
1438 silly packumentCache full:https://registry.npmjs.org/@react-native%2fbabel-preset cache-miss
1439 http fetch GET 200 https://registry.npmjs.org/metro-transform-worker 29ms (cache miss)
1440 silly packumentCache full:https://registry.npmjs.org/metro-transform-worker set size:undefined disposed:false
1441 silly fetch manifest babel-plugin-react-compiler@^1.0.0
1442 silly packumentCache full:https://registry.npmjs.org/babel-plugin-react-compiler cache-miss
1443 http fetch GET 200 https://registry.npmjs.org/metro-transform-plugins 48ms (cache miss)
1444 silly packumentCache full:https://registry.npmjs.org/metro-transform-plugins set size:undefined disposed:false
1445 silly fetch manifest babel-plugin-react-native-web@~0.21.0
1446 silly packumentCache full:https://registry.npmjs.org/babel-plugin-react-native-web cache-miss
1447 http fetch GET 200 https://registry.npmjs.org/lightningcss 34ms (cache miss)
1448 silly packumentCache full:https://registry.npmjs.org/lightningcss set size:undefined disposed:false
1449 silly fetch manifest @babel/plugin-transform-runtime@^7.24.7
1450 silly packumentCache full:https://registry.npmjs.org/@babel%2fplugin-transform-runtime cache-miss
1451 http fetch GET 200 https://registry.npmjs.org/hermes-parser 30ms (cache miss)
1452 silly packumentCache full:https://registry.npmjs.org/hermes-parser set size:undefined disposed:false
1453 silly fetch manifest @babel/plugin-proposal-decorators@^7.12.9
1454 silly packumentCache full:https://registry.npmjs.org/@babel%2fplugin-proposal-decorators cache-miss
1455 http fetch GET 200 https://registry.npmjs.org/@expo%2fprebuild-config 335ms (cache miss)
1456 silly packumentCache full:https://registry.npmjs.org/@expo%2fprebuild-config set size:undefined disposed:false
1457 silly fetch manifest babel-plugin-syntax-hermes-parser@^0.32.0
1458 silly packumentCache full:https://registry.npmjs.org/babel-plugin-syntax-hermes-parser cache-miss
1459 http cache https://registry.npmjs.org/babel-plugin-syntax-hermes-parser 1ms (cache hit)
1460 silly packumentCache full:https://registry.npmjs.org/babel-plugin-syntax-hermes-parser set size:100651 disposed:false
1461 silly fetch manifest babel-plugin-transform-flow-enums@^0.0.2
1462 silly packumentCache full:https://registry.npmjs.org/babel-plugin-transform-flow-enums cache-miss
1463 http fetch GET 200 https://registry.npmjs.org/@expo%2fcode-signing-certificates 327ms (cache miss)
1464 silly packumentCache full:https://registry.npmjs.org/@expo%2fcode-signing-certificates set size:undefined disposed:false
1465 silly fetch manifest @babel/plugin-transform-parameters@^7.24.7
1466 silly packumentCache full:https://registry.npmjs.org/@babel%2fplugin-transform-parameters cache-miss
1467 http fetch GET 200 https://registry.npmjs.org/@babel%2fpreset-react 42ms (cache miss)
1468 silly packumentCache full:https://registry.npmjs.org/@babel%2fpreset-react set size:undefined disposed:false
1469 silly fetch manifest @babel/plugin-transform-private-methods@^7.24.7
1470 silly packumentCache full:https://registry.npmjs.org/@babel%2fplugin-transform-private-methods cache-miss
1471 http fetch GET 200 https://registry.npmjs.org/babel-plugin-react-compiler 43ms (cache miss)
1472 silly packumentCache full:https://registry.npmjs.org/babel-plugin-react-compiler set size:undefined disposed:false
1473 silly fetch manifest @babel/plugin-syntax-export-default-from@^7.24.7
1474 silly packumentCache full:https://registry.npmjs.org/@babel%2fplugin-syntax-export-default-from cache-miss
1475 http fetch GET 200 https://registry.npmjs.org/babel-plugin-transform-flow-enums 20ms (cache miss)
1476 silly packumentCache full:https://registry.npmjs.org/babel-plugin-transform-flow-enums set size:undefined disposed:false
1477 silly fetch manifest @babel/plugin-transform-flow-strip-types@^7.25.2
1478 silly packumentCache full:https://registry.npmjs.org/@babel%2fplugin-transform-flow-strip-types cache-miss
1479 http fetch GET 200 https://registry.npmjs.org/@babel%2fplugin-transform-runtime 44ms (cache miss)
1480 silly packumentCache full:https://registry.npmjs.org/@babel%2fplugin-transform-runtime set size:undefined disposed:false
1481 silly fetch manifest @babel/plugin-transform-modules-commonjs@^7.24.8
1482 silly packumentCache full:https://registry.npmjs.org/@babel%2fplugin-transform-modules-commonjs cache-miss
1483 http fetch GET 200 https://registry.npmjs.org/babel-plugin-react-native-web 53ms (cache miss)
1484 silly packumentCache full:https://registry.npmjs.org/babel-plugin-react-native-web set size:undefined disposed:false
1485 silly fetch manifest @babel/plugin-proposal-export-default-from@^7.24.7
1486 silly packumentCache full:https://registry.npmjs.org/@babel%2fplugin-proposal-export-default-from cache-miss
1487 http fetch GET 200 https://registry.npmjs.org/@babel%2fplugin-proposal-decorators 52ms (cache miss)
1488 silly packumentCache full:https://registry.npmjs.org/@babel%2fplugin-proposal-decorators set size:undefined disposed:false
1489 silly fetch manifest @babel/plugin-transform-class-static-block@^7.27.1
1490 silly packumentCache full:https://registry.npmjs.org/@babel%2fplugin-transform-class-static-block cache-miss
1491 http fetch GET 200 https://registry.npmjs.org/@babel%2fplugin-transform-parameters 40ms (cache miss)
1492 silly packumentCache full:https://registry.npmjs.org/@babel%2fplugin-transform-parameters set size:undefined disposed:false
1493 silly fetch manifest @babel/plugin-transform-object-rest-spread@^7.24.7
1494 silly packumentCache full:https://registry.npmjs.org/@babel%2fplugin-transform-object-rest-spread cache-miss
1495 http fetch GET 200 https://registry.npmjs.org/@babel%2fplugin-transform-private-methods 42ms (cache miss)
1496 silly packumentCache full:https://registry.npmjs.org/@babel%2fplugin-transform-private-methods set size:undefined disposed:false
1497 silly fetch manifest @babel/plugin-transform-export-namespace-from@^7.25.9
1498 silly packumentCache full:https://registry.npmjs.org/@babel%2fplugin-transform-export-namespace-from cache-miss
1499 http fetch GET 200 https://registry.npmjs.org/@react-native%2fbabel-preset 84ms (cache miss)
1500 silly packumentCache full:https://registry.npmjs.org/@react-native%2fbabel-preset set size:undefined disposed:false
1501 silly fetch manifest @babel/plugin-transform-private-property-in-object@^7.24.7
1502 silly packumentCache full:https://registry.npmjs.org/@babel%2fplugin-transform-private-property-in-object cache-miss
1503 http fetch GET 200 https://registry.npmjs.org/@babel%2fplugin-transform-flow-strip-types 55ms (cache miss)
1504 silly packumentCache full:https://registry.npmjs.org/@babel%2fplugin-transform-flow-strip-types set size:undefined disposed:false
1505 silly fetch manifest commander@^7.2.0
1506 silly packumentCache full:https://registry.npmjs.org/commander cache-miss
1507 http fetch GET 200 https://registry.npmjs.org/@babel%2fplugin-syntax-export-default-from 59ms (cache miss)
1508 silly packumentCache full:https://registry.npmjs.org/@babel%2fplugin-syntax-export-default-from set size:undefined disposed:false
1509 silly fetch manifest react-is@^18.0.0
1510 silly packumentCache full:https://registry.npmjs.org/react-is cache-miss
1511 http fetch GET 200 https://registry.npmjs.org/@babel%2fplugin-transform-modules-commonjs 46ms (cache miss)
1512 silly packumentCache full:https://registry.npmjs.org/@babel%2fplugin-transform-modules-commonjs set size:undefined disposed:false
1513 silly fetch manifest ansi-styles@^5.0.0
1514 silly packumentCache full:https://registry.npmjs.org/ansi-styles cache-miss
1515 http cache https://registry.npmjs.org/commander 8ms (cache hit)
1516 silly packumentCache full:https://registry.npmjs.org/commander set size:306325 disposed:false
1517 silly fetch manifest @jest/schemas@^29.6.3
1518 silly packumentCache full:https://registry.npmjs.org/@jest%2fschemas cache-miss
1519 http cache https://registry.npmjs.org/react-is 16ms (cache hit)
1520 silly packumentCache full:https://registry.npmjs.org/react-is set size:5358487 disposed:false
1521 http fetch GET 200 https://registry.npmjs.org/@babel%2fplugin-transform-class-static-block 77ms (cache miss)
1522 silly packumentCache full:https://registry.npmjs.org/@babel%2fplugin-transform-class-static-block set size:undefined disposed:false
1523 http fetch GET 200 https://registry.npmjs.org/@babel%2fplugin-transform-object-rest-spread 72ms (cache miss)
1524 silly packumentCache full:https://registry.npmjs.org/@babel%2fplugin-transform-object-rest-spread set size:undefined disposed:false
1525 http fetch GET 200 https://registry.npmjs.org/@babel%2fplugin-transform-export-namespace-from 71ms (cache miss)
1526 silly packumentCache full:https://registry.npmjs.org/@babel%2fplugin-transform-export-namespace-from set size:undefined disposed:false
1527 http fetch GET 200 https://registry.npmjs.org/ansi-styles 41ms (cache miss)
1528 silly packumentCache full:https://registry.npmjs.org/ansi-styles set size:undefined disposed:false
1529 http fetch GET 200 https://registry.npmjs.org/@babel%2fplugin-transform-private-property-in-object 62ms (cache miss)
1530 silly packumentCache full:https://registry.npmjs.org/@babel%2fplugin-transform-private-property-in-object set size:undefined disposed:false
1531 http fetch GET 200 https://registry.npmjs.org/@expo%2frouter-server 488ms (cache miss)
1532 silly packumentCache full:https://registry.npmjs.org/@expo%2frouter-server set size:undefined disposed:false
1533 http fetch GET 200 https://registry.npmjs.org/@jest%2fschemas 48ms (cache miss)
1534 silly packumentCache full:https://registry.npmjs.org/@jest%2fschemas set size:undefined disposed:false
1535 http fetch GET 200 https://registry.npmjs.org/@babel%2fplugin-proposal-export-default-from 195ms (cache miss)
1536 silly packumentCache full:https://registry.npmjs.org/@babel%2fplugin-proposal-export-default-from set size:undefined disposed:false
1537 silly placeDep ROOT @expo/code-signing-certificates@0.0.6 OK for: @expo/cli@55.0.26 want: ^0.0.6
1538 silly placeDep ROOT @expo/devcert@1.2.1 OK for: @expo/cli@55.0.26 want: ^1.2.1
1539 silly placeDep ROOT @expo/env@2.1.1 OK for: @expo/cli@55.0.26 want: ~2.1.1
1540 silly placeDep ROOT @expo/image-utils@0.8.13 OK for: @expo/cli@55.0.26 want: ^0.8.13
1541 silly placeDep ROOT @expo/json-file@10.0.13 OK for: @expo/cli@55.0.26 want: ^10.0.13
1542 silly placeDep ROOT @expo/osascript@2.4.2 OK for: @expo/cli@55.0.26 want: ^2.4.2
1543 silly placeDep ROOT @expo/package-manager@1.10.4 OK for: @expo/cli@55.0.26 want: ^1.10.4
1544 silly placeDep ROOT @expo/plist@0.5.2 OK for: @expo/cli@55.0.26 want: ^0.5.2
1545 silly placeDep ROOT @expo/prebuild-config@55.0.16 OK for: @expo/cli@55.0.26 want: ^55.0.16
1546 silly placeDep ROOT @expo/require-utils@55.0.4 OK for: @expo/cli@55.0.26 want: ^55.0.4
1547 silly placeDep ROOT @expo/router-server@55.0.15 OK for: @expo/cli@55.0.26 want: ^55.0.15
1548 silly placeDep ROOT @expo/schema-utils@55.0.3 OK for: @expo/cli@55.0.26 want: ^55.0.3
1549 silly placeDep ROOT @expo/spawn-async@1.7.2 OK for: @expo/cli@55.0.26 want: ^1.7.2
1550 silly placeDep ROOT @expo/ws-tunnel@1.0.6 OK for: @expo/cli@55.0.26 want: ^1.0.1
1551 silly placeDep ROOT @expo/xcpretty@4.4.3 OK for: @expo/cli@55.0.26 want: ^4.4.0
1552 silly placeDep ROOT @react-native/dev-middleware@0.83.6 OK for: @expo/cli@55.0.26 want: 0.83.6
1553 silly placeDep ROOT accepts@1.3.8 OK for: @expo/cli@55.0.26 want: ^1.3.8
1554 silly placeDep ROOT arg@5.0.2 OK for: @expo/cli@55.0.26 want: ^5.0.2
1555 silly placeDep ROOT better-opn@3.0.2 OK for: @expo/cli@55.0.26 want: ~3.0.2
1556 silly placeDep ROOT bplist-creator@0.1.0 OK for: @expo/cli@55.0.26 want: 0.1.0
1557 silly placeDep ROOT bplist-parser@0.3.2 OK for: @expo/cli@55.0.26 want: ^0.3.1
1558 silly placeDep ROOT chalk@4.1.2 OK for: @expo/cli@55.0.26 want: ^4.0.0
1559 silly placeDep ROOT ci-info@3.9.0 OK for: @expo/cli@55.0.26 want: ^3.3.0
1560 silly placeDep ROOT compression@1.8.1 OK for: @expo/cli@55.0.26 want: ^1.7.4
1561 silly placeDep ROOT connect@3.7.0 OK for: @expo/cli@55.0.26 want: ^3.7.0
1562 silly placeDep ROOT dnssd-advertise@1.1.4 OK for: @expo/cli@55.0.26 want: ^1.1.4
1563 silly placeDep ROOT expo-server@55.0.8 OK for: @expo/cli@55.0.26 want: ^55.0.8
1564 silly placeDep ROOT fetch-nodeshim@0.4.10 OK for: @expo/cli@55.0.26 want: ^0.4.10
1565 silly placeDep ROOT getenv@2.0.0 OK for: @expo/cli@55.0.26 want: ^2.0.0
1566 silly placeDep ROOT glob@13.0.6 OK for: @expo/cli@55.0.26 want: ^13.0.0
1567 silly placeDep ROOT lan-network@0.2.1 OK for: @expo/cli@55.0.26 want: ^0.2.1
1568 silly placeDep ROOT multitars@1.0.0 OK for: @expo/cli@55.0.26 want: ^1.0.0
1569 silly placeDep ROOT node-forge@1.4.0 OK for: @expo/cli@55.0.26 want: ^1.3.3
1570 silly placeDep ROOT npm-package-arg@11.0.3 OK for: @expo/cli@55.0.26 want: ^11.0.0
1571 silly placeDep ROOT ora@3.4.0 OK for: @expo/cli@55.0.26 want: ^3.4.0
1572 silly placeDep ROOT picomatch@4.0.4 OK for: @expo/cli@55.0.26 want: ^4.0.3
1573 silly placeDep ROOT progress@2.0.3 OK for: @expo/cli@55.0.26 want: ^2.0.3
1574 silly placeDep ROOT prompts@2.4.2 OK for: @expo/cli@55.0.26 want: ^2.3.2
1575 silly placeDep ROOT resolve-from@5.0.0 OK for: @expo/cli@55.0.26 want: ^5.0.0
1576 silly placeDep node_modules/@expo/cli semver@7.7.4 OK for: @expo/cli@55.0.26 want: ^7.6.0
1577 silly placeDep ROOT send@0.19.2 OK for: @expo/cli@55.0.26 want: ^0.19.0
1578 silly placeDep ROOT slugify@1.6.9 OK for: @expo/cli@55.0.26 want: ^1.3.4
1579 silly placeDep ROOT source-map-support@0.5.21 OK for: @expo/cli@55.0.26 want: ~0.5.21
1580 silly placeDep ROOT stacktrace-parser@0.1.11 OK for: @expo/cli@55.0.26 want: ^0.1.10
1581 silly placeDep ROOT structured-headers@0.4.1 OK for: @expo/cli@55.0.26 want: ^0.4.1
1582 silly placeDep ROOT terminal-link@2.1.1 OK for: @expo/cli@55.0.26 want: ^2.1.1
1583 silly placeDep ROOT toqr@0.1.1 OK for: @expo/cli@55.0.26 want: ^0.1.1
1584 silly placeDep ROOT wrap-ansi@7.0.0 OK for: @expo/cli@55.0.26 want: ^7.0.0
1585 silly placeDep ROOT ws@8.20.0 OK for: @expo/cli@55.0.26 want: ^8.12.1
1586 silly placeDep ROOT zod@3.25.76 OK for: @expo/cli@55.0.26 want: ^3.25.76
1587 silly fetch manifest debug@^3.1.0
1588 silly packumentCache full:https://registry.npmjs.org/debug cache-hit
1589 silly fetch manifest @expo/sudo-prompt@^9.3.1
1590 silly packumentCache full:https://registry.npmjs.org/@expo%2fsudo-prompt cache-miss
1591 silly fetch manifest parse-png@^2.1.0
1592 silly packumentCache full:https://registry.npmjs.org/parse-png cache-miss
1593 silly fetch manifest jimp-compact@0.16.1
1594 silly packumentCache full:https://registry.npmjs.org/jimp-compact cache-miss
1595 silly fetch manifest xmlbuilder@^15.1.1
1596 silly packumentCache full:https://registry.npmjs.org/xmlbuilder cache-miss
1597 silly fetch manifest @xmldom/xmldom@^0.8.8
1598 silly packumentCache full:https://registry.npmjs.org/@xmldom%2fxmldom cache-miss
1599 silly fetch manifest cross-spawn@^7.0.3
1600 silly packumentCache full:https://registry.npmjs.org/cross-spawn cache-miss
1601 silly fetch manifest js-yaml@^4.1.0
1602 silly packumentCache full:https://registry.npmjs.org/js-yaml cache-miss
1603 silly fetch manifest open@^7.0.3
1604 silly packumentCache full:https://registry.npmjs.org/open cache-miss
1605 silly fetch manifest connect@^3.6.5
1606 silly packumentCache full:https://registry.npmjs.org/connect cache-miss
1607 http cache https://registry.npmjs.org/connect 5ms (cache hit)
1608 silly packumentCache full:https://registry.npmjs.org/connect set size:438385 disposed:false
1609 silly fetch manifest serve-static@^1.16.2
1610 silly packumentCache full:https://registry.npmjs.org/serve-static cache-miss
1611 http fetch GET 200 https://registry.npmjs.org/parse-png 31ms (cache miss)
1612 silly packumentCache full:https://registry.npmjs.org/parse-png set size:undefined disposed:false
1613 silly fetch manifest chrome-launcher@^0.15.2
1614 silly packumentCache full:https://registry.npmjs.org/chrome-launcher cache-miss
1615 http fetch GET 200 https://registry.npmjs.org/jimp-compact 32ms (cache miss)
1616 silly packumentCache full:https://registry.npmjs.org/jimp-compact set size:undefined disposed:false
1617 silly fetch manifest @isaacs/ttlcache@^1.4.1
1618 silly packumentCache full:https://registry.npmjs.org/@isaacs%2fttlcache cache-miss
1619 http fetch GET 200 https://registry.npmjs.org/open 32ms (cache miss)
1620 silly packumentCache full:https://registry.npmjs.org/open set size:undefined disposed:false
1621 silly fetch manifest chromium-edge-launcher@^0.2.0
1622 silly packumentCache full:https://registry.npmjs.org/chromium-edge-launcher cache-miss
1623 http fetch GET 200 https://registry.npmjs.org/xmlbuilder 36ms (cache miss)
1624 silly packumentCache full:https://registry.npmjs.org/xmlbuilder set size:undefined disposed:false
1625 silly fetch manifest @react-native/debugger-shell@0.83.6
1626 silly packumentCache full:https://registry.npmjs.org/@react-native%2fdebugger-shell cache-miss
1627 http fetch GET 200 https://registry.npmjs.org/cross-spawn 38ms (cache miss)
1628 silly packumentCache full:https://registry.npmjs.org/cross-spawn set size:undefined disposed:false
1629 silly fetch manifest @react-native/debugger-frontend@0.83.6
1630 silly packumentCache full:https://registry.npmjs.org/@react-native%2fdebugger-frontend cache-miss
1631 http fetch GET 200 https://registry.npmjs.org/@expo%2fsudo-prompt 43ms (cache miss)
1632 silly packumentCache full:https://registry.npmjs.org/@expo%2fsudo-prompt set size:undefined disposed:false
1633 silly fetch manifest mime-types@~2.1.34
1634 silly packumentCache full:https://registry.npmjs.org/mime-types cache-miss
1635 http fetch GET 200 https://registry.npmjs.org/js-yaml 59ms (cache miss)
1636 silly packumentCache full:https://registry.npmjs.org/js-yaml set size:undefined disposed:false
1637 silly fetch manifest negotiator@0.6.3
1638 silly packumentCache full:https://registry.npmjs.org/negotiator cache-miss
1639 http fetch GET 200 https://registry.npmjs.org/chrome-launcher 31ms (cache miss)
1640 silly packumentCache full:https://registry.npmjs.org/chrome-launcher set size:undefined disposed:false
1641 silly fetch manifest open@^8.0.4
1642 silly packumentCache full:https://registry.npmjs.org/open cache-miss
1643 http fetch GET 200 https://registry.npmjs.org/chromium-edge-launcher 29ms (cache miss)
1644 silly packumentCache full:https://registry.npmjs.org/chromium-edge-launcher set size:undefined disposed:false
1645 silly fetch manifest stream-buffers@2.2.x
1646 silly packumentCache full:https://registry.npmjs.org/stream-buffers cache-miss
1647 http cache https://registry.npmjs.org/open 3ms (cache hit)
1648 silly packumentCache full:https://registry.npmjs.org/open set size:136392 disposed:false
1649 silly fetch manifest big-integer@1.6.x
1650 silly packumentCache full:https://registry.npmjs.org/big-integer cache-miss
1651 http fetch GET 200 https://registry.npmjs.org/@xmldom%2fxmldom 66ms (cache miss)
1652 silly packumentCache full:https://registry.npmjs.org/@xmldom%2fxmldom set size:undefined disposed:false
1653 silly fetch manifest ansi-styles@^4.1.0
1654 silly packumentCache full:https://registry.npmjs.org/ansi-styles cache-miss
1655 http cache https://registry.npmjs.org/ansi-styles 2ms (cache hit)
1656 silly packumentCache full:https://registry.npmjs.org/ansi-styles set size:63233 disposed:false
1657 silly fetch manifest supports-color@^7.1.0
1658 silly packumentCache full:https://registry.npmjs.org/supports-color cache-miss
1659 http fetch GET 200 https://registry.npmjs.org/serve-static 61ms (cache miss)
1660 silly packumentCache full:https://registry.npmjs.org/serve-static set size:undefined disposed:false
1661 silly fetch manifest vary@~1.1.2
1662 silly packumentCache full:https://registry.npmjs.org/vary cache-miss
1663 http fetch GET 200 https://registry.npmjs.org/mime-types 32ms (cache miss)
1664 silly packumentCache full:https://registry.npmjs.org/mime-types set size:undefined disposed:false
1665 silly fetch manifest bytes@3.1.2
1666 silly packumentCache full:https://registry.npmjs.org/bytes cache-miss
1667 http fetch GET 200 https://registry.npmjs.org/@isaacs%2fttlcache 45ms (cache miss)
1668 silly packumentCache full:https://registry.npmjs.org/@isaacs%2fttlcache set size:undefined disposed:false
1669 silly fetch manifest debug@2.6.9
1670 silly packumentCache full:https://registry.npmjs.org/debug cache-hit
1671 silly fetch manifest negotiator@~0.6.4
1672 silly packumentCache full:https://registry.npmjs.org/negotiator cache-miss
1673 http fetch GET 200 https://registry.npmjs.org/negotiator 24ms (cache miss)
1674 silly packumentCache full:https://registry.npmjs.org/negotiator set size:undefined disposed:false
1675 silly fetch manifest on-headers@~1.1.0
1676 silly packumentCache full:https://registry.npmjs.org/on-headers cache-miss
1677 http fetch GET 200 https://registry.npmjs.org/big-integer 26ms (cache miss)
1678 silly packumentCache full:https://registry.npmjs.org/big-integer set size:undefined disposed:false
1679 silly fetch manifest safe-buffer@5.2.1
1680 silly packumentCache full:https://registry.npmjs.org/safe-buffer cache-miss
1681 http fetch GET 200 https://registry.npmjs.org/bytes 21ms (cache miss)
1682 silly packumentCache full:https://registry.npmjs.org/bytes set size:undefined disposed:false
1683 silly fetch manifest compressible@~2.0.18
1684 silly packumentCache full:https://registry.npmjs.org/compressible cache-miss
1685 http fetch GET 200 https://registry.npmjs.org/negotiator 21ms (cache miss)
1686 silly packumentCache full:https://registry.npmjs.org/negotiator set size:undefined disposed:false
1687 silly fetch manifest finalhandler@1.1.2
1688 silly packumentCache full:https://registry.npmjs.org/finalhandler cache-miss
1689 http fetch GET 200 https://registry.npmjs.org/stream-buffers 41ms (cache miss)
1690 silly packumentCache full:https://registry.npmjs.org/stream-buffers set size:undefined disposed:false
1691 silly fetch manifest parseurl@~1.3.3
1692 silly packumentCache full:https://registry.npmjs.org/parseurl cache-miss
1693 http fetch GET 200 https://registry.npmjs.org/supports-color 38ms (cache miss)
1694 silly packumentCache full:https://registry.npmjs.org/supports-color set size:undefined disposed:false
1695 silly fetch manifest utils-merge@1.0.1
1696 silly packumentCache full:https://registry.npmjs.org/utils-merge cache-miss
1697 http fetch GET 200 https://registry.npmjs.org/on-headers 32ms (cache miss)
1698 silly packumentCache full:https://registry.npmjs.org/on-headers set size:undefined disposed:false
1699 silly fetch manifest minipass@^7.1.3
1700 silly packumentCache full:https://registry.npmjs.org/minipass cache-miss
1701 http fetch GET 200 https://registry.npmjs.org/compressible 26ms (cache miss)
1702 silly packumentCache full:https://registry.npmjs.org/compressible set size:undefined disposed:false
1703 silly fetch manifest path-scurry@^2.0.2
1704 silly packumentCache full:https://registry.npmjs.org/path-scurry cache-miss
1705 http fetch GET 200 https://registry.npmjs.org/vary 51ms (cache miss)
1706 silly packumentCache full:https://registry.npmjs.org/vary set size:undefined disposed:false
1707 silly fetch manifest semver@^7.3.5
1708 silly packumentCache full:https://registry.npmjs.org/semver cache-hit
1709 silly fetch manifest proc-log@^4.0.0
1710 silly packumentCache full:https://registry.npmjs.org/proc-log cache-miss
1711 http fetch GET 200 https://registry.npmjs.org/safe-buffer 31ms (cache miss)
1712 silly packumentCache full:https://registry.npmjs.org/safe-buffer set size:undefined disposed:false
1713 silly fetch manifest hosted-git-info@^7.0.0
1714 silly packumentCache full:https://registry.npmjs.org/hosted-git-info cache-miss
1715 http fetch GET 200 https://registry.npmjs.org/@react-native%2fdebugger-frontend 86ms (cache miss)
1716 silly packumentCache full:https://registry.npmjs.org/@react-native%2fdebugger-frontend set size:undefined disposed:false
1717 silly fetch manifest validate-npm-package-name@^5.0.0
1718 silly packumentCache full:https://registry.npmjs.org/validate-npm-package-name cache-miss
1719 http fetch GET 200 https://registry.npmjs.org/utils-merge 26ms (cache miss)
1720 silly packumentCache full:https://registry.npmjs.org/utils-merge set size:undefined disposed:false
1721 silly fetch manifest chalk@^2.4.2
1722 silly packumentCache full:https://registry.npmjs.org/chalk cache-hit
1723 silly fetch manifest wcwidth@^1.0.1
1724 silly packumentCache full:https://registry.npmjs.org/wcwidth cache-miss
1725 http fetch GET 200 https://registry.npmjs.org/parseurl 32ms (cache miss)
1726 silly packumentCache full:https://registry.npmjs.org/parseurl set size:undefined disposed:false
1727 silly fetch manifest cli-cursor@^2.1.0
1728 silly packumentCache full:https://registry.npmjs.org/cli-cursor cache-miss
1729 http fetch GET 200 https://registry.npmjs.org/minipass 28ms (cache miss)
1730 silly packumentCache full:https://registry.npmjs.org/minipass set size:undefined disposed:false
1731 silly fetch manifest strip-ansi@^5.2.0
1732 silly packumentCache full:https://registry.npmjs.org/strip-ansi cache-miss
1733 http fetch GET 200 https://registry.npmjs.org/path-scurry 30ms (cache miss)
1734 silly packumentCache full:https://registry.npmjs.org/path-scurry set size:undefined disposed:false
1735 silly fetch manifest log-symbols@^2.2.0
1736 silly packumentCache full:https://registry.npmjs.org/log-symbols cache-miss
1737 http fetch GET 200 https://registry.npmjs.org/finalhandler 54ms (cache miss)
1738 silly packumentCache full:https://registry.npmjs.org/finalhandler set size:undefined disposed:false
1739 silly fetch manifest cli-spinners@^2.0.0
1740 silly packumentCache full:https://registry.npmjs.org/cli-spinners cache-miss
1741 http fetch GET 200 https://registry.npmjs.org/validate-npm-package-name 23ms (cache miss)
1742 silly packumentCache full:https://registry.npmjs.org/validate-npm-package-name set size:undefined disposed:false
1743 silly fetch manifest kleur@^3.0.3
1744 silly packumentCache full:https://registry.npmjs.org/kleur cache-miss
1745 http fetch GET 200 https://registry.npmjs.org/wcwidth 22ms (cache miss)
1746 silly packumentCache full:https://registry.npmjs.org/wcwidth set size:undefined disposed:false
1747 silly fetch manifest sisteransi@^1.0.5
1748 silly packumentCache full:https://registry.npmjs.org/sisteransi cache-miss
1749 http fetch GET 200 https://registry.npmjs.org/cli-cursor 28ms (cache miss)
1750 silly packumentCache full:https://registry.npmjs.org/cli-cursor set size:undefined disposed:false
1751 silly fetch manifest depd@2.0.0
1752 silly packumentCache full:https://registry.npmjs.org/depd cache-miss
1753 http fetch GET 200 https://registry.npmjs.org/hosted-git-info 41ms (cache miss)
1754 silly packumentCache full:https://registry.npmjs.org/hosted-git-info set size:undefined disposed:false
1755 silly fetch manifest etag@~1.8.1
1756 silly packumentCache full:https://registry.npmjs.org/etag cache-miss
1757 http fetch GET 200 https://registry.npmjs.org/strip-ansi 25ms (cache miss)
1758 silly packumentCache full:https://registry.npmjs.org/strip-ansi set size:undefined disposed:false
1759 silly fetch manifest mime@1.6.0
1760 silly packumentCache full:https://registry.npmjs.org/mime cache-miss
1761 http fetch GET 200 https://registry.npmjs.org/proc-log 52ms (cache miss)
1762 silly packumentCache full:https://registry.npmjs.org/proc-log set size:undefined disposed:false
1763 silly fetch manifest fresh@~0.5.2
1764 silly packumentCache full:https://registry.npmjs.org/fresh cache-miss
1765 http fetch GET 200 https://registry.npmjs.org/log-symbols 25ms (cache miss)
1766 silly packumentCache full:https://registry.npmjs.org/log-symbols set size:undefined disposed:false
1767 silly fetch manifest destroy@1.2.0
1768 silly packumentCache full:https://registry.npmjs.org/destroy cache-miss
1769 http fetch GET 200 https://registry.npmjs.org/kleur 23ms (cache miss)
1770 silly packumentCache full:https://registry.npmjs.org/kleur set size:undefined disposed:false
1771 silly fetch manifest statuses@~2.0.2
1772 silly packumentCache full:https://registry.npmjs.org/statuses cache-miss
1773 http fetch GET 200 https://registry.npmjs.org/sisteransi 27ms (cache miss)
1774 silly packumentCache full:https://registry.npmjs.org/sisteransi set size:undefined disposed:false
1775 silly fetch manifest encodeurl@~2.0.0
1776 silly packumentCache full:https://registry.npmjs.org/encodeurl cache-miss
1777 http fetch GET 200 https://registry.npmjs.org/cli-spinners 32ms (cache miss)
1778 silly packumentCache full:https://registry.npmjs.org/cli-spinners set size:undefined disposed:false
1779 silly fetch manifest escape-html@~1.0.3
1780 silly packumentCache full:https://registry.npmjs.org/escape-html cache-miss
1781 http fetch GET 200 https://registry.npmjs.org/depd 29ms (cache miss)
1782 silly packumentCache full:https://registry.npmjs.org/depd set size:undefined disposed:false
1783 silly fetch manifest http-errors@~2.0.1
1784 silly packumentCache full:https://registry.npmjs.org/http-errors cache-miss
1785 http fetch GET 200 https://registry.npmjs.org/fresh 21ms (cache miss)
1786 silly packumentCache full:https://registry.npmjs.org/fresh set size:undefined disposed:false
1787 silly fetch manifest on-finished@~2.4.1
1788 silly packumentCache full:https://registry.npmjs.org/on-finished cache-miss
1789 http fetch GET 200 https://registry.npmjs.org/etag 66ms (cache miss)
1790 silly packumentCache full:https://registry.npmjs.org/etag set size:undefined disposed:false
1791 silly fetch manifest range-parser@~1.2.1
1792 silly packumentCache full:https://registry.npmjs.org/range-parser cache-miss
1793 http fetch GET 200 https://registry.npmjs.org/destroy 58ms (cache miss)
1794 silly packumentCache full:https://registry.npmjs.org/destroy set size:undefined disposed:false
1795 silly fetch manifest buffer-from@^1.0.0
1796 silly packumentCache full:https://registry.npmjs.org/buffer-from cache-miss
1797 http fetch GET 200 https://registry.npmjs.org/statuses 57ms (cache miss)
1798 silly packumentCache full:https://registry.npmjs.org/statuses set size:undefined disposed:false
1799 silly fetch manifest source-map@^0.6.0
1800 silly packumentCache full:https://registry.npmjs.org/source-map cache-miss
1801 http fetch GET 200 https://registry.npmjs.org/on-finished 39ms (cache miss)
1802 silly packumentCache full:https://registry.npmjs.org/on-finished set size:undefined disposed:false
1803 silly fetch manifest type-fest@^0.7.1
1804 silly packumentCache full:https://registry.npmjs.org/type-fest cache-miss
1805 http fetch GET 200 https://registry.npmjs.org/escape-html 51ms (cache miss)
1806 silly packumentCache full:https://registry.npmjs.org/escape-html set size:undefined disposed:false
1807 silly fetch manifest ansi-escapes@^4.2.1
1808 silly packumentCache full:https://registry.npmjs.org/ansi-escapes cache-miss
1809 http fetch GET 200 https://registry.npmjs.org/encodeurl 53ms (cache miss)
1810 silly packumentCache full:https://registry.npmjs.org/encodeurl set size:undefined disposed:false
1811 silly fetch manifest supports-hyperlinks@^2.0.0
1812 silly packumentCache full:https://registry.npmjs.org/supports-hyperlinks cache-miss
1813 http fetch GET 200 https://registry.npmjs.org/mime 65ms (cache miss)
1814 silly packumentCache full:https://registry.npmjs.org/mime set size:undefined disposed:false
1815 silly fetch manifest strip-ansi@^6.0.0
1816 silly packumentCache full:https://registry.npmjs.org/strip-ansi cache-miss
1817 http fetch GET 200 https://registry.npmjs.org/http-errors 47ms (cache miss)
1818 silly packumentCache full:https://registry.npmjs.org/http-errors set size:undefined disposed:false
1819 silly fetch manifest ansi-styles@^4.0.0
1820 silly packumentCache full:https://registry.npmjs.org/ansi-styles cache-hit
1821 silly fetch manifest string-width@^4.1.0
1822 silly packumentCache full:https://registry.npmjs.org/string-width cache-miss
1823 http cache https://registry.npmjs.org/strip-ansi 3ms (cache hit)
1824 silly packumentCache full:https://registry.npmjs.org/strip-ansi set size:44998 disposed:false
1825 http fetch GET 200 https://registry.npmjs.org/supports-hyperlinks 25ms (cache miss)
1826 silly packumentCache full:https://registry.npmjs.org/supports-hyperlinks set size:undefined disposed:false
1827 http fetch GET 200 https://registry.npmjs.org/range-parser 31ms (cache miss)
1828 silly packumentCache full:https://registry.npmjs.org/range-parser set size:undefined disposed:false
1829 http fetch GET 200 https://registry.npmjs.org/buffer-from 31ms (cache miss)
1830 silly packumentCache full:https://registry.npmjs.org/buffer-from set size:undefined disposed:false
1831 http fetch GET 200 https://registry.npmjs.org/ansi-escapes 30ms (cache miss)
1832 silly packumentCache full:https://registry.npmjs.org/ansi-escapes set size:undefined disposed:false
1833 http fetch GET 200 https://registry.npmjs.org/string-width 28ms (cache miss)
1834 silly packumentCache full:https://registry.npmjs.org/string-width set size:undefined disposed:false
1835 http fetch GET 200 https://registry.npmjs.org/source-map 35ms (cache miss)
1836 silly packumentCache full:https://registry.npmjs.org/source-map set size:undefined disposed:false
1837 http fetch GET 200 https://registry.npmjs.org/type-fest 83ms (cache miss)
1838 silly packumentCache full:https://registry.npmjs.org/type-fest set size:undefined disposed:false
1839 http fetch GET 200 https://registry.npmjs.org/@react-native%2fdebugger-shell 360ms (cache miss)
1840 silly packumentCache full:https://registry.npmjs.org/@react-native%2fdebugger-shell set size:undefined disposed:false
1841 silly placeDep ROOT @expo/config-types@55.0.5 OK for: @expo/config@55.0.15 want: ^55.0.5
1842 silly placeDep ROOT deepmerge@4.3.1 OK for: @expo/config@55.0.15 want: ^4.3.1
1843 silly placeDep ROOT resolve-workspace-root@2.0.1 OK for: @expo/config@55.0.15 want: ^2.0.0
1844 silly placeDep node_modules/@expo/config semver@7.7.4 OK for: @expo/config@55.0.15 want: ^7.6.0
1845 silly placeDep ROOT @expo/sdk-runtime-versions@1.0.0 OK for: @expo/config-plugins@55.0.8 want: ^1.0.0
1846 silly placeDep node_modules/@expo/config-plugins semver@7.7.4 OK for: @expo/config-plugins@55.0.8 want: ^7.5.4
1847 silly placeDep ROOT xcode@3.0.1 OK for: @expo/config-plugins@55.0.8 want: ^3.0.1
1848 silly placeDep ROOT xml2js@0.6.0 OK for: @expo/config-plugins@55.0.8 want: 0.6.0
1849 silly fetch manifest uuid@^7.0.3
1850 silly packumentCache full:https://registry.npmjs.org/uuid cache-hit
1851 silly fetch manifest simple-plist@^1.1.0
1852 silly packumentCache full:https://registry.npmjs.org/simple-plist cache-miss
1853 silly fetch manifest sax@>=0.6.0
1854 silly packumentCache full:https://registry.npmjs.org/sax cache-miss
1855 silly fetch manifest xmlbuilder@~11.0.0
1856 silly packumentCache full:https://registry.npmjs.org/xmlbuilder cache-miss
1857 http cache https://registry.npmjs.org/xmlbuilder 3ms (cache hit)
1858 silly packumentCache full:https://registry.npmjs.org/xmlbuilder set size:158707 disposed:false
1859 http fetch GET 200 https://registry.npmjs.org/sax 25ms (cache miss)
1860 silly packumentCache full:https://registry.npmjs.org/sax set size:undefined disposed:false
1861 http fetch GET 200 https://registry.npmjs.org/simple-plist 29ms (cache miss)
1862 silly packumentCache full:https://registry.npmjs.org/simple-plist set size:undefined disposed:false
1863 silly placeDep ROOT @expo/sudo-prompt@9.3.2 OK for: @expo/devcert@1.2.1 want: ^9.3.1
1864 silly placeDep node_modules/@expo/devcert debug@3.2.7 OK for: @expo/devcert@1.2.1 want: ^3.1.0
1865 silly placeDep ROOT ignore@5.3.2 OK for: @expo/fingerprint@0.16.6 want: ^5.3.1
1866 silly placeDep ROOT minimatch@10.2.5 OK for: @expo/fingerprint@0.16.6 want: ^10.2.2
1867 silly placeDep node_modules/@expo/fingerprint semver@7.7.4 OK for: @expo/fingerprint@0.16.6 want: ^7.6.0
1868 silly fetch manifest brace-expansion@^5.0.5
1869 silly packumentCache full:https://registry.npmjs.org/brace-expansion cache-miss
1870 http fetch GET 200 https://registry.npmjs.org/brace-expansion 31ms (cache miss)
1871 silly packumentCache full:https://registry.npmjs.org/brace-expansion set size:undefined disposed:false
1872 silly placeDep ROOT jimp-compact@0.16.1 OK for: @expo/image-utils@0.8.13 want: 0.16.1
1873 silly placeDep ROOT parse-png@2.1.0 OK for: @expo/image-utils@0.8.13 want: ^2.1.0
1874 silly placeDep node_modules/@expo/image-utils semver@7.7.4 OK for: @expo/image-utils@0.8.13 want: ^7.6.0
1875 silly fetch manifest pngjs@^3.3.0
1876 silly packumentCache full:https://registry.npmjs.org/pngjs cache-miss
1877 http fetch GET 200 https://registry.npmjs.org/pngjs 27ms (cache miss)
1878 silly packumentCache full:https://registry.npmjs.org/pngjs set size:undefined disposed:false
1879 silly placeDep ROOT @expo/dom-webview@55.0.5 OK for: @expo/log-box@55.0.11 want: ^55.0.5
1880 silly placeDep ROOT anser@1.4.10 OK for: @expo/log-box@55.0.11 want: ^1.4.9
1881 silly placeDep ROOT metro@0.83.6 OK for: @expo/metro@55.1.0 want: 0.83.6
1882 silly placeDep ROOT metro-babel-transformer@0.83.6 OK for: @expo/metro@55.1.0 want: 0.83.6
1883 silly placeDep ROOT metro-cache@0.83.6 OK for: @expo/metro@55.1.0 want: 0.83.6
1884 silly placeDep ROOT metro-cache-key@0.83.6 OK for: @expo/metro@55.1.0 want: 0.83.6
1885 silly placeDep ROOT metro-config@0.83.6 OK for: @expo/metro@55.1.0 want: 0.83.6
1886 silly placeDep ROOT metro-core@0.83.6 OK for: @expo/metro@55.1.0 want: 0.83.6
1887 silly placeDep ROOT metro-file-map@0.83.6 OK for: @expo/metro@55.1.0 want: 0.83.6
1888 silly placeDep ROOT metro-minify-terser@0.83.6 OK for: @expo/metro@55.1.0 want: 0.83.6
1889 silly placeDep ROOT metro-resolver@0.83.6 OK for: @expo/metro@55.1.0 want: 0.83.6
1890 silly placeDep ROOT metro-runtime@0.83.6 OK for: @expo/metro@55.1.0 want: 0.83.6
1891 silly placeDep ROOT metro-source-map@0.83.6 OK for: @expo/metro@55.1.0 want: 0.83.6
1892 silly placeDep ROOT metro-symbolicate@0.83.6 OK for: @expo/metro@55.1.0 want: 0.83.6
1893 silly placeDep ROOT metro-transform-plugins@0.83.6 OK for: @expo/metro@55.1.0 want: 0.83.6
1894 silly placeDep ROOT metro-transform-worker@0.83.6 OK for: @expo/metro@55.1.0 want: 0.83.6
1895 silly fetch manifest accepts@^2.0.0
1896 silly packumentCache full:https://registry.npmjs.org/accepts cache-miss
1897 silly fetch manifest ci-info@^2.0.0
1898 silly packumentCache full:https://registry.npmjs.org/ci-info cache-miss
1899 silly fetch manifest error-stack-parser@^2.0.6
1900 silly packumentCache full:https://registry.npmjs.org/error-stack-parser cache-miss
1901 silly fetch manifest graceful-fs@^4.2.4
1902 silly packumentCache full:https://registry.npmjs.org/graceful-fs cache-miss
1903 silly fetch manifest hermes-parser@0.35.0
1904 silly packumentCache full:https://registry.npmjs.org/hermes-parser cache-miss
1905 silly fetch manifest image-size@^1.0.2
1906 silly packumentCache full:https://registry.npmjs.org/image-size cache-miss
1907 silly fetch manifest jest-worker@^29.7.0
1908 silly packumentCache full:https://registry.npmjs.org/jest-worker cache-miss
1909 silly fetch manifest jsc-safe-url@^0.2.2
1910 silly packumentCache full:https://registry.npmjs.org/jsc-safe-url cache-miss
1911 silly fetch manifest lodash.throttle@^4.1.1
1912 silly packumentCache full:https://registry.npmjs.org/lodash.throttle cache-miss
1913 http cache https://registry.npmjs.org/accepts 5ms (cache hit)
1914 silly packumentCache full:https://registry.npmjs.org/accepts set size:77054 disposed:false
1915 silly fetch manifest mime-types@^3.0.1
1916 silly packumentCache full:https://registry.npmjs.org/mime-types cache-miss
1917 http cache https://registry.npmjs.org/jsc-safe-url 5ms (cache hit)
1918 silly packumentCache full:https://registry.npmjs.org/jsc-safe-url set size:13143 disposed:false
1919 silly fetch manifest serialize-error@^2.1.0
1920 silly packumentCache full:https://registry.npmjs.org/serialize-error cache-miss
1921 http cache https://registry.npmjs.org/hermes-parser 7ms (cache hit)
1922 silly packumentCache full:https://registry.npmjs.org/hermes-parser set size:165055 disposed:false
1923 silly fetch manifest source-map@^0.5.6
1924 silly packumentCache full:https://registry.npmjs.org/source-map cache-miss
1925 http cache https://registry.npmjs.org/ci-info 8ms (cache hit)
1926 silly packumentCache full:https://registry.npmjs.org/ci-info set size:91363 disposed:false
1927 silly fetch manifest throat@^5.0.0
1928 silly packumentCache full:https://registry.npmjs.org/throat cache-miss
1929 http cache https://registry.npmjs.org/mime-types 4ms (cache hit)
1930 silly packumentCache full:https://registry.npmjs.org/mime-types set size:139110 disposed:false
1931 silly fetch manifest exponential-backoff@^3.1.1
1932 silly packumentCache full:https://registry.npmjs.org/exponential-backoff cache-miss
1933 http cache https://registry.npmjs.org/source-map 5ms (cache hit)
1934 silly packumentCache full:https://registry.npmjs.org/source-map set size:226141 disposed:false
1935 silly fetch manifest https-proxy-agent@^7.0.5
1936 silly packumentCache full:https://registry.npmjs.org/https-proxy-agent cache-miss
1937 http fetch GET 200 https://registry.npmjs.org/graceful-fs 26ms (cache miss)
1938 silly packumentCache full:https://registry.npmjs.org/graceful-fs set size:undefined disposed:false
1939 silly fetch manifest jest-validate@^29.7.0
1940 silly packumentCache full:https://registry.npmjs.org/jest-validate cache-miss
1941 http fetch GET 200 https://registry.npmjs.org/lodash.throttle 32ms (cache miss)
1942 silly packumentCache full:https://registry.npmjs.org/lodash.throttle set size:undefined disposed:false
1943 silly fetch manifest yaml@^2.6.1
1944 silly packumentCache full:https://registry.npmjs.org/yaml cache-miss
1945 http fetch GET 200 https://registry.npmjs.org/error-stack-parser 34ms (cache miss)
1946 silly packumentCache full:https://registry.npmjs.org/error-stack-parser set size:undefined disposed:false
1947 silly fetch manifest fb-watchman@^2.0.0
1948 silly packumentCache full:https://registry.npmjs.org/fb-watchman cache-miss
1949 http fetch GET 200 https://registry.npmjs.org/serialize-error 31ms (cache miss)
1950 silly packumentCache full:https://registry.npmjs.org/serialize-error set size:undefined disposed:false
1951 silly fetch manifest jest-worker@^29.7.0
1952 silly packumentCache full:https://registry.npmjs.org/jest-worker cache-miss
1953 http cache https://registry.npmjs.org/yaml 6ms (cache hit)
1954 silly packumentCache full:https://registry.npmjs.org/yaml set size:375230 disposed:false
1955 silly fetch manifest micromatch@^4.0.4
1956 silly packumentCache full:https://registry.npmjs.org/micromatch cache-miss
1957 http fetch GET 200 https://registry.npmjs.org/throat 36ms (cache miss)
1958 silly packumentCache full:https://registry.npmjs.org/throat set size:undefined disposed:false
1959 silly fetch manifest walker@^1.0.7
1960 silly packumentCache full:https://registry.npmjs.org/walker cache-miss
1961 http fetch GET 200 https://registry.npmjs.org/https-proxy-agent 32ms (cache miss)
1962 silly packumentCache full:https://registry.npmjs.org/https-proxy-agent set size:undefined disposed:false
1963 silly fetch manifest terser@^5.15.0
1964 silly packumentCache full:https://registry.npmjs.org/terser cache-miss
1965 http cache https://registry.npmjs.org/micromatch 4ms (cache hit)
1966 silly packumentCache full:https://registry.npmjs.org/micromatch set size:240630 disposed:false
1967 silly fetch manifest ob1@0.83.6
1968 silly packumentCache full:https://registry.npmjs.org/ob1 cache-miss
1969 http fetch GET 200 https://registry.npmjs.org/image-size 50ms (cache miss)
1970 silly packumentCache full:https://registry.npmjs.org/image-size set size:undefined disposed:false
1971 silly fetch manifest vlq@^1.0.0
1972 silly packumentCache full:https://registry.npmjs.org/vlq cache-miss
1973 http fetch GET 200 https://registry.npmjs.org/jest-worker 59ms (cache miss)
1974 silly packumentCache full:https://registry.npmjs.org/jest-worker set size:undefined disposed:false
1975 silly fetch manifest vlq@^1.0.0
1976 silly packumentCache full:https://registry.npmjs.org/vlq cache-miss
1977 http fetch GET 200 https://registry.npmjs.org/jest-validate 40ms (cache miss)
1978 silly packumentCache full:https://registry.npmjs.org/jest-validate set size:undefined disposed:false
1979 http fetch GET 200 https://registry.npmjs.org/fb-watchman 39ms (cache miss)
1980 silly packumentCache full:https://registry.npmjs.org/fb-watchman set size:undefined disposed:false
1981 http fetch GET 200 https://registry.npmjs.org/walker 31ms (cache miss)
1982 silly packumentCache full:https://registry.npmjs.org/walker set size:undefined disposed:false
1983 http fetch GET 200 https://registry.npmjs.org/vlq 26ms (cache miss)
1984 silly packumentCache full:https://registry.npmjs.org/vlq set size:undefined disposed:false
1985 http fetch GET 200 https://registry.npmjs.org/ob1 30ms (cache miss)
1986 silly packumentCache full:https://registry.npmjs.org/ob1 set size:undefined disposed:false
1987 http fetch GET 200 https://registry.npmjs.org/jest-worker 44ms (cache miss)
1988 silly packumentCache full:https://registry.npmjs.org/jest-worker set size:undefined disposed:false
1989 http fetch GET 200 https://registry.npmjs.org/terser 53ms (cache miss)
1990 silly packumentCache full:https://registry.npmjs.org/terser set size:undefined disposed:false
1991 http fetch GET 200 https://registry.npmjs.org/vlq 58ms (cache miss)
1992 silly packumentCache full:https://registry.npmjs.org/vlq set size:undefined disposed:false
1993 http fetch GET 200 https://registry.npmjs.org/exponential-backoff 193ms (cache miss)
1994 silly packumentCache full:https://registry.npmjs.org/exponential-backoff set size:undefined disposed:false
1995 silly placeDep ROOT hermes-parser@0.32.1 OK for: @expo/metro-config@55.0.17 want: ^0.32.0
1996 silly placeDep ROOT jsc-safe-url@0.2.4 OK for: @expo/metro-config@55.0.17 want: ^0.2.4
1997 silly placeDep ROOT lightningcss@1.32.0 OK for: @expo/metro-config@55.0.17 want: ^1.30.1
1998 silly placeDep ROOT postcss@8.4.49 OK for: @expo/metro-config@55.0.17 want: ~8.4.32
1999 silly fetch manifest hermes-estree@0.32.1
2000 silly packumentCache full:https://registry.npmjs.org/hermes-estree cache-miss
2001 silly fetch manifest detect-libc@^2.0.3
2002 silly packumentCache full:https://registry.npmjs.org/detect-libc cache-miss
2003 silly fetch manifest lightningcss-darwin-x64@1.32.0
2004 silly packumentCache full:https://registry.npmjs.org/lightningcss-darwin-x64 cache-miss
2005 silly fetch manifest lightningcss-linux-x64-gnu@1.32.0
2006 silly packumentCache full:https://registry.npmjs.org/lightningcss-linux-x64-gnu cache-miss
2007 silly fetch manifest lightningcss-win32-x64-msvc@1.32.0
2008 silly packumentCache full:https://registry.npmjs.org/lightningcss-win32-x64-msvc cache-miss
2009 silly fetch manifest lightningcss-win32-arm64-msvc@1.32.0
2010 silly packumentCache full:https://registry.npmjs.org/lightningcss-win32-arm64-msvc cache-miss
2011 silly fetch manifest lightningcss-darwin-arm64@1.32.0
2012 silly packumentCache full:https://registry.npmjs.org/lightningcss-darwin-arm64 cache-miss
2013 silly fetch manifest lightningcss-linux-arm64-gnu@1.32.0
2014 silly packumentCache full:https://registry.npmjs.org/lightningcss-linux-arm64-gnu cache-miss
2015 silly fetch manifest lightningcss-linux-arm-gnueabihf@1.32.0
2016 silly packumentCache full:https://registry.npmjs.org/lightningcss-linux-arm-gnueabihf cache-miss
2017 http fetch GET 200 https://registry.npmjs.org/lightningcss-darwin-x64 25ms (cache miss)
2018 silly packumentCache full:https://registry.npmjs.org/lightningcss-darwin-x64 set size:undefined disposed:false
2019 silly fetch manifest lightningcss-linux-arm64-musl@1.32.0
2020 silly packumentCache full:https://registry.npmjs.org/lightningcss-linux-arm64-musl cache-miss
2021 http fetch GET 200 https://registry.npmjs.org/lightningcss-win32-arm64-msvc 26ms (cache miss)
2022 silly packumentCache full:https://registry.npmjs.org/lightningcss-win32-arm64-msvc set size:undefined disposed:false
2023 silly fetch manifest lightningcss-linux-x64-musl@1.32.0
2024 silly packumentCache full:https://registry.npmjs.org/lightningcss-linux-x64-musl cache-miss
2025 http fetch GET 200 https://registry.npmjs.org/hermes-estree 29ms (cache miss)
2026 silly packumentCache full:https://registry.npmjs.org/hermes-estree set size:undefined disposed:false
2027 silly fetch manifest lightningcss-freebsd-x64@1.32.0
2028 silly packumentCache full:https://registry.npmjs.org/lightningcss-freebsd-x64 cache-miss
2029 http fetch GET 200 https://registry.npmjs.org/detect-libc 31ms (cache miss)
2030 silly packumentCache full:https://registry.npmjs.org/detect-libc set size:undefined disposed:false
2031 silly fetch manifest lightningcss-android-arm64@1.32.0
2032 silly packumentCache full:https://registry.npmjs.org/lightningcss-android-arm64 cache-miss
2033 http fetch GET 200 https://registry.npmjs.org/lightningcss-win32-x64-msvc 33ms (cache miss)
2034 silly packumentCache full:https://registry.npmjs.org/lightningcss-win32-x64-msvc set size:undefined disposed:false
2035 silly fetch manifest source-map-js@^1.2.1
2036 silly packumentCache full:https://registry.npmjs.org/source-map-js cache-miss
2037 http fetch GET 200 https://registry.npmjs.org/lightningcss-linux-x64-gnu 33ms (cache miss)
2038 silly packumentCache full:https://registry.npmjs.org/lightningcss-linux-x64-gnu set size:undefined disposed:false
2039 http fetch GET 200 https://registry.npmjs.org/lightningcss-linux-arm-gnueabihf 34ms (cache miss)
2040 silly packumentCache full:https://registry.npmjs.org/lightningcss-linux-arm-gnueabihf set size:undefined disposed:false
2041 http fetch GET 200 https://registry.npmjs.org/lightningcss-linux-arm64-gnu 38ms (cache miss)
2042 silly packumentCache full:https://registry.npmjs.org/lightningcss-linux-arm64-gnu set size:undefined disposed:false
2043 http fetch GET 200 https://registry.npmjs.org/lightningcss-darwin-arm64 39ms (cache miss)
2044 silly packumentCache full:https://registry.npmjs.org/lightningcss-darwin-arm64 set size:undefined disposed:false
2045 http fetch GET 200 https://registry.npmjs.org/lightningcss-freebsd-x64 21ms (cache miss)
2046 silly packumentCache full:https://registry.npmjs.org/lightningcss-freebsd-x64 set size:undefined disposed:false
2047 http fetch GET 200 https://registry.npmjs.org/lightningcss-android-arm64 21ms (cache miss)
2048 silly packumentCache full:https://registry.npmjs.org/lightningcss-android-arm64 set size:undefined disposed:false
2049 http fetch GET 200 https://registry.npmjs.org/lightningcss-linux-arm64-musl 29ms (cache miss)
2050 silly packumentCache full:https://registry.npmjs.org/lightningcss-linux-arm64-musl set size:undefined disposed:false
2051 http fetch GET 200 https://registry.npmjs.org/lightningcss-linux-x64-musl 32ms (cache miss)
2052 silly packumentCache full:https://registry.npmjs.org/lightningcss-linux-x64-musl set size:undefined disposed:false
2053 http fetch GET 200 https://registry.npmjs.org/source-map-js 27ms (cache miss)
2054 silly packumentCache full:https://registry.npmjs.org/source-map-js set size:undefined disposed:false
2055 silly placeDep ROOT @xmldom/xmldom@0.8.13 OK for: @expo/plist@0.5.2 want: ^0.8.8
2056 silly placeDep ROOT base64-js@1.5.1 OK for: @expo/plist@0.5.2 want: ^1.5.1
2057 silly placeDep ROOT xmlbuilder@15.1.1 OK for: @expo/plist@0.5.2 want: ^15.1.1
2058 silly placeDep ROOT @react-native/normalize-colors@0.83.6 OK for: @expo/prebuild-config@55.0.16 want: 0.83.6
2059 silly placeDep node_modules/@expo/prebuild-config semver@7.7.4 OK for: @expo/prebuild-config@55.0.16 want: ^7.6.0
2060 silly placeDep ROOT @babel/plugin-transform-modules-commonjs@7.28.6 OK for: @expo/require-utils@55.0.4 want: ^7.24.8
2061 silly fetch manifest @babel/helper-plugin-utils@^7.28.6
2062 silly packumentCache full:https://registry.npmjs.org/@babel%2fhelper-plugin-utils cache-miss
2063 http fetch GET 200 https://registry.npmjs.org/@babel%2fhelper-plugin-utils 39ms (cache miss)
2064 silly packumentCache full:https://registry.npmjs.org/@babel%2fhelper-plugin-utils set size:undefined disposed:false
2065 silly placeDep ROOT @babel/helper-plugin-utils@7.28.6 OK for: @babel/plugin-transform-modules-commonjs@7.28.6 want: ^7.28.6
2066 silly placeDep ROOT cross-spawn@7.0.6 OK for: @expo/spawn-async@1.7.2 want: ^7.0.3
2067 silly fetch manifest which@^2.0.1
2068 silly packumentCache full:https://registry.npmjs.org/which cache-miss
2069 silly fetch manifest path-key@^3.1.0
2070 silly packumentCache full:https://registry.npmjs.org/path-key cache-miss
2071 silly fetch manifest shebang-command@^2.0.0
2072 silly packumentCache full:https://registry.npmjs.org/shebang-command cache-miss
2073 http fetch GET 200 https://registry.npmjs.org/shebang-command 31ms (cache miss)
2074 silly packumentCache full:https://registry.npmjs.org/shebang-command set size:undefined disposed:false
2075 http fetch GET 200 https://registry.npmjs.org/path-key 35ms (cache miss)
2076 silly packumentCache full:https://registry.npmjs.org/path-key set size:undefined disposed:false
2077 http fetch GET 200 https://registry.npmjs.org/which 36ms (cache miss)
2078 silly packumentCache full:https://registry.npmjs.org/which set size:undefined disposed:false
2079 silly placeDep ROOT js-yaml@4.1.1 OK for: @expo/xcpretty@4.4.3 want: ^4.1.0
2080 silly fetch manifest argparse@^2.0.1
2081 silly packumentCache full:https://registry.npmjs.org/argparse cache-miss
2082 http fetch GET 200 https://registry.npmjs.org/argparse 25ms (cache miss)
2083 silly packumentCache full:https://registry.npmjs.org/argparse set size:undefined disposed:false
2084 silly placeDep ROOT @isaacs/ttlcache@1.4.1 OK for: @react-native/dev-middleware@0.83.6 want: ^1.4.1
2085 silly placeDep ROOT @react-native/debugger-frontend@0.83.6 OK for: @react-native/dev-middleware@0.83.6 want: 0.83.6
2086 silly placeDep ROOT @react-native/debugger-shell@0.83.6 OK for: @react-native/dev-middleware@0.83.6 want: 0.83.6
2087 silly placeDep ROOT chrome-launcher@0.15.2 OK for: @react-native/dev-middleware@0.83.6 want: ^0.15.2
2088 silly placeDep ROOT chromium-edge-launcher@0.2.0 OK for: @react-native/dev-middleware@0.83.6 want: ^0.2.0
2089 silly placeDep ROOT nullthrows@1.1.1 OK for: @react-native/dev-middleware@0.83.6 want: ^1.1.1
2090 silly placeDep ROOT open@7.4.2 OK for: @react-native/dev-middleware@0.83.6 want: ^7.0.3
2091 silly placeDep ROOT serve-static@1.16.3 OK for: @react-native/dev-middleware@0.83.6 want: ^1.16.2
2092 silly placeDep node_modules/@react-native/dev-middleware ws@7.5.10 OK for: @react-native/dev-middleware@0.83.6 want: ^7.5.10
2093 silly fetch manifest fb-dotslash@0.5.8
2094 silly packumentCache full:https://registry.npmjs.org/fb-dotslash cache-miss
2095 silly fetch manifest is-wsl@^2.2.0
2096 silly packumentCache full:https://registry.npmjs.org/is-wsl cache-miss
2097 silly fetch manifest @types/node@*
2098 silly packumentCache full:https://registry.npmjs.org/@types%2fnode cache-miss
2099 silly fetch manifest lighthouse-logger@^1.0.0
2100 silly packumentCache full:https://registry.npmjs.org/lighthouse-logger cache-miss
2101 silly fetch manifest is-wsl@^2.2.0
2102 silly packumentCache full:https://registry.npmjs.org/is-wsl cache-miss
2103 silly fetch manifest mkdirp@^1.0.4
2104 silly packumentCache full:https://registry.npmjs.org/mkdirp cache-miss
2105 silly fetch manifest rimraf@^3.0.2
2106 silly packumentCache full:https://registry.npmjs.org/rimraf cache-miss
2107 silly fetch manifest @types/node@*
2108 silly packumentCache full:https://registry.npmjs.org/@types%2fnode cache-miss
2109 silly fetch manifest lighthouse-logger@^1.0.0
2110 silly packumentCache full:https://registry.npmjs.org/lighthouse-logger cache-miss
2111 http fetch GET 200 https://registry.npmjs.org/fb-dotslash 26ms (cache miss)
2112 silly packumentCache full:https://registry.npmjs.org/fb-dotslash set size:undefined disposed:false
2113 silly fetch manifest is-wsl@^2.1.1
2114 silly packumentCache full:https://registry.npmjs.org/is-wsl cache-miss
2115 http fetch GET 200 https://registry.npmjs.org/lighthouse-logger 25ms (cache miss)
2116 silly packumentCache full:https://registry.npmjs.org/lighthouse-logger set size:undefined disposed:false
2117 silly fetch manifest is-docker@^2.0.0
2118 silly packumentCache full:https://registry.npmjs.org/is-docker cache-miss
2119 http fetch GET 200 https://registry.npmjs.org/is-wsl 26ms (cache miss)
2120 silly packumentCache full:https://registry.npmjs.org/is-wsl set size:undefined disposed:false
2121 http fetch GET 200 https://registry.npmjs.org/is-wsl 27ms (cache miss)
2122 silly packumentCache full:https://registry.npmjs.org/is-wsl set size:undefined disposed:false
2123 http cache https://registry.npmjs.org/is-wsl 3ms (cache hit)
2124 silly packumentCache full:https://registry.npmjs.org/is-wsl set size:20683 disposed:false
2125 http fetch GET 200 https://registry.npmjs.org/lighthouse-logger 29ms (cache miss)
2126 silly packumentCache full:https://registry.npmjs.org/lighthouse-logger set size:undefined disposed:false
2127 http fetch GET 200 https://registry.npmjs.org/rimraf 37ms (cache miss)
2128 silly packumentCache full:https://registry.npmjs.org/rimraf set size:undefined disposed:false
2129 http fetch GET 200 https://registry.npmjs.org/mkdirp 43ms (cache miss)
2130 silly packumentCache full:https://registry.npmjs.org/mkdirp set size:undefined disposed:false
2131 http fetch GET 200 https://registry.npmjs.org/is-docker 20ms (cache miss)
2132 silly packumentCache full:https://registry.npmjs.org/is-docker set size:undefined disposed:false
2133 http fetch GET 200 https://registry.npmjs.org/@types%2fnode 161ms (cache miss)
2134 silly packumentCache full:https://registry.npmjs.org/@types%2fnode set size:undefined disposed:false
2135 http fetch GET 200 https://registry.npmjs.org/@types%2fnode 237ms (cache miss)
2136 silly packumentCache full:https://registry.npmjs.org/@types%2fnode set size:undefined disposed:false
2137 silly placeDep ROOT fb-dotslash@0.5.8 OK for: @react-native/debugger-shell@0.83.6 want: 0.5.8
2138 silly placeDep ROOT mime-types@2.1.35 OK for: accepts@1.3.8 want: ~2.1.34
2139 silly placeDep ROOT negotiator@0.6.3 OK for: accepts@1.3.8 want: 0.6.3
2140 silly fetch manifest mime-db@1.52.0
2141 silly packumentCache full:https://registry.npmjs.org/mime-db cache-miss
2142 http fetch GET 200 https://registry.npmjs.org/mime-db 33ms (cache miss)
2143 silly packumentCache full:https://registry.npmjs.org/mime-db set size:undefined disposed:false
2144 silly placeDep ROOT @babel/plugin-proposal-decorators@7.29.0 OK for: babel-preset-expo@55.0.18 want: ^7.12.9
2145 silly placeDep ROOT @babel/plugin-proposal-export-default-from@7.27.1 OK for: babel-preset-expo@55.0.18 want: ^7.24.7
2146 silly placeDep ROOT @babel/plugin-syntax-export-default-from@7.28.6 OK for: babel-preset-expo@55.0.18 want: ^7.24.7
2147 silly placeDep ROOT @babel/plugin-transform-class-static-block@7.28.6 OK for: babel-preset-expo@55.0.18 want: ^7.27.1
2148 silly placeDep ROOT @babel/plugin-transform-export-namespace-from@7.27.1 OK for: babel-preset-expo@55.0.18 want: ^7.25.9
2149 silly placeDep ROOT @babel/plugin-transform-flow-strip-types@7.27.1 OK for: babel-preset-expo@55.0.18 want: ^7.25.2
2150 silly placeDep ROOT @babel/plugin-transform-object-rest-spread@7.28.6 OK for: babel-preset-expo@55.0.18 want: ^7.24.7
2151 silly placeDep ROOT @babel/plugin-transform-parameters@7.27.7 OK for: babel-preset-expo@55.0.18 want: ^7.24.7
2152 silly placeDep ROOT @babel/plugin-transform-private-methods@7.28.6 OK for: babel-preset-expo@55.0.18 want: ^7.24.7
2153 silly placeDep ROOT @babel/plugin-transform-private-property-in-object@7.28.6 OK for: babel-preset-expo@55.0.18 want: ^7.24.7
2154 silly placeDep ROOT @babel/plugin-transform-runtime@7.29.0 OK for: babel-preset-expo@55.0.18 want: ^7.24.7
2155 silly placeDep ROOT @babel/preset-react@7.28.5 OK for: babel-preset-expo@55.0.18 want: ^7.22.15
2156 silly placeDep ROOT @babel/preset-typescript@7.28.5 OK for: babel-preset-expo@55.0.18 want: ^7.23.0
2157 silly placeDep ROOT @react-native/babel-preset@0.83.6 OK for: babel-preset-expo@55.0.18 want: 0.83.6
2158 silly placeDep ROOT babel-plugin-react-compiler@1.0.0 OK for: babel-preset-expo@55.0.18 want: ^1.0.0
2159 silly placeDep ROOT babel-plugin-react-native-web@0.21.2 OK for: babel-preset-expo@55.0.18 want: ~0.21.0
2160 silly placeDep ROOT babel-plugin-syntax-hermes-parser@0.32.1 OK for: babel-preset-expo@55.0.18 want: ^0.32.0
2161 silly placeDep ROOT babel-plugin-transform-flow-enums@0.0.2 OK for: babel-preset-expo@55.0.18 want: ^0.0.2
2162 silly fetch manifest @babel/plugin-syntax-decorators@^7.28.6
2163 silly packumentCache full:https://registry.npmjs.org/@babel%2fplugin-syntax-decorators cache-miss
2164 silly fetch manifest @babel/helper-create-class-features-plugin@^7.28.6
2165 silly packumentCache full:https://registry.npmjs.org/@babel%2fhelper-create-class-features-plugin cache-miss
2166 silly fetch manifest @babel/helper-create-class-features-plugin@^7.28.6
2167 silly packumentCache full:https://registry.npmjs.org/@babel%2fhelper-create-class-features-plugin cache-miss
2168 silly fetch manifest @babel/plugin-syntax-flow@^7.27.1
2169 silly packumentCache full:https://registry.npmjs.org/@babel%2fplugin-syntax-flow cache-miss
2170 silly fetch manifest @babel/plugin-transform-parameters@^7.27.7
2171 silly packumentCache full:https://registry.npmjs.org/@babel%2fplugin-transform-parameters cache-miss
2172 silly fetch manifest @babel/plugin-transform-destructuring@^7.28.5
2173 silly packumentCache full:https://registry.npmjs.org/@babel%2fplugin-transform-destructuring cache-miss
2174 silly fetch manifest @babel/helper-create-class-features-plugin@^7.28.6
2175 silly packumentCache full:https://registry.npmjs.org/@babel%2fhelper-create-class-features-plugin cache-miss
2176 silly fetch manifest @babel/helper-annotate-as-pure@^7.27.3
2177 silly packumentCache full:https://registry.npmjs.org/@babel%2fhelper-annotate-as-pure cache-miss
2178 silly fetch manifest @babel/helper-create-class-features-plugin@^7.28.6
2179 silly packumentCache full:https://registry.npmjs.org/@babel%2fhelper-create-class-features-plugin cache-miss
2180 http cache https://registry.npmjs.org/@babel%2fplugin-transform-parameters 6ms (cache hit)
2181 silly packumentCache full:https://registry.npmjs.org/@babel%2fplugin-transform-parameters set size:269382 disposed:false
2182 silly fetch manifest babel-plugin-polyfill-corejs2@^0.4.14
2183 silly packumentCache full:https://registry.npmjs.org/babel-plugin-polyfill-corejs2 cache-miss
2184 http fetch GET 200 https://registry.npmjs.org/babel-plugin-polyfill-corejs2 27ms (cache miss)
2185 silly packumentCache full:https://registry.npmjs.org/babel-plugin-polyfill-corejs2 set size:undefined disposed:false
2186 silly fetch manifest babel-plugin-polyfill-corejs3@^0.13.0
2187 silly packumentCache full:https://registry.npmjs.org/babel-plugin-polyfill-corejs3 cache-miss
2188 http fetch GET 200 https://registry.npmjs.org/@babel%2fhelper-create-class-features-plugin 43ms (cache miss)
2189 silly packumentCache full:https://registry.npmjs.org/@babel%2fhelper-create-class-features-plugin set size:undefined disposed:false
2190 silly fetch manifest babel-plugin-polyfill-regenerator@^0.6.5
2191 silly packumentCache full:https://registry.npmjs.org/babel-plugin-polyfill-regenerator cache-miss
2192 http fetch GET 200 https://registry.npmjs.org/@babel%2fhelper-annotate-as-pure 46ms (cache miss)
2193 silly packumentCache full:https://registry.npmjs.org/@babel%2fhelper-annotate-as-pure set size:undefined disposed:false
2194 silly fetch manifest @babel/plugin-transform-react-jsx@^7.27.1
2195 silly packumentCache full:https://registry.npmjs.org/@babel%2fplugin-transform-react-jsx cache-miss
2196 http fetch GET 200 https://registry.npmjs.org/@babel%2fhelper-create-class-features-plugin 51ms (cache miss)
2197 silly packumentCache full:https://registry.npmjs.org/@babel%2fhelper-create-class-features-plugin set size:undefined disposed:false
2198 silly fetch manifest @babel/plugin-transform-react-display-name@^7.28.0
2199 silly packumentCache full:https://registry.npmjs.org/@babel%2fplugin-transform-react-display-name cache-miss
2200 http fetch GET 200 https://registry.npmjs.org/@babel%2fplugin-syntax-decorators 55ms (cache miss)
2201 silly packumentCache full:https://registry.npmjs.org/@babel%2fplugin-syntax-decorators set size:undefined disposed:false
2202 silly fetch manifest @babel/plugin-transform-react-jsx-development@^7.27.1
2203 silly packumentCache full:https://registry.npmjs.org/@babel%2fplugin-transform-react-jsx-development cache-miss
2204 http fetch GET 200 https://registry.npmjs.org/@babel%2fhelper-create-class-features-plugin 57ms (cache miss)
2205 silly packumentCache full:https://registry.npmjs.org/@babel%2fhelper-create-class-features-plugin set size:undefined disposed:false
2206 silly fetch manifest @babel/plugin-transform-react-pure-annotations@^7.27.1
2207 silly packumentCache full:https://registry.npmjs.org/@babel%2fplugin-transform-react-pure-annotations cache-miss
2208 http fetch GET 200 https://registry.npmjs.org/@babel%2fhelper-create-class-features-plugin 61ms (cache miss)
2209 silly packumentCache full:https://registry.npmjs.org/@babel%2fhelper-create-class-features-plugin set size:undefined disposed:false
2210 silly fetch manifest @babel/plugin-syntax-jsx@^7.27.1
2211 silly packumentCache full:https://registry.npmjs.org/@babel%2fplugin-syntax-jsx cache-miss
2212 http fetch GET 200 https://registry.npmjs.org/@babel%2fplugin-syntax-flow 63ms (cache miss)
2213 silly packumentCache full:https://registry.npmjs.org/@babel%2fplugin-syntax-flow set size:undefined disposed:false
2214 silly fetch manifest @babel/plugin-transform-typescript@^7.28.5
2215 silly packumentCache full:https://registry.npmjs.org/@babel%2fplugin-transform-typescript cache-miss
2216 http fetch GET 200 https://registry.npmjs.org/@babel%2fplugin-transform-destructuring 65ms (cache miss)
2217 silly packumentCache full:https://registry.npmjs.org/@babel%2fplugin-transform-destructuring set size:undefined disposed:false
2218 silly fetch manifest @babel/plugin-transform-for-of@^7.24.7
2219 silly packumentCache full:https://registry.npmjs.org/@babel%2fplugin-transform-for-of cache-miss
2220 http fetch GET 200 https://registry.npmjs.org/babel-plugin-polyfill-corejs3 31ms (cache miss)
2221 silly packumentCache full:https://registry.npmjs.org/babel-plugin-polyfill-corejs3 set size:undefined disposed:false
2222 silly fetch manifest @babel/plugin-transform-spread@^7.24.7
2223 silly packumentCache full:https://registry.npmjs.org/@babel%2fplugin-transform-spread cache-miss
2224 http fetch GET 200 https://registry.npmjs.org/babel-plugin-polyfill-regenerator 26ms (cache miss)
2225 silly packumentCache full:https://registry.npmjs.org/babel-plugin-polyfill-regenerator set size:undefined disposed:false
2226 silly fetch manifest @babel/plugin-transform-classes@^7.25.4
2227 silly packumentCache full:https://registry.npmjs.org/@babel%2fplugin-transform-classes cache-miss
2228 http cache https://registry.npmjs.org/@babel%2fplugin-transform-classes 2ms (cache hit)
2229 silly packumentCache full:https://registry.npmjs.org/@babel%2fplugin-transform-classes set size:326173 disposed:false
2230 silly fetch manifest @babel/plugin-transform-literals@^7.25.2
2231 silly packumentCache full:https://registry.npmjs.org/@babel%2fplugin-transform-literals cache-miss
2232 http fetch GET 200 https://registry.npmjs.org/@babel%2fplugin-transform-react-jsx 39ms (cache miss)
2233 silly packumentCache full:https://registry.npmjs.org/@babel%2fplugin-transform-react-jsx set size:undefined disposed:false
2234 silly fetch manifest @babel/plugin-transform-react-jsx@^7.25.2
2235 silly packumentCache full:https://registry.npmjs.org/@babel%2fplugin-transform-react-jsx cache-miss
2236 http fetch GET 200 https://registry.npmjs.org/@babel%2fplugin-transform-react-display-name 36ms (cache miss)
2237 silly packumentCache full:https://registry.npmjs.org/@babel%2fplugin-transform-react-display-name set size:undefined disposed:false
2238 silly fetch manifest @babel/plugin-transform-typescript@^7.25.2
2239 silly packumentCache full:https://registry.npmjs.org/@babel%2fplugin-transform-typescript cache-miss
2240 http cache https://registry.npmjs.org/@babel%2fplugin-transform-react-jsx 3ms (cache hit)
2241 silly packumentCache full:https://registry.npmjs.org/@babel%2fplugin-transform-react-jsx set size:284411 disposed:false
2242 silly fetch manifest @react-native/babel-plugin-codegen@0.83.6
2243 silly packumentCache full:https://registry.npmjs.org/@react-native%2fbabel-plugin-codegen cache-miss
2244 http fetch GET 200 https://registry.npmjs.org/@babel%2fplugin-transform-react-jsx-development 40ms (cache miss)
2245 silly packumentCache full:https://registry.npmjs.org/@babel%2fplugin-transform-react-jsx-development set size:undefined disposed:false
2246 silly fetch manifest @babel/plugin-syntax-dynamic-import@^7.8.3
2247 silly packumentCache full:https://registry.npmjs.org/@babel%2fplugin-syntax-dynamic-import cache-miss
2248 http fetch GET 200 https://registry.npmjs.org/@babel%2fplugin-transform-react-pure-annotations 45ms (cache miss)
2249 silly packumentCache full:https://registry.npmjs.org/@babel%2fplugin-transform-react-pure-annotations set size:undefined disposed:false
2250 silly fetch manifest @babel/plugin-transform-regenerator@^7.24.7
2251 silly packumentCache full:https://registry.npmjs.org/@babel%2fplugin-transform-regenerator cache-miss
2252 http fetch GET 200 https://registry.npmjs.org/@babel%2fplugin-transform-spread 40ms (cache miss)
2253 silly packumentCache full:https://registry.npmjs.org/@babel%2fplugin-transform-spread set size:undefined disposed:false
2254 silly fetch manifest @babel/plugin-transform-sticky-regex@^7.24.7
2255 silly packumentCache full:https://registry.npmjs.org/@babel%2fplugin-transform-sticky-regex cache-miss
2256 http fetch GET 200 https://registry.npmjs.org/@babel%2fplugin-transform-literals 41ms (cache miss)
2257 silly packumentCache full:https://registry.npmjs.org/@babel%2fplugin-transform-literals set size:undefined disposed:false
2258 silly fetch manifest @babel/plugin-transform-block-scoping@^7.25.0
2259 silly packumentCache full:https://registry.npmjs.org/@babel%2fplugin-transform-block-scoping cache-miss
2260 http fetch GET 200 https://registry.npmjs.org/@babel%2fplugin-syntax-jsx 54ms (cache miss)
2261 silly packumentCache full:https://registry.npmjs.org/@babel%2fplugin-syntax-jsx set size:undefined disposed:false
2262 silly fetch manifest @babel/plugin-transform-destructuring@^7.24.8
2263 silly packumentCache full:https://registry.npmjs.org/@babel%2fplugin-transform-destructuring cache-miss
2264 http fetch GET 200 https://registry.npmjs.org/@babel%2fplugin-transform-typescript 54ms (cache miss)
2265 silly packumentCache full:https://registry.npmjs.org/@babel%2fplugin-transform-typescript set size:undefined disposed:false
2266 silly fetch manifest @babel/plugin-transform-function-name@^7.25.1
2267 silly packumentCache full:https://registry.npmjs.org/@babel%2fplugin-transform-function-name cache-miss
2268 http fetch GET 200 https://registry.npmjs.org/@babel%2fplugin-transform-for-of 54ms (cache miss)
2269 silly packumentCache full:https://registry.npmjs.org/@babel%2fplugin-transform-for-of set size:undefined disposed:false
2270 silly fetch manifest @babel/plugin-transform-unicode-regex@^7.24.7
2271 silly packumentCache full:https://registry.npmjs.org/@babel%2fplugin-transform-unicode-regex cache-miss
2272 http cache https://registry.npmjs.org/@babel%2fplugin-transform-destructuring 5ms (cache hit)
2273 silly packumentCache full:https://registry.npmjs.org/@babel%2fplugin-transform-destructuring set size:288677 disposed:false
2274 silly fetch manifest @babel/plugin-syntax-optional-chaining@^7.8.3
2275 silly packumentCache full:https://registry.npmjs.org/@babel%2fplugin-syntax-optional-chaining cache-miss
2276 http cache https://registry.npmjs.org/@babel%2fplugin-transform-unicode-regex 3ms (cache hit)
2277 silly packumentCache full:https://registry.npmjs.org/@babel%2fplugin-transform-unicode-regex set size:207625 disposed:false
2278 silly fetch manifest @babel/plugin-transform-react-jsx-self@^7.24.7
2279 silly packumentCache full:https://registry.npmjs.org/@babel%2fplugin-transform-react-jsx-self cache-miss
2280 http fetch GET 200 https://registry.npmjs.org/@babel%2fplugin-syntax-dynamic-import 38ms (cache miss)
2281 silly packumentCache full:https://registry.npmjs.org/@babel%2fplugin-syntax-dynamic-import set size:undefined disposed:false
2282 silly fetch manifest @babel/plugin-transform-arrow-functions@^7.24.7
2283 silly packumentCache full:https://registry.npmjs.org/@babel%2fplugin-transform-arrow-functions cache-miss
2284 http cache https://registry.npmjs.org/@babel%2fplugin-transform-arrow-functions 4ms (cache hit)
2285 silly packumentCache full:https://registry.npmjs.org/@babel%2fplugin-transform-arrow-functions set size:205700 disposed:false
2286 silly fetch manifest @babel/plugin-transform-class-properties@^7.25.4
2287 silly packumentCache full:https://registry.npmjs.org/@babel%2fplugin-transform-class-properties cache-miss
2288 http fetch GET 200 https://registry.npmjs.org/@babel%2fplugin-transform-typescript 51ms (cache miss)
2289 silly packumentCache full:https://registry.npmjs.org/@babel%2fplugin-transform-typescript set size:undefined disposed:false
2290 silly fetch manifest @babel/plugin-transform-react-jsx-source@^7.24.7
2291 silly packumentCache full:https://registry.npmjs.org/@babel%2fplugin-transform-react-jsx-source cache-miss
2292 http cache https://registry.npmjs.org/@babel%2fplugin-transform-class-properties 9ms (cache hit)
2293 silly packumentCache full:https://registry.npmjs.org/@babel%2fplugin-transform-class-properties set size:81346 disposed:false
2294 silly fetch manifest @babel/plugin-transform-numeric-separator@^7.24.7
2295 silly packumentCache full:https://registry.npmjs.org/@babel%2fplugin-transform-numeric-separator cache-miss
2296 http fetch GET 200 https://registry.npmjs.org/@babel%2fplugin-transform-regenerator 54ms (cache miss)
2297 silly packumentCache full:https://registry.npmjs.org/@babel%2fplugin-transform-regenerator set size:undefined disposed:false
2298 silly fetch manifest @babel/plugin-transform-optional-chaining@^7.24.8
2299 silly packumentCache full:https://registry.npmjs.org/@babel%2fplugin-transform-optional-chaining cache-miss
2300 http fetch GET 200 https://registry.npmjs.org/@babel%2fplugin-transform-sticky-regex 52ms (cache miss)
2301 silly packumentCache full:https://registry.npmjs.org/@babel%2fplugin-transform-sticky-regex set size:undefined disposed:false
2302 silly fetch manifest @babel/plugin-transform-async-to-generator@^7.24.7
2303 silly packumentCache full:https://registry.npmjs.org/@babel%2fplugin-transform-async-to-generator cache-miss
2304 http cache https://registry.npmjs.org/@babel%2fplugin-transform-optional-chaining 5ms (cache hit)
2305 silly packumentCache full:https://registry.npmjs.org/@babel%2fplugin-transform-optional-chaining set size:104559 disposed:false
2306 silly fetch manifest @babel/plugin-transform-react-display-name@^7.24.7
2307 silly packumentCache full:https://registry.npmjs.org/@babel%2fplugin-transform-react-display-name cache-miss
2308 http fetch GET 200 https://registry.npmjs.org/@babel%2fplugin-transform-block-scoping 50ms (cache miss)
2309 silly packumentCache full:https://registry.npmjs.org/@babel%2fplugin-transform-block-scoping set size:undefined disposed:false
2310 silly fetch manifest @babel/plugin-transform-computed-properties@^7.24.7
2311 silly packumentCache full:https://registry.npmjs.org/@babel%2fplugin-transform-computed-properties cache-miss
2312 http cache https://registry.npmjs.org/@babel%2fplugin-transform-react-display-name 3ms (cache hit)
2313 silly packumentCache full:https://registry.npmjs.org/@babel%2fplugin-transform-react-display-name set size:205760 disposed:false
2314 silly fetch manifest @babel/plugin-transform-shorthand-properties@^7.24.7
2315 silly packumentCache full:https://registry.npmjs.org/@babel%2fplugin-transform-shorthand-properties cache-miss
2316 http cache https://registry.npmjs.org/@babel%2fplugin-transform-shorthand-properties 3ms (cache hit)
2317 silly packumentCache full:https://registry.npmjs.org/@babel%2fplugin-transform-shorthand-properties set size:193713 disposed:false
2318 silly fetch manifest @babel/plugin-transform-optional-catch-binding@^7.24.7
2319 silly packumentCache full:https://registry.npmjs.org/@babel%2fplugin-transform-optional-catch-binding cache-miss
2320 http fetch GET 200 https://registry.npmjs.org/@babel%2fplugin-syntax-optional-chaining 54ms (cache miss)
2321 silly packumentCache full:https://registry.npmjs.org/@babel%2fplugin-syntax-optional-chaining set size:undefined disposed:false
2322 silly fetch manifest @babel/plugin-syntax-nullish-coalescing-operator@^7.8.3
2323 silly packumentCache full:https://registry.npmjs.org/@babel%2fplugin-syntax-nullish-coalescing-operator cache-miss
2324 http fetch GET 200 https://registry.npmjs.org/@babel%2fplugin-transform-react-jsx-self 55ms (cache miss)
2325 silly packumentCache full:https://registry.npmjs.org/@babel%2fplugin-transform-react-jsx-self set size:undefined disposed:false
2326 silly fetch manifest @babel/plugin-transform-async-generator-functions@^7.25.4
2327 silly packumentCache full:https://registry.npmjs.org/@babel%2fplugin-transform-async-generator-functions cache-miss
2328 http fetch GET 200 https://registry.npmjs.org/@babel%2fplugin-transform-function-name 63ms (cache miss)
2329 silly packumentCache full:https://registry.npmjs.org/@babel%2fplugin-transform-function-name set size:undefined disposed:false
2330 silly fetch manifest @babel/plugin-transform-nullish-coalescing-operator@^7.24.7
2331 silly packumentCache full:https://registry.npmjs.org/@babel%2fplugin-transform-nullish-coalescing-operator cache-miss
2332 http cache https://registry.npmjs.org/@babel%2fplugin-transform-nullish-coalescing-operator 3ms (cache hit)
2333 silly packumentCache full:https://registry.npmjs.org/@babel%2fplugin-transform-nullish-coalescing-operator set size:87324 disposed:false
2334 silly fetch manifest @babel/plugin-transform-logical-assignment-operators@^7.24.7
2335 silly packumentCache full:https://registry.npmjs.org/@babel%2fplugin-transform-logical-assignment-operators cache-miss
2336 http fetch GET 200 https://registry.npmjs.org/@babel%2fplugin-transform-numeric-separator 37ms (cache miss)
2337 silly packumentCache full:https://registry.npmjs.org/@babel%2fplugin-transform-numeric-separator set size:undefined disposed:false
2338 silly fetch manifest @babel/plugin-transform-named-capturing-groups-regex@^7.24.7
2339 silly packumentCache full:https://registry.npmjs.org/@babel%2fplugin-transform-named-capturing-groups-regex cache-miss
2340 http fetch GET 200 https://registry.npmjs.org/@react-native%2fbabel-plugin-codegen 99ms (cache miss)
2341 silly packumentCache full:https://registry.npmjs.org/@react-native%2fbabel-plugin-codegen set size:undefined disposed:false
2342 silly fetch manifest @babel/plugin-syntax-flow@^7.12.1
2343 silly packumentCache full:https://registry.npmjs.org/@babel%2fplugin-syntax-flow cache-miss
2344 http cache https://registry.npmjs.org/@babel%2fplugin-syntax-flow 1ms (cache hit)
2345 silly packumentCache full:https://registry.npmjs.org/@babel%2fplugin-syntax-flow set size:188912 disposed:false
2346 http fetch GET 200 https://registry.npmjs.org/@babel%2fplugin-transform-async-to-generator 41ms (cache miss)
2347 silly packumentCache full:https://registry.npmjs.org/@babel%2fplugin-transform-async-to-generator set size:undefined disposed:false
2348 http fetch GET 200 https://registry.npmjs.org/@babel%2fplugin-transform-optional-catch-binding 32ms (cache miss)
2349 silly packumentCache full:https://registry.npmjs.org/@babel%2fplugin-transform-optional-catch-binding set size:undefined disposed:false
2350 http fetch GET 200 https://registry.npmjs.org/@babel%2fplugin-transform-computed-properties 44ms (cache miss)
2351 silly packumentCache full:https://registry.npmjs.org/@babel%2fplugin-transform-computed-properties set size:undefined disposed:false
2352 http fetch GET 200 https://registry.npmjs.org/@babel%2fplugin-syntax-nullish-coalescing-operator 36ms (cache miss)
2353 silly packumentCache full:https://registry.npmjs.org/@babel%2fplugin-syntax-nullish-coalescing-operator set size:undefined disposed:false
2354 http fetch GET 200 https://registry.npmjs.org/@babel%2fplugin-transform-logical-assignment-operators 40ms (cache miss)
2355 silly packumentCache full:https://registry.npmjs.org/@babel%2fplugin-transform-logical-assignment-operators set size:undefined disposed:false
2356 http fetch GET 200 https://registry.npmjs.org/@babel%2fplugin-transform-named-capturing-groups-regex 41ms (cache miss)
2357 silly packumentCache full:https://registry.npmjs.org/@babel%2fplugin-transform-named-capturing-groups-regex set size:undefined disposed:false
2358 http fetch GET 200 https://registry.npmjs.org/@babel%2fplugin-transform-async-generator-functions 50ms (cache miss)
2359 silly packumentCache full:https://registry.npmjs.org/@babel%2fplugin-transform-async-generator-functions set size:undefined disposed:false
2360 http fetch GET 200 https://registry.npmjs.org/@babel%2fplugin-transform-react-jsx-source 110ms (cache miss)
2361 silly packumentCache full:https://registry.npmjs.org/@babel%2fplugin-transform-react-jsx-source set size:undefined disposed:false
2362 silly placeDep ROOT @babel/helper-create-class-features-plugin@7.28.6 OK for: @babel/plugin-proposal-decorators@7.29.0 want: ^7.28.6
2363 silly placeDep ROOT @babel/plugin-syntax-decorators@7.28.6 OK for: @babel/plugin-proposal-decorators@7.29.0 want: ^7.28.6
2364 silly fetch manifest @babel/helper-replace-supers@^7.28.6
2365 silly packumentCache full:https://registry.npmjs.org/@babel%2fhelper-replace-supers cache-miss
2366 silly fetch manifest @babel/helper-optimise-call-expression@^7.27.1
2367 silly packumentCache full:https://registry.npmjs.org/@babel%2fhelper-optimise-call-expression cache-miss
2368 silly fetch manifest @babel/helper-member-expression-to-functions@^7.28.5
2369 silly packumentCache full:https://registry.npmjs.org/@babel%2fhelper-member-expression-to-functions cache-miss
2370 silly fetch manifest @babel/helper-skip-transparent-expression-wrappers@^7.27.1
2371 silly packumentCache full:https://registry.npmjs.org/@babel%2fhelper-skip-transparent-expression-wrappers cache-miss
2372 http fetch GET 200 https://registry.npmjs.org/@babel%2fhelper-skip-transparent-expression-wrappers 38ms (cache miss)
2373 silly packumentCache full:https://registry.npmjs.org/@babel%2fhelper-skip-transparent-expression-wrappers set size:undefined disposed:false
2374 http fetch GET 200 https://registry.npmjs.org/@babel%2fhelper-member-expression-to-functions 42ms (cache miss)
2375 silly packumentCache full:https://registry.npmjs.org/@babel%2fhelper-member-expression-to-functions set size:undefined disposed:false
2376 http fetch GET 200 https://registry.npmjs.org/@babel%2fhelper-optimise-call-expression 44ms (cache miss)
2377 silly packumentCache full:https://registry.npmjs.org/@babel%2fhelper-optimise-call-expression set size:undefined disposed:false
2378 http fetch GET 200 https://registry.npmjs.org/@babel%2fhelper-replace-supers 44ms (cache miss)
2379 silly packumentCache full:https://registry.npmjs.org/@babel%2fhelper-replace-supers set size:undefined disposed:false
2380 silly placeDep ROOT @babel/helper-annotate-as-pure@7.27.3 OK for: @babel/helper-create-class-features-plugin@7.28.6 want: ^7.27.3
2381 silly placeDep ROOT @babel/helper-member-expression-to-functions@7.28.5 OK for: @babel/helper-create-class-features-plugin@7.28.6 want: ^7.28.5
2382 silly placeDep ROOT @babel/helper-optimise-call-expression@7.27.1 OK for: @babel/helper-create-class-features-plugin@7.28.6 want: ^7.27.1
2383 silly placeDep ROOT @babel/helper-replace-supers@7.28.6 OK for: @babel/helper-create-class-features-plugin@7.28.6 want: ^7.28.6
2384 silly placeDep ROOT @babel/helper-skip-transparent-expression-wrappers@7.27.1 OK for: @babel/helper-create-class-features-plugin@7.28.6 want: ^7.27.1
2385 silly placeDep ROOT @babel/plugin-syntax-flow@7.28.6 OK for: @babel/plugin-transform-flow-strip-types@7.27.1 want: ^7.27.1
2386 silly placeDep ROOT @babel/plugin-transform-destructuring@7.28.5 OK for: @babel/plugin-transform-object-rest-spread@7.28.6 want: ^7.28.5
2387 silly placeDep ROOT babel-plugin-polyfill-corejs2@0.4.17 OK for: @babel/plugin-transform-runtime@7.29.0 want: ^0.4.14
2388 silly placeDep ROOT babel-plugin-polyfill-corejs3@0.13.0 OK for: @babel/plugin-transform-runtime@7.29.0 want: ^0.13.0
2389 silly placeDep ROOT babel-plugin-polyfill-regenerator@0.6.8 OK for: @babel/plugin-transform-runtime@7.29.0 want: ^0.6.5
2390 silly fetch manifest @babel/helper-define-polyfill-provider@^0.6.8
2391 silly packumentCache full:https://registry.npmjs.org/@babel%2fhelper-define-polyfill-provider cache-miss
2392 silly fetch manifest core-js-compat@^3.43.0
2393 silly packumentCache full:https://registry.npmjs.org/core-js-compat cache-miss
2394 silly fetch manifest @babel/helper-define-polyfill-provider@^0.6.5
2395 silly packumentCache full:https://registry.npmjs.org/@babel%2fhelper-define-polyfill-provider cache-miss
2396 silly fetch manifest @babel/helper-define-polyfill-provider@^0.6.8
2397 silly packumentCache full:https://registry.npmjs.org/@babel%2fhelper-define-polyfill-provider cache-miss
2398 http fetch GET 200 https://registry.npmjs.org/core-js-compat 34ms (cache miss)
2399 silly packumentCache full:https://registry.npmjs.org/core-js-compat set size:undefined disposed:false
2400 http fetch GET 200 https://registry.npmjs.org/@babel%2fhelper-define-polyfill-provider 45ms (cache miss)
2401 silly packumentCache full:https://registry.npmjs.org/@babel%2fhelper-define-polyfill-provider set size:undefined disposed:false
2402 http fetch GET 200 https://registry.npmjs.org/@babel%2fhelper-define-polyfill-provider 48ms (cache miss)
2403 silly packumentCache full:https://registry.npmjs.org/@babel%2fhelper-define-polyfill-provider set size:undefined disposed:false
2404 http fetch GET 200 https://registry.npmjs.org/@babel%2fhelper-define-polyfill-provider 50ms (cache miss)
2405 silly packumentCache full:https://registry.npmjs.org/@babel%2fhelper-define-polyfill-provider set size:undefined disposed:false
2406 silly placeDep ROOT @babel/plugin-transform-react-display-name@7.28.0 OK for: @babel/preset-react@7.28.5 want: ^7.28.0
2407 silly placeDep ROOT @babel/plugin-transform-react-jsx@7.28.6 OK for: @babel/preset-react@7.28.5 want: ^7.27.1
2408 silly placeDep ROOT @babel/plugin-transform-react-jsx-development@7.27.1 OK for: @babel/preset-react@7.28.5 want: ^7.27.1
2409 silly placeDep ROOT @babel/plugin-transform-react-pure-annotations@7.27.1 OK for: @babel/preset-react@7.28.5 want: ^7.27.1
2410 silly fetch manifest @babel/plugin-syntax-jsx@^7.28.6
2411 silly packumentCache full:https://registry.npmjs.org/@babel%2fplugin-syntax-jsx cache-miss
2412 http cache https://registry.npmjs.org/@babel%2fplugin-syntax-jsx 1ms (cache hit)
2413 silly packumentCache full:https://registry.npmjs.org/@babel%2fplugin-syntax-jsx set size:182973 disposed:false
2414 silly placeDep ROOT @babel/plugin-syntax-jsx@7.28.6 OK for: @babel/plugin-transform-react-jsx@7.28.6 want: ^7.28.6
2415 silly placeDep ROOT @babel/plugin-transform-typescript@7.28.6 OK for: @babel/preset-typescript@7.28.5 want: ^7.28.5
2416 silly fetch manifest @babel/plugin-syntax-typescript@^7.28.6
2417 silly packumentCache full:https://registry.npmjs.org/@babel%2fplugin-syntax-typescript cache-miss
2418 http fetch GET 200 https://registry.npmjs.org/@babel%2fplugin-syntax-typescript 35ms (cache miss)
2419 silly packumentCache full:https://registry.npmjs.org/@babel%2fplugin-syntax-typescript set size:undefined disposed:false
2420 silly placeDep ROOT @babel/plugin-syntax-typescript@7.28.6 OK for: @babel/plugin-transform-typescript@7.28.6 want: ^7.28.6
2421 silly placeDep ROOT @babel/plugin-syntax-dynamic-import@7.8.3 OK for: @react-native/babel-preset@0.83.6 want: ^7.8.3
2422 silly placeDep ROOT @babel/plugin-syntax-nullish-coalescing-operator@7.8.3 OK for: @react-native/babel-preset@0.83.6 want: ^7.8.3
2423 silly placeDep ROOT @babel/plugin-syntax-optional-chaining@7.8.3 OK for: @react-native/babel-preset@0.83.6 want: ^7.8.3
2424 silly placeDep ROOT @babel/plugin-transform-arrow-functions@7.27.1 OK for: @react-native/babel-preset@0.83.6 want: ^7.24.7
2425 silly placeDep ROOT @babel/plugin-transform-async-generator-functions@7.29.0 OK for: @react-native/babel-preset@0.83.6 want: ^7.25.4
2426 silly placeDep ROOT @babel/plugin-transform-async-to-generator@7.28.6 OK for: @react-native/babel-preset@0.83.6 want: ^7.24.7
2427 silly placeDep ROOT @babel/plugin-transform-block-scoping@7.28.6 OK for: @react-native/babel-preset@0.83.6 want: ^7.25.0
2428 silly placeDep ROOT @babel/plugin-transform-class-properties@7.28.6 OK for: @react-native/babel-preset@0.83.6 want: ^7.25.4
2429 silly placeDep ROOT @babel/plugin-transform-classes@7.28.6 OK for: @react-native/babel-preset@0.83.6 want: ^7.25.4
2430 silly placeDep ROOT @babel/plugin-transform-computed-properties@7.28.6 OK for: @react-native/babel-preset@0.83.6 want: ^7.24.7
2431 silly placeDep ROOT @babel/plugin-transform-for-of@7.27.1 OK for: @react-native/babel-preset@0.83.6 want: ^7.24.7
2432 silly placeDep ROOT @babel/plugin-transform-function-name@7.27.1 OK for: @react-native/babel-preset@0.83.6 want: ^7.25.1
2433 silly placeDep ROOT @babel/plugin-transform-literals@7.27.1 OK for: @react-native/babel-preset@0.83.6 want: ^7.25.2
2434 silly placeDep ROOT @babel/plugin-transform-logical-assignment-operators@7.28.6 OK for: @react-native/babel-preset@0.83.6 want: ^7.24.7
2435 silly placeDep ROOT @babel/plugin-transform-named-capturing-groups-regex@7.29.0 OK for: @react-native/babel-preset@0.83.6 want: ^7.24.7
2436 silly placeDep ROOT @babel/plugin-transform-nullish-coalescing-operator@7.28.6 OK for: @react-native/babel-preset@0.83.6 want: ^7.24.7
2437 silly placeDep ROOT @babel/plugin-transform-numeric-separator@7.28.6 OK for: @react-native/babel-preset@0.83.6 want: ^7.24.7
2438 silly placeDep ROOT @babel/plugin-transform-optional-catch-binding@7.28.6 OK for: @react-native/babel-preset@0.83.6 want: ^7.24.7
2439 silly placeDep ROOT @babel/plugin-transform-optional-chaining@7.28.6 OK for: @react-native/babel-preset@0.83.6 want: ^7.24.8
2440 silly placeDep ROOT @babel/plugin-transform-react-jsx-self@7.27.1 OK for: @react-native/babel-preset@0.83.6 want: ^7.24.7
2441 silly placeDep ROOT @babel/plugin-transform-react-jsx-source@7.27.1 OK for: @react-native/babel-preset@0.83.6 want: ^7.24.7
2442 silly placeDep ROOT @babel/plugin-transform-regenerator@7.29.0 OK for: @react-native/babel-preset@0.83.6 want: ^7.24.7
2443 silly placeDep ROOT @babel/plugin-transform-shorthand-properties@7.27.1 OK for: @react-native/babel-preset@0.83.6 want: ^7.24.7
2444 silly placeDep ROOT @babel/plugin-transform-spread@7.28.6 OK for: @react-native/babel-preset@0.83.6 want: ^7.24.7
2445 silly placeDep ROOT @babel/plugin-transform-sticky-regex@7.27.1 OK for: @react-native/babel-preset@0.83.6 want: ^7.24.7
2446 silly placeDep ROOT @babel/plugin-transform-unicode-regex@7.27.1 OK for: @react-native/babel-preset@0.83.6 want: ^7.24.7
2447 silly placeDep ROOT @react-native/babel-plugin-codegen@0.83.6 OK for: @react-native/babel-preset@0.83.6 want: 0.83.6
2448 silly placeDep node_modules/@react-native/babel-preset babel-plugin-syntax-hermes-parser@0.32.0 OK for: @react-native/babel-preset@0.83.6 want: 0.32.0
2449 silly fetch manifest @babel/helper-remap-async-to-generator@^7.27.1
2450 silly packumentCache full:https://registry.npmjs.org/@babel%2fhelper-remap-async-to-generator cache-miss
2451 silly fetch manifest @babel/helper-remap-async-to-generator@^7.27.1
2452 silly packumentCache full:https://registry.npmjs.org/@babel%2fhelper-remap-async-to-generator cache-miss
2453 silly fetch manifest @babel/helper-create-regexp-features-plugin@^7.28.5
2454 silly packumentCache full:https://registry.npmjs.org/@babel%2fhelper-create-regexp-features-plugin cache-miss
2455 silly fetch manifest @babel/helper-create-regexp-features-plugin@^7.27.1
2456 silly packumentCache full:https://registry.npmjs.org/@babel%2fhelper-create-regexp-features-plugin cache-miss
2457 silly fetch manifest hermes-parser@0.32.0
2458 silly packumentCache full:https://registry.npmjs.org/hermes-parser cache-hit
2459 http fetch GET 200 https://registry.npmjs.org/@babel%2fhelper-remap-async-to-generator 38ms (cache miss)
2460 silly packumentCache full:https://registry.npmjs.org/@babel%2fhelper-remap-async-to-generator set size:undefined disposed:false
2461 http fetch GET 200 https://registry.npmjs.org/@babel%2fhelper-remap-async-to-generator 39ms (cache miss)
2462 silly packumentCache full:https://registry.npmjs.org/@babel%2fhelper-remap-async-to-generator set size:undefined disposed:false
2463 http fetch GET 200 https://registry.npmjs.org/@babel%2fhelper-create-regexp-features-plugin 40ms (cache miss)
2464 silly packumentCache full:https://registry.npmjs.org/@babel%2fhelper-create-regexp-features-plugin set size:undefined disposed:false
2465 http fetch GET 200 https://registry.npmjs.org/@babel%2fhelper-create-regexp-features-plugin 43ms (cache miss)
2466 silly packumentCache full:https://registry.npmjs.org/@babel%2fhelper-create-regexp-features-plugin set size:undefined disposed:false
2467 silly placeDep ROOT @babel/helper-remap-async-to-generator@7.27.1 OK for: @babel/plugin-transform-async-generator-functions@7.29.0 want: ^7.27.1
2468 silly fetch manifest @babel/helper-wrap-function@^7.27.1
2469 silly packumentCache full:https://registry.npmjs.org/@babel%2fhelper-wrap-function cache-miss
2470 http fetch GET 200 https://registry.npmjs.org/@babel%2fhelper-wrap-function 33ms (cache miss)
2471 silly packumentCache full:https://registry.npmjs.org/@babel%2fhelper-wrap-function set size:undefined disposed:false
2472 silly placeDep ROOT @babel/helper-wrap-function@7.28.6 OK for: @babel/helper-remap-async-to-generator@7.27.1 want: ^7.27.1
2473 silly placeDep ROOT @babel/helper-create-regexp-features-plugin@7.28.5 OK for: @babel/plugin-transform-named-capturing-groups-regex@7.29.0 want: ^7.28.5
2474 silly fetch manifest regexpu-core@^6.3.1
2475 silly packumentCache full:https://registry.npmjs.org/regexpu-core cache-miss
2476 http fetch GET 200 https://registry.npmjs.org/regexpu-core 35ms (cache miss)
2477 silly packumentCache full:https://registry.npmjs.org/regexpu-core set size:undefined disposed:false
2478 silly placeDep ROOT regexpu-core@6.4.0 OK for: @babel/helper-create-regexp-features-plugin@7.28.5 want: ^6.3.1
2479 silly fetch manifest regenerate@^1.4.2
2480 silly packumentCache full:https://registry.npmjs.org/regenerate cache-miss
2481 silly fetch manifest regenerate-unicode-properties@^10.2.2
2482 silly packumentCache full:https://registry.npmjs.org/regenerate-unicode-properties cache-miss
2483 silly fetch manifest regjsgen@^0.8.0
2484 silly packumentCache full:https://registry.npmjs.org/regjsgen cache-miss
2485 silly fetch manifest regjsparser@^0.13.0
2486 silly packumentCache full:https://registry.npmjs.org/regjsparser cache-miss
2487 silly fetch manifest unicode-match-property-ecmascript@^2.0.0
2488 silly packumentCache full:https://registry.npmjs.org/unicode-match-property-ecmascript cache-miss
2489 silly fetch manifest unicode-match-property-value-ecmascript@^2.2.1
2490 silly packumentCache full:https://registry.npmjs.org/unicode-match-property-value-ecmascript cache-miss
2491 http fetch GET 200 https://registry.npmjs.org/regjsgen 35ms (cache miss)
2492 silly packumentCache full:https://registry.npmjs.org/regjsgen set size:undefined disposed:false
2493 http fetch GET 200 https://registry.npmjs.org/unicode-match-property-ecmascript 36ms (cache miss)
2494 silly packumentCache full:https://registry.npmjs.org/unicode-match-property-ecmascript set size:undefined disposed:false
2495 http fetch GET 200 https://registry.npmjs.org/regenerate-unicode-properties 38ms (cache miss)
2496 silly packumentCache full:https://registry.npmjs.org/regenerate-unicode-properties set size:undefined disposed:false
2497 http fetch GET 200 https://registry.npmjs.org/regjsparser 39ms (cache miss)
2498 silly packumentCache full:https://registry.npmjs.org/regjsparser set size:undefined disposed:false
2499 http fetch GET 200 https://registry.npmjs.org/unicode-match-property-value-ecmascript 40ms (cache miss)
2500 silly packumentCache full:https://registry.npmjs.org/unicode-match-property-value-ecmascript set size:undefined disposed:false
2501 http fetch GET 200 https://registry.npmjs.org/regenerate 74ms (cache miss)
2502 silly packumentCache full:https://registry.npmjs.org/regenerate set size:undefined disposed:false
2503 silly placeDep ROOT @react-native/codegen@0.83.6 OK for: @react-native/babel-plugin-codegen@0.83.6 want: 0.83.6
2504 silly placeDep node_modules/@react-native/codegen glob@7.2.3 OK for: @react-native/codegen@0.83.6 want: ^7.1.1
2505 silly placeDep node_modules/@react-native/codegen hermes-parser@0.32.0 OK for: @react-native/codegen@0.83.6 want: 0.32.0
2506 silly placeDep ROOT yargs@17.7.2 OK for: @react-native/codegen@0.83.6 want: ^17.6.2
2507 silly fetch manifest once@^1.3.0
2508 silly packumentCache full:https://registry.npmjs.org/once cache-miss
2509 silly fetch manifest inflight@^1.0.4
2510 silly packumentCache full:https://registry.npmjs.org/inflight cache-miss
2511 silly fetch manifest inherits@2
2512 silly packumentCache full:https://registry.npmjs.org/inherits cache-miss
2513 silly fetch manifest minimatch@^3.1.1
2514 silly packumentCache full:https://registry.npmjs.org/minimatch cache-miss
2515 silly fetch manifest fs.realpath@^1.0.0
2516 silly packumentCache full:https://registry.npmjs.org/fs.realpath cache-miss
2517 silly fetch manifest path-is-absolute@^1.0.0
2518 silly packumentCache full:https://registry.npmjs.org/path-is-absolute cache-miss
2519 silly fetch manifest hermes-estree@0.32.0
2520 silly packumentCache full:https://registry.npmjs.org/hermes-estree cache-miss
2521 silly fetch manifest y18n@^5.0.5
2522 silly packumentCache full:https://registry.npmjs.org/y18n cache-miss
2523 silly fetch manifest cliui@^8.0.1
2524 silly packumentCache full:https://registry.npmjs.org/cliui cache-miss
2525 http cache https://registry.npmjs.org/hermes-estree 4ms (cache hit)
2526 silly packumentCache full:https://registry.npmjs.org/hermes-estree set size:125711 disposed:false
2527 silly fetch manifest escalade@^3.1.1
2528 silly packumentCache full:https://registry.npmjs.org/escalade cache-miss
2529 http cache https://registry.npmjs.org/minimatch 5ms (cache hit)
2530 silly packumentCache full:https://registry.npmjs.org/minimatch set size:375282 disposed:false
2531 silly fetch manifest string-width@^4.2.3
2532 silly packumentCache full:https://registry.npmjs.org/string-width cache-miss
2533 http cache https://registry.npmjs.org/escalade 4ms (cache hit)
2534 silly packumentCache full:https://registry.npmjs.org/escalade set size:33724 disposed:false
2535 silly fetch manifest yargs-parser@^21.1.1
2536 silly packumentCache full:https://registry.npmjs.org/yargs-parser cache-miss
2537 http cache https://registry.npmjs.org/string-width 4ms (cache hit)
2538 silly packumentCache full:https://registry.npmjs.org/string-width set size:68305 disposed:false
2539 silly fetch manifest get-caller-file@^2.0.5
2540 silly packumentCache full:https://registry.npmjs.org/get-caller-file cache-miss
2541 http fetch GET 200 https://registry.npmjs.org/fs.realpath 22ms (cache miss)
2542 silly packumentCache full:https://registry.npmjs.org/fs.realpath set size:undefined disposed:false
2543 silly fetch manifest require-directory@^2.1.1
2544 silly packumentCache full:https://registry.npmjs.org/require-directory cache-miss
2545 http fetch GET 200 https://registry.npmjs.org/once 25ms (cache miss)
2546 silly packumentCache full:https://registry.npmjs.org/once set size:undefined disposed:false
2547 http fetch GET 200 https://registry.npmjs.org/path-is-absolute 26ms (cache miss)
2548 silly packumentCache full:https://registry.npmjs.org/path-is-absolute set size:undefined disposed:false
2549 http fetch GET 200 https://registry.npmjs.org/inflight 26ms (cache miss)
2550 silly packumentCache full:https://registry.npmjs.org/inflight set size:undefined disposed:false
2551 http fetch GET 200 https://registry.npmjs.org/inherits 28ms (cache miss)
2552 silly packumentCache full:https://registry.npmjs.org/inherits set size:undefined disposed:false
2553 http fetch GET 200 https://registry.npmjs.org/cliui 32ms (cache miss)
2554 silly packumentCache full:https://registry.npmjs.org/cliui set size:undefined disposed:false
2555 http fetch GET 200 https://registry.npmjs.org/get-caller-file 28ms (cache miss)
2556 silly packumentCache full:https://registry.npmjs.org/get-caller-file set size:undefined disposed:false
2557 http fetch GET 200 https://registry.npmjs.org/yargs-parser 31ms (cache miss)
2558 silly packumentCache full:https://registry.npmjs.org/yargs-parser set size:undefined disposed:false
2559 http fetch GET 200 https://registry.npmjs.org/require-directory 23ms (cache miss)
2560 silly packumentCache full:https://registry.npmjs.org/require-directory set size:undefined disposed:false
2561 http fetch GET 200 https://registry.npmjs.org/y18n 45ms (cache miss)
2562 silly packumentCache full:https://registry.npmjs.org/y18n set size:undefined disposed:false
2563 silly placeDep ROOT @babel/helper-define-polyfill-provider@0.6.8 OK for: babel-plugin-polyfill-corejs2@0.4.17 want: ^0.6.8
2564 silly fetch manifest resolve@^1.22.11
2565 silly packumentCache full:https://registry.npmjs.org/resolve cache-miss
2566 silly fetch manifest lodash.debounce@^4.0.8
2567 silly packumentCache full:https://registry.npmjs.org/lodash.debounce cache-miss
2568 http cache https://registry.npmjs.org/resolve 2ms (cache hit)
2569 silly packumentCache full:https://registry.npmjs.org/resolve set size:252941 disposed:false
2570 http fetch GET 200 https://registry.npmjs.org/lodash.debounce 24ms (cache miss)
2571 silly packumentCache full:https://registry.npmjs.org/lodash.debounce set size:undefined disposed:false
2572 silly placeDep ROOT lodash.debounce@4.0.8 OK for: @babel/helper-define-polyfill-provider@0.6.8 want: ^4.0.8
2573 silly placeDep ROOT resolve@1.22.12 OK for: @babel/helper-define-polyfill-provider@0.6.8 want: ^1.22.11
2574 silly fetch manifest es-errors@^1.3.0
2575 silly packumentCache full:https://registry.npmjs.org/es-errors cache-miss
2576 silly fetch manifest is-core-module@^2.16.1
2577 silly packumentCache full:https://registry.npmjs.org/is-core-module cache-miss
2578 silly fetch manifest path-parse@^1.0.7
2579 silly packumentCache full:https://registry.npmjs.org/path-parse cache-miss
2580 silly fetch manifest supports-preserve-symlinks-flag@^1.0.0
2581 silly packumentCache full:https://registry.npmjs.org/supports-preserve-symlinks-flag cache-miss
2582 http fetch GET 200 https://registry.npmjs.org/es-errors 20ms (cache miss)
2583 silly packumentCache full:https://registry.npmjs.org/es-errors set size:undefined disposed:false
2584 http fetch GET 200 https://registry.npmjs.org/path-parse 23ms (cache miss)
2585 silly packumentCache full:https://registry.npmjs.org/path-parse set size:undefined disposed:false
2586 http fetch GET 200 https://registry.npmjs.org/is-core-module 25ms (cache miss)
2587 silly packumentCache full:https://registry.npmjs.org/is-core-module set size:undefined disposed:false
2588 http fetch GET 200 https://registry.npmjs.org/supports-preserve-symlinks-flag 30ms (cache miss)
2589 silly packumentCache full:https://registry.npmjs.org/supports-preserve-symlinks-flag set size:undefined disposed:false
2590 silly placeDep ROOT core-js-compat@3.49.0 OK for: babel-plugin-polyfill-corejs3@0.13.0 want: ^3.43.0
2591 silly placeDep node_modules/better-opn open@8.4.2 OK for: better-opn@3.0.2 want: ^8.0.4
2592 silly fetch manifest is-docker@^2.1.1
2593 silly packumentCache full:https://registry.npmjs.org/is-docker cache-miss
2594 silly fetch manifest define-lazy-prop@^2.0.0
2595 silly packumentCache full:https://registry.npmjs.org/define-lazy-prop cache-miss
2596 http cache https://registry.npmjs.org/is-docker 1ms (cache hit)
2597 silly packumentCache full:https://registry.npmjs.org/is-docker set size:23690 disposed:false
2598 http fetch GET 200 https://registry.npmjs.org/define-lazy-prop 23ms (cache miss)
2599 silly packumentCache full:https://registry.npmjs.org/define-lazy-prop set size:undefined disposed:false
2600 silly placeDep ROOT stream-buffers@2.2.0 OK for: bplist-creator@0.1.0 want: 2.2.x
2601 silly placeDep ROOT big-integer@1.6.52 OK for: bplist-parser@0.3.2 want: 1.6.x
2602 silly placeDep ROOT ansi-styles@4.3.0 OK for: chalk@4.1.2 want: ^4.1.0
2603 silly placeDep ROOT supports-color@7.2.0 OK for: chalk@4.1.2 want: ^7.1.0
2604 silly fetch manifest has-flag@^4.0.0
2605 silly packumentCache full:https://registry.npmjs.org/has-flag cache-miss
2606 http fetch GET 200 https://registry.npmjs.org/has-flag 30ms (cache miss)
2607 silly packumentCache full:https://registry.npmjs.org/has-flag set size:undefined disposed:false
2608 silly placeDep ROOT @types/node@25.6.0 OK for: chrome-launcher@0.15.2 want: *
2609 silly placeDep ROOT is-wsl@2.2.0 OK for: chrome-launcher@0.15.2 want: ^2.2.0
2610 silly placeDep ROOT lighthouse-logger@1.4.2 OK for: chrome-launcher@0.15.2 want: ^1.0.0
2611 silly fetch manifest undici-types@~7.19.0
2612 silly packumentCache full:https://registry.npmjs.org/undici-types cache-miss
2613 silly fetch manifest debug@^2.6.9
2614 silly packumentCache full:https://registry.npmjs.org/debug cache-hit
2615 silly fetch manifest marky@^1.2.2
2616 silly packumentCache full:https://registry.npmjs.org/marky cache-miss
2617 http fetch GET 200 https://registry.npmjs.org/marky 27ms (cache miss)
2618 silly packumentCache full:https://registry.npmjs.org/marky set size:undefined disposed:false
2619 http fetch GET 200 https://registry.npmjs.org/undici-types 34ms (cache miss)
2620 silly packumentCache full:https://registry.npmjs.org/undici-types set size:undefined disposed:false
2621 silly placeDep ROOT undici-types@7.19.2 OK for: @types/node@25.6.0 want: ~7.19.0
2622 silly placeDep ROOT mkdirp@1.0.4 OK for: chromium-edge-launcher@0.2.0 want: ^1.0.4
2623 silly placeDep ROOT rimraf@3.0.2 OK for: chromium-edge-launcher@0.2.0 want: ^3.0.2
2624 silly fetch manifest glob@^7.1.3
2625 silly packumentCache full:https://registry.npmjs.org/glob cache-hit
2626 silly placeDep ROOT bytes@3.1.2 OK for: compression@1.8.1 want: 3.1.2
2627 silly placeDep ROOT compressible@2.0.18 OK for: compression@1.8.1 want: ~2.0.18
2628 silly placeDep node_modules/compression debug@2.6.9 OK for: compression@1.8.1 want: 2.6.9
2629 silly placeDep node_modules/compression negotiator@0.6.4 OK for: compression@1.8.1 want: ~0.6.4
2630 silly placeDep ROOT on-headers@1.1.0 OK for: compression@1.8.1 want: ~1.1.0
2631 silly placeDep ROOT safe-buffer@5.2.1 OK for: compression@1.8.1 want: 5.2.1
2632 silly placeDep ROOT vary@1.1.2 OK for: compression@1.8.1 want: ~1.1.2
2633 silly fetch manifest mime-db@>= 1.43.0 < 2
2634 silly packumentCache full:https://registry.npmjs.org/mime-db cache-miss
2635 silly fetch manifest ms@2.0.0
2636 silly packumentCache full:https://registry.npmjs.org/ms cache-miss
2637 http cache https://registry.npmjs.org/mime-db 1ms (cache hit)
2638 silly packumentCache full:https://registry.npmjs.org/mime-db set size:164953 disposed:false
2639 http cache https://registry.npmjs.org/ms 2ms (cache hit)
2640 silly packumentCache full:https://registry.npmjs.org/ms set size:92208 disposed:false
2641 silly placeDep ROOT mime-db@1.54.0 OK for: compressible@2.0.18 want: >= 1.43.0 < 2
2642 silly placeDep node_modules/connect debug@2.6.9 OK for: connect@3.7.0 want: 2.6.9
2643 silly placeDep ROOT finalhandler@1.1.2 OK for: connect@3.7.0 want: 1.1.2
2644 silly placeDep ROOT parseurl@1.3.3 OK for: connect@3.7.0 want: ~1.3.3
2645 silly placeDep ROOT utils-merge@1.0.1 OK for: connect@3.7.0 want: 1.0.1
2646 silly fetch manifest unpipe@~1.0.0
2647 silly packumentCache full:https://registry.npmjs.org/unpipe cache-miss
2648 silly fetch manifest statuses@~1.5.0
2649 silly packumentCache full:https://registry.npmjs.org/statuses cache-miss
2650 silly fetch manifest encodeurl@~1.0.2
2651 silly packumentCache full:https://registry.npmjs.org/encodeurl cache-miss
2652 silly fetch manifest on-finished@~2.3.0
2653 silly packumentCache full:https://registry.npmjs.org/on-finished cache-miss
2654 http cache https://registry.npmjs.org/on-finished 3ms (cache hit)
2655 silly packumentCache full:https://registry.npmjs.org/on-finished set size:23212 disposed:false
2656 http cache https://registry.npmjs.org/statuses 3ms (cache hit)
2657 silly packumentCache full:https://registry.npmjs.org/statuses set size:37117 disposed:false
2658 http cache https://registry.npmjs.org/encodeurl 4ms (cache hit)
2659 silly packumentCache full:https://registry.npmjs.org/encodeurl set size:12296 disposed:false
2660 http fetch GET 200 https://registry.npmjs.org/unpipe 24ms (cache miss)
2661 silly packumentCache full:https://registry.npmjs.org/unpipe set size:undefined disposed:false
2662 silly placeDep ROOT path-key@3.1.1 OK for: cross-spawn@7.0.6 want: ^3.1.0
2663 silly placeDep ROOT shebang-command@2.0.0 OK for: cross-spawn@7.0.6 want: ^2.0.0
2664 silly placeDep ROOT which@2.0.2 OK for: cross-spawn@7.0.6 want: ^2.0.1
2665 silly fetch manifest shebang-regex@^3.0.0
2666 silly packumentCache full:https://registry.npmjs.org/shebang-regex cache-miss
2667 silly fetch manifest isexe@^2.0.0
2668 silly packumentCache full:https://registry.npmjs.org/isexe cache-miss
2669 http fetch GET 200 https://registry.npmjs.org/shebang-regex 24ms (cache miss)
2670 silly packumentCache full:https://registry.npmjs.org/shebang-regex set size:undefined disposed:false
2671 http fetch GET 200 https://registry.npmjs.org/isexe 26ms (cache miss)
2672 silly packumentCache full:https://registry.npmjs.org/isexe set size:undefined disposed:false
2673 silly placeDep ROOT fontfaceobserver@2.3.0 OK for: expo-font@55.0.6 want: ^2.1.0
2674 silly placeDep ROOT expo-image-loader@55.0.0 OK for: expo-image-picker@55.0.19 want: ~55.0.0
2675 silly placeDep ROOT commander@7.2.0 OK for: expo-modules-autolinking@55.0.18 want: ^7.2.0
2676 silly placeDep ROOT react-native-is-edge-to-edge@1.3.1 OK for: expo-status-bar@55.0.5 want: ^1.2.1
2677 silly placeDep node_modules/finalhandler debug@2.6.9 OK for: finalhandler@1.1.2 want: 2.6.9
2678 silly placeDep ROOT encodeurl@1.0.2 OK for: finalhandler@1.1.2 want: ~1.0.2
2679 silly placeDep ROOT escape-html@1.0.3 OK for: finalhandler@1.1.2 want: ~1.0.3
2680 silly placeDep ROOT on-finished@2.3.0 OK for: finalhandler@1.1.2 want: ~2.3.0
2681 silly placeDep ROOT statuses@1.5.0 OK for: finalhandler@1.1.2 want: ~1.5.0
2682 silly placeDep ROOT unpipe@1.0.0 OK for: finalhandler@1.1.2 want: ~1.0.0
2683 silly fetch manifest ee-first@1.1.1
2684 silly packumentCache full:https://registry.npmjs.org/ee-first cache-miss
2685 http fetch GET 200 https://registry.npmjs.org/ee-first 19ms (cache miss)
2686 silly packumentCache full:https://registry.npmjs.org/ee-first set size:undefined disposed:false
2687 silly placeDep ROOT minipass@7.1.3 OK for: glob@13.0.6 want: ^7.1.3
2688 silly placeDep ROOT path-scurry@2.0.2 OK for: glob@13.0.6 want: ^2.0.2
2689 silly fetch manifest lru-cache@^11.0.0
2690 silly packumentCache full:https://registry.npmjs.org/lru-cache cache-miss
2691 http cache https://registry.npmjs.org/lru-cache 2ms (cache hit)
2692 silly packumentCache full:https://registry.npmjs.org/lru-cache set size:439357 disposed:false
2693 silly placeDep ROOT @sindresorhus/is@4.6.0 OK for: got@11.8.6 want: ^4.0.0
2694 silly placeDep ROOT @szmarczak/http-timer@4.0.6 OK for: got@11.8.6 want: ^4.0.5
2695 silly placeDep ROOT @types/cacheable-request@6.0.3 OK for: got@11.8.6 want: ^6.0.1
2696 silly placeDep ROOT @types/responselike@1.0.3 OK for: got@11.8.6 want: ^1.0.0
2697 silly placeDep ROOT cacheable-lookup@5.0.4 OK for: got@11.8.6 want: ^5.0.3
2698 silly placeDep ROOT cacheable-request@7.0.4 OK for: got@11.8.6 want: ^7.0.2
2699 silly placeDep ROOT decompress-response@6.0.0 OK for: got@11.8.6 want: ^6.0.0
2700 silly placeDep ROOT http2-wrapper@1.0.3 OK for: got@11.8.6 want: ^1.0.0-beta.5.2
2701 silly placeDep ROOT lowercase-keys@2.0.0 OK for: got@11.8.6 want: ^2.0.0
2702 silly placeDep ROOT p-cancelable@2.1.1 OK for: got@11.8.6 want: ^2.0.0
2703 silly placeDep ROOT responselike@2.0.1 OK for: got@11.8.6 want: ^2.0.0
2704 silly fetch manifest defer-to-connect@^2.0.0
2705 silly packumentCache full:https://registry.npmjs.org/defer-to-connect cache-miss
2706 silly fetch manifest @types/keyv@^3.1.4
2707 silly packumentCache full:https://registry.npmjs.org/@types%2fkeyv cache-miss
2708 silly fetch manifest @types/http-cache-semantics@*
2709 silly packumentCache full:https://registry.npmjs.org/@types%2fhttp-cache-semantics cache-miss
2710 silly fetch manifest keyv@^4.0.0
2711 silly packumentCache full:https://registry.npmjs.org/keyv cache-miss
2712 silly fetch manifest get-stream@^5.1.0
2713 silly packumentCache full:https://registry.npmjs.org/get-stream cache-miss
2714 silly fetch manifest normalize-url@^6.0.1
2715 silly packumentCache full:https://registry.npmjs.org/normalize-url cache-miss
2716 silly fetch manifest clone-response@^1.0.2
2717 silly packumentCache full:https://registry.npmjs.org/clone-response cache-miss
2718 silly fetch manifest http-cache-semantics@^4.0.0
2719 silly packumentCache full:https://registry.npmjs.org/http-cache-semantics cache-miss
2720 silly fetch manifest mimic-response@^3.1.0
2721 silly packumentCache full:https://registry.npmjs.org/mimic-response cache-miss
2722 http fetch GET 200 https://registry.npmjs.org/get-stream 31ms (cache miss)
2723 silly packumentCache full:https://registry.npmjs.org/get-stream set size:undefined disposed:false
2724 silly fetch manifest quick-lru@^5.1.1
2725 silly packumentCache full:https://registry.npmjs.org/quick-lru cache-miss
2726 http fetch GET 200 https://registry.npmjs.org/clone-response 32ms (cache miss)
2727 silly packumentCache full:https://registry.npmjs.org/clone-response set size:undefined disposed:false
2728 silly fetch manifest resolve-alpn@^1.0.0
2729 silly packumentCache full:https://registry.npmjs.org/resolve-alpn cache-miss
2730 http fetch GET 200 https://registry.npmjs.org/http-cache-semantics 34ms (cache miss)
2731 silly packumentCache full:https://registry.npmjs.org/http-cache-semantics set size:undefined disposed:false
2732 http fetch GET 200 https://registry.npmjs.org/mimic-response 35ms (cache miss)
2733 silly packumentCache full:https://registry.npmjs.org/mimic-response set size:undefined disposed:false
2734 http fetch GET 200 https://registry.npmjs.org/keyv 36ms (cache miss)
2735 silly packumentCache full:https://registry.npmjs.org/keyv set size:undefined disposed:false
2736 http fetch GET 200 https://registry.npmjs.org/normalize-url 38ms (cache miss)
2737 silly packumentCache full:https://registry.npmjs.org/normalize-url set size:undefined disposed:false
2738 http fetch GET 200 https://registry.npmjs.org/defer-to-connect 40ms (cache miss)
2739 silly packumentCache full:https://registry.npmjs.org/defer-to-connect set size:undefined disposed:false
2740 http fetch GET 200 https://registry.npmjs.org/@types%2fkeyv 43ms (cache miss)
2741 silly packumentCache full:https://registry.npmjs.org/@types%2fkeyv set size:undefined disposed:false
2742 http fetch GET 200 https://registry.npmjs.org/@types%2fhttp-cache-semantics 43ms (cache miss)
2743 silly packumentCache full:https://registry.npmjs.org/@types%2fhttp-cache-semantics set size:undefined disposed:false
2744 http fetch GET 200 https://registry.npmjs.org/resolve-alpn 24ms (cache miss)
2745 silly packumentCache full:https://registry.npmjs.org/resolve-alpn set size:undefined disposed:false
2746 http fetch GET 200 https://registry.npmjs.org/quick-lru 24ms (cache miss)
2747 silly packumentCache full:https://registry.npmjs.org/quick-lru set size:undefined disposed:false
2748 silly placeDep ROOT defer-to-connect@2.0.1 OK for: @szmarczak/http-timer@4.0.6 want: ^2.0.0
2749 silly placeDep ROOT @types/http-cache-semantics@4.2.0 OK for: @types/cacheable-request@6.0.3 want: *
2750 silly placeDep ROOT @types/keyv@3.1.4 OK for: @types/cacheable-request@6.0.3 want: ^3.1.4
2751 silly placeDep ROOT clone-response@1.0.3 OK for: cacheable-request@7.0.4 want: ^1.0.2
2752 silly placeDep ROOT get-stream@5.2.0 OK for: cacheable-request@7.0.4 want: ^5.1.0
2753 silly placeDep ROOT http-cache-semantics@4.2.0 OK for: cacheable-request@7.0.4 want: ^4.0.0
2754 silly placeDep ROOT keyv@4.5.4 OK for: cacheable-request@7.0.4 want: ^4.0.0
2755 silly placeDep ROOT normalize-url@6.1.0 OK for: cacheable-request@7.0.4 want: ^6.0.1
2756 silly fetch manifest mimic-response@^1.0.0
2757 silly packumentCache full:https://registry.npmjs.org/mimic-response cache-miss
2758 silly fetch manifest pump@^3.0.0
2759 silly packumentCache full:https://registry.npmjs.org/pump cache-miss
2760 silly fetch manifest json-buffer@3.0.1
2761 silly packumentCache full:https://registry.npmjs.org/json-buffer cache-miss
2762 http cache https://registry.npmjs.org/mimic-response 4ms (cache hit)
2763 silly packumentCache full:https://registry.npmjs.org/mimic-response set size:20174 disposed:false
2764 http fetch GET 200 https://registry.npmjs.org/pump 25ms (cache miss)
2765 silly packumentCache full:https://registry.npmjs.org/pump set size:undefined disposed:false
2766 http fetch GET 200 https://registry.npmjs.org/json-buffer 26ms (cache miss)
2767 silly packumentCache full:https://registry.npmjs.org/json-buffer set size:undefined disposed:false
2768 silly placeDep ROOT mimic-response@1.0.1 OK for: clone-response@1.0.3 want: ^1.0.0
2769 silly placeDep node_modules/decompress-response mimic-response@3.1.0 OK for: decompress-response@6.0.0 want: ^3.1.0
2770 silly placeDep ROOT pump@3.0.4 OK for: get-stream@5.2.0 want: ^3.0.0
2771 silly fetch manifest end-of-stream@^1.1.0
2772 silly packumentCache full:https://registry.npmjs.org/end-of-stream cache-miss
2773 silly fetch manifest once@^1.3.1
2774 silly packumentCache full:https://registry.npmjs.org/once cache-miss
2775 http cache https://registry.npmjs.org/once 2ms (cache hit)
2776 silly packumentCache full:https://registry.npmjs.org/once set size:11752 disposed:false
2777 http fetch GET 200 https://registry.npmjs.org/end-of-stream 34ms (cache miss)
2778 silly packumentCache full:https://registry.npmjs.org/end-of-stream set size:undefined disposed:false
2779 silly placeDep ROOT hermes-estree@0.32.1 OK for: hermes-parser@0.32.1 want: 0.32.1
2780 silly placeDep ROOT quick-lru@5.1.1 OK for: http2-wrapper@1.0.3 want: ^5.1.1
2781 silly placeDep ROOT resolve-alpn@1.2.1 OK for: http2-wrapper@1.0.3 want: ^1.0.0
2782 silly placeDep ROOT loose-envify@1.4.0 OK for: invariant@2.2.4 want: ^1.0.0
2783 silly placeDep ROOT is-docker@2.2.1 OK for: is-wsl@2.2.0 want: ^2.0.0
2784 silly placeDep ROOT argparse@2.0.1 OK for: js-yaml@4.1.1 want: ^2.0.1
2785 silly placeDep ROOT json-buffer@3.0.1 OK for: keyv@4.5.4 want: 3.0.1
2786 silly placeDep node_modules/lighthouse-logger debug@2.6.9 OK for: lighthouse-logger@1.4.2 want: ^2.6.9
2787 silly placeDep ROOT marky@1.3.0 OK for: lighthouse-logger@1.4.2 want: ^1.2.2
2788 silly placeDep ROOT detect-libc@2.1.2 OK for: lightningcss@1.32.0 want: ^2.0.3
2789 silly placeDep ROOT lightningcss-android-arm64@1.32.0 OK for: lightningcss@1.32.0 want: 1.32.0
2790 silly placeDep ROOT lightningcss-darwin-arm64@1.32.0 OK for: lightningcss@1.32.0 want: 1.32.0
2791 silly placeDep ROOT lightningcss-darwin-x64@1.32.0 OK for: lightningcss@1.32.0 want: 1.32.0
2792 silly placeDep ROOT lightningcss-freebsd-x64@1.32.0 OK for: lightningcss@1.32.0 want: 1.32.0
2793 silly placeDep ROOT lightningcss-linux-arm-gnueabihf@1.32.0 OK for: lightningcss@1.32.0 want: 1.32.0
2794 silly placeDep ROOT lightningcss-linux-arm64-gnu@1.32.0 OK for: lightningcss@1.32.0 want: 1.32.0
2795 silly placeDep ROOT lightningcss-linux-arm64-musl@1.32.0 OK for: lightningcss@1.32.0 want: 1.32.0
2796 silly placeDep ROOT lightningcss-linux-x64-gnu@1.32.0 OK for: lightningcss@1.32.0 want: 1.32.0
2797 silly placeDep ROOT lightningcss-linux-x64-musl@1.32.0 OK for: lightningcss@1.32.0 want: 1.32.0
2798 silly placeDep ROOT lightningcss-win32-arm64-msvc@1.32.0 OK for: lightningcss@1.32.0 want: 1.32.0
2799 silly placeDep ROOT lightningcss-win32-x64-msvc@1.32.0 OK for: lightningcss@1.32.0 want: 1.32.0
2800 silly placeDep ROOT yallist@3.1.1 OK for: lru-cache@5.1.1 want: ^3.0.2
2801 silly placeDep ROOT is-plain-obj@2.1.0 OK for: merge-options@3.0.4 want: ^2.1.0
2802 silly placeDep node_modules/metro accepts@2.0.0 OK for: metro@0.83.6 want: ^2.0.0
2803 silly placeDep node_modules/metro ci-info@2.0.0 OK for: metro@0.83.6 want: ^2.0.0
2804 silly placeDep ROOT error-stack-parser@2.1.4 OK for: metro@0.83.6 want: ^2.0.6
2805 silly placeDep ROOT flow-enums-runtime@0.0.6 OK for: metro@0.83.6 want: ^0.0.6
2806 silly placeDep ROOT graceful-fs@4.2.11 OK for: metro@0.83.6 want: ^4.2.4
2807 silly placeDep node_modules/metro hermes-parser@0.35.0 OK for: metro@0.83.6 want: 0.35.0
2808 silly placeDep ROOT image-size@1.2.1 OK for: metro@0.83.6 want: ^1.0.2
2809 silly placeDep ROOT jest-worker@29.7.0 OK for: metro@0.83.6 want: ^29.7.0
2810 silly placeDep ROOT lodash.throttle@4.1.1 OK for: metro@0.83.6 want: ^4.1.1
2811 silly placeDep node_modules/metro mime-types@3.0.2 OK for: metro@0.83.6 want: ^3.0.1
2812 silly placeDep ROOT serialize-error@2.1.0 OK for: metro@0.83.6 want: ^2.1.0
2813 silly placeDep ROOT source-map@0.5.7 OK for: metro@0.83.6 want: ^0.5.6
2814 silly placeDep ROOT throat@5.0.0 OK for: metro@0.83.6 want: ^5.0.0
2815 silly placeDep node_modules/metro ws@7.5.10 OK for: metro@0.83.6 want: ^7.5.10
2816 silly fetch manifest mime-types@^3.0.0
2817 silly packumentCache full:https://registry.npmjs.org/mime-types cache-hit
2818 silly fetch manifest negotiator@^1.0.0
2819 silly packumentCache full:https://registry.npmjs.org/negotiator cache-miss
2820 silly fetch manifest stackframe@^1.3.4
2821 silly packumentCache full:https://registry.npmjs.org/stackframe cache-miss
2822 silly fetch manifest hermes-estree@0.35.0
2823 silly packumentCache full:https://registry.npmjs.org/hermes-estree cache-hit
2824 silly fetch manifest queue@6.0.2
2825 silly packumentCache full:https://registry.npmjs.org/queue cache-miss
2826 silly fetch manifest jest-util@^29.7.0
2827 silly packumentCache full:https://registry.npmjs.org/jest-util cache-miss
2828 silly fetch manifest merge-stream@^2.0.0
2829 silly packumentCache full:https://registry.npmjs.org/merge-stream cache-miss
2830 silly fetch manifest supports-color@^8.0.0
2831 silly packumentCache full:https://registry.npmjs.org/supports-color cache-miss
2832 http cache https://registry.npmjs.org/supports-color 4ms (cache hit)
2833 silly packumentCache full:https://registry.npmjs.org/supports-color set size:118680 disposed:false
2834 http cache https://registry.npmjs.org/negotiator 5ms (cache hit)
2835 silly packumentCache full:https://registry.npmjs.org/negotiator set size:48046 disposed:false
2836 http fetch GET 200 https://registry.npmjs.org/merge-stream 29ms (cache miss)
2837 silly packumentCache full:https://registry.npmjs.org/merge-stream set size:undefined disposed:false
2838 http fetch GET 200 https://registry.npmjs.org/stackframe 29ms (cache miss)
2839 silly packumentCache full:https://registry.npmjs.org/stackframe set size:undefined disposed:false
2840 http fetch GET 200 https://registry.npmjs.org/queue 36ms (cache miss)
2841 silly packumentCache full:https://registry.npmjs.org/queue set size:undefined disposed:false
2842 http fetch GET 200 https://registry.npmjs.org/jest-util 40ms (cache miss)
2843 silly packumentCache full:https://registry.npmjs.org/jest-util set size:undefined disposed:false
2844 silly placeDep ROOT stackframe@1.3.4 OK for: error-stack-parser@2.1.4 want: ^1.3.4
2845 silly placeDep ROOT queue@6.0.2 OK for: image-size@1.2.1 want: 6.0.2
2846 silly fetch manifest inherits@~2.0.3
2847 silly packumentCache full:https://registry.npmjs.org/inherits cache-miss
2848 http cache https://registry.npmjs.org/inherits 1ms (cache hit)
2849 silly packumentCache full:https://registry.npmjs.org/inherits set size:12925 disposed:false
2850 silly placeDep ROOT jest-util@29.7.0 OK for: jest-worker@29.7.0 want: ^29.7.0
2851 silly placeDep ROOT merge-stream@2.0.0 OK for: jest-worker@29.7.0 want: ^2.0.0
2852 silly placeDep node_modules/jest-worker supports-color@8.1.1 OK for: jest-worker@29.7.0 want: ^8.0.0
2853 silly fetch manifest picomatch@^2.2.3
2854 silly packumentCache full:https://registry.npmjs.org/picomatch cache-miss
2855 silly fetch manifest @jest/types@^29.6.3
2856 silly packumentCache full:https://registry.npmjs.org/@jest%2ftypes cache-miss
2857 http cache https://registry.npmjs.org/picomatch 1ms (cache hit)
2858 silly packumentCache full:https://registry.npmjs.org/picomatch set size:126376 disposed:false
2859 http fetch GET 200 https://registry.npmjs.org/@jest%2ftypes 49ms (cache miss)
2860 silly packumentCache full:https://registry.npmjs.org/@jest%2ftypes set size:undefined disposed:false
2861 silly placeDep ROOT @jest/types@29.6.3 OK for: jest-util@29.7.0 want: ^29.6.3
2862 silly placeDep node_modules/jest-util picomatch@2.3.2 OK for: jest-util@29.7.0 want: ^2.2.3
2863 silly fetch manifest @types/yargs@^17.0.8
2864 silly packumentCache full:https://registry.npmjs.org/@types%2fyargs cache-miss
2865 silly fetch manifest @types/istanbul-reports@^3.0.0
2866 silly packumentCache full:https://registry.npmjs.org/@types%2fistanbul-reports cache-miss
2867 silly fetch manifest @types/istanbul-lib-coverage@^2.0.0
2868 silly packumentCache full:https://registry.npmjs.org/@types%2fistanbul-lib-coverage cache-miss
2869 http fetch GET 200 https://registry.npmjs.org/@types%2fistanbul-lib-coverage 31ms (cache miss)
2870 silly packumentCache full:https://registry.npmjs.org/@types%2fistanbul-lib-coverage set size:undefined disposed:false
2871 http fetch GET 200 https://registry.npmjs.org/@types%2fyargs 39ms (cache miss)
2872 silly packumentCache full:https://registry.npmjs.org/@types%2fyargs set size:undefined disposed:false
2873 http fetch GET 200 https://registry.npmjs.org/@types%2fistanbul-reports 191ms (cache miss)
2874 silly packumentCache full:https://registry.npmjs.org/@types%2fistanbul-reports set size:undefined disposed:false
2875 silly placeDep ROOT @jest/schemas@29.6.3 OK for: @jest/types@29.6.3 want: ^29.6.3
2876 silly placeDep ROOT @types/istanbul-lib-coverage@2.0.6 OK for: @jest/types@29.6.3 want: ^2.0.0
2877 silly placeDep ROOT @types/istanbul-reports@3.0.4 OK for: @jest/types@29.6.3 want: ^3.0.0
2878 silly placeDep ROOT @types/yargs@17.0.35 OK for: @jest/types@29.6.3 want: ^17.0.8
2879 silly fetch manifest @sinclair/typebox@^0.27.8
2880 silly packumentCache full:https://registry.npmjs.org/@sinclair%2ftypebox cache-miss
2881 silly fetch manifest @types/istanbul-lib-report@*
2882 silly packumentCache full:https://registry.npmjs.org/@types%2fistanbul-lib-report cache-miss
2883 silly fetch manifest @types/yargs-parser@*
2884 silly packumentCache full:https://registry.npmjs.org/@types%2fyargs-parser cache-miss
2885 http fetch GET 200 https://registry.npmjs.org/@types%2fistanbul-lib-report 32ms (cache miss)
2886 silly packumentCache full:https://registry.npmjs.org/@types%2fistanbul-lib-report set size:undefined disposed:false
2887 http fetch GET 200 https://registry.npmjs.org/@types%2fyargs-parser 43ms (cache miss)
2888 silly packumentCache full:https://registry.npmjs.org/@types%2fyargs-parser set size:undefined disposed:false
2889 http fetch GET 200 https://registry.npmjs.org/@sinclair%2ftypebox 65ms (cache miss)
2890 silly packumentCache full:https://registry.npmjs.org/@sinclair%2ftypebox set size:undefined disposed:false
2891 silly placeDep ROOT @sinclair/typebox@0.27.10 OK for: @jest/schemas@29.6.3 want: ^0.27.8
2892 silly placeDep ROOT @types/istanbul-lib-report@3.0.3 OK for: @types/istanbul-reports@3.0.4 want: *
2893 silly placeDep ROOT @types/yargs-parser@21.0.3 OK for: @types/yargs@17.0.35 want: *
2894 silly placeDep node_modules/metro-babel-transformer hermes-parser@0.35.0 OK for: metro-babel-transformer@0.83.6 want: 0.35.0
2895 silly placeDep ROOT exponential-backoff@3.1.3 OK for: metro-cache@0.83.6 want: ^3.1.1
2896 silly placeDep ROOT https-proxy-agent@7.0.6 OK for: metro-cache@0.83.6 want: ^7.0.5
2897 silly fetch manifest agent-base@^7.1.2
2898 silly packumentCache full:https://registry.npmjs.org/agent-base cache-miss
2899 http fetch GET 200 https://registry.npmjs.org/agent-base 32ms (cache miss)
2900 silly packumentCache full:https://registry.npmjs.org/agent-base set size:undefined disposed:false
2901 silly placeDep ROOT agent-base@7.1.4 OK for: https-proxy-agent@7.0.6 want: ^7.1.2
2902 silly placeDep ROOT jest-validate@29.7.0 OK for: metro-config@0.83.6 want: ^29.7.0
2903 silly placeDep node_modules/metro-config yaml@2.8.3 OK for: metro-config@0.83.6 want: ^2.6.1
2904 silly fetch manifest leven@^3.1.0
2905 silly packumentCache full:https://registry.npmjs.org/leven cache-miss
2906 silly fetch manifest camelcase@^6.2.0
2907 silly packumentCache full:https://registry.npmjs.org/camelcase cache-miss
2908 silly fetch manifest jest-get-type@^29.6.3
2909 silly packumentCache full:https://registry.npmjs.org/jest-get-type cache-miss
2910 http fetch GET 200 https://registry.npmjs.org/leven 23ms (cache miss)
2911 silly packumentCache full:https://registry.npmjs.org/leven set size:undefined disposed:false
2912 http fetch GET 200 https://registry.npmjs.org/camelcase 33ms (cache miss)
2913 silly packumentCache full:https://registry.npmjs.org/camelcase set size:undefined disposed:false
2914 http fetch GET 200 https://registry.npmjs.org/jest-get-type 35ms (cache miss)
2915 silly packumentCache full:https://registry.npmjs.org/jest-get-type set size:undefined disposed:false
2916 silly placeDep ROOT camelcase@6.3.0 OK for: jest-validate@29.7.0 want: ^6.2.0
2917 silly placeDep ROOT jest-get-type@29.6.3 OK for: jest-validate@29.7.0 want: ^29.6.3
2918 silly placeDep ROOT leven@3.1.0 OK for: jest-validate@29.7.0 want: ^3.1.0
2919 silly placeDep ROOT fb-watchman@2.0.2 OK for: metro-file-map@0.83.6 want: ^2.0.0
2920 silly placeDep ROOT micromatch@4.0.8 OK for: metro-file-map@0.83.6 want: ^4.0.4
2921 silly placeDep ROOT walker@1.0.8 OK for: metro-file-map@0.83.6 want: ^1.0.7
2922 silly fetch manifest bser@2.1.1
2923 silly packumentCache full:https://registry.npmjs.org/bser cache-miss
2924 silly fetch manifest braces@^3.0.3
2925 silly packumentCache full:https://registry.npmjs.org/braces cache-miss
2926 silly fetch manifest picomatch@^2.3.1
2927 silly packumentCache full:https://registry.npmjs.org/picomatch cache-hit
2928 silly fetch manifest makeerror@1.0.12
2929 silly packumentCache full:https://registry.npmjs.org/makeerror cache-miss
2930 http fetch GET 200 https://registry.npmjs.org/bser 21ms (cache miss)
2931 silly packumentCache full:https://registry.npmjs.org/bser set size:undefined disposed:false
2932 http fetch GET 200 https://registry.npmjs.org/makeerror 24ms (cache miss)
2933 silly packumentCache full:https://registry.npmjs.org/makeerror set size:undefined disposed:false
2934 http fetch GET 200 https://registry.npmjs.org/braces 26ms (cache miss)
2935 silly packumentCache full:https://registry.npmjs.org/braces set size:undefined disposed:false
2936 silly placeDep ROOT bser@2.1.1 OK for: fb-watchman@2.0.2 want: 2.1.1
2937 silly fetch manifest node-int64@^0.4.0
2938 silly packumentCache full:https://registry.npmjs.org/node-int64 cache-miss
2939 http fetch GET 200 https://registry.npmjs.org/node-int64 28ms (cache miss)
2940 silly packumentCache full:https://registry.npmjs.org/node-int64 set size:undefined disposed:false
2941 silly placeDep ROOT node-int64@0.4.0 OK for: bser@2.1.1 want: ^0.4.0
2942 silly placeDep ROOT terser@5.46.2 OK for: metro-minify-terser@0.83.6 want: ^5.15.0
2943 silly fetch manifest @jridgewell/source-map@^0.3.3
2944 silly packumentCache full:https://registry.npmjs.org/@jridgewell%2fsource-map cache-miss
2945 silly fetch manifest acorn@^8.15.0
2946 silly packumentCache full:https://registry.npmjs.org/acorn cache-miss
2947 silly fetch manifest commander@^2.20.0
2948 silly packumentCache full:https://registry.npmjs.org/commander cache-hit
2949 http fetch GET 200 https://registry.npmjs.org/@jridgewell%2fsource-map 41ms (cache miss)
2950 silly packumentCache full:https://registry.npmjs.org/@jridgewell%2fsource-map set size:undefined disposed:false
2951 http fetch GET 200 https://registry.npmjs.org/acorn 46ms (cache miss)
2952 silly packumentCache full:https://registry.npmjs.org/acorn set size:undefined disposed:false
2953 silly placeDep ROOT ob1@0.83.6 OK for: metro-source-map@0.83.6 want: 0.83.6
2954 silly placeDep ROOT vlq@1.0.1 OK for: metro-source-map@0.83.6 want: ^1.0.0
2955 silly placeDep ROOT braces@3.0.3 OK for: micromatch@4.0.8 want: ^3.0.3
2956 silly placeDep node_modules/micromatch picomatch@2.3.2 OK for: micromatch@4.0.8 want: ^2.3.1
2957 silly fetch manifest fill-range@^7.1.1
2958 silly packumentCache full:https://registry.npmjs.org/fill-range cache-miss
2959 http fetch GET 200 https://registry.npmjs.org/fill-range 23ms (cache miss)
2960 silly packumentCache full:https://registry.npmjs.org/fill-range set size:undefined disposed:false
2961 silly placeDep ROOT fill-range@7.1.1 OK for: braces@3.0.3 want: ^7.1.1
2962 silly fetch manifest to-regex-range@^5.0.1
2963 silly packumentCache full:https://registry.npmjs.org/to-regex-range cache-miss
2964 http fetch GET 200 https://registry.npmjs.org/to-regex-range 24ms (cache miss)
2965 silly packumentCache full:https://registry.npmjs.org/to-regex-range set size:undefined disposed:false
2966 silly placeDep ROOT to-regex-range@5.0.1 OK for: fill-range@7.1.1 want: ^5.0.1
2967 silly fetch manifest is-number@^7.0.0
2968 silly packumentCache full:https://registry.npmjs.org/is-number cache-miss
2969 http fetch GET 200 https://registry.npmjs.org/is-number 22ms (cache miss)
2970 silly packumentCache full:https://registry.npmjs.org/is-number set size:undefined disposed:false
2971 silly placeDep node_modules/mime-types mime-db@1.52.0 OK for: mime-types@2.1.35 want: 1.52.0
2972 silly placeDep ROOT brace-expansion@5.0.5 OK for: minimatch@10.2.5 want: ^5.0.5
2973 silly fetch manifest balanced-match@^4.0.2
2974 silly packumentCache full:https://registry.npmjs.org/balanced-match cache-miss
2975 http fetch GET 200 https://registry.npmjs.org/balanced-match 26ms (cache miss)
2976 silly packumentCache full:https://registry.npmjs.org/balanced-match set size:undefined disposed:false
2977 silly placeDep ROOT balanced-match@4.0.4 OK for: brace-expansion@5.0.5 want: ^4.0.2
2978 silly placeDep node_modules/nativewind @babel/helper-module-imports@7.18.6 OK for: nativewind@2.0.11 want: 7.18.6
2979 silly placeDep node_modules/nativewind @babel/types@7.19.0 OK for: nativewind@2.0.11 want: 7.19.0
2980 silly placeDep ROOT css-mediaquery@0.1.2 OK for: nativewind@2.0.11 want: ^0.1.2
2981 silly placeDep ROOT css-to-react-native@3.2.0 OK for: nativewind@2.0.11 want: ^3.0.0
2982 silly placeDep ROOT postcss-calc@8.2.4 OK for: nativewind@2.0.11 want: ^8.2.4
2983 silly placeDep ROOT postcss-color-functional-notation@4.2.4 OK for: nativewind@2.0.11 want: ^4.2.2
2984 silly placeDep ROOT postcss-css-variables@0.18.0 OK for: nativewind@2.0.11 want: ^0.18.0
2985 silly placeDep ROOT postcss-nested@5.0.6 OK for: nativewind@2.0.11 want: ^5.0.6
2986 silly placeDep node_modules/nativewind react-is@18.3.1 OK for: nativewind@2.0.11 want: ^18.1.0
2987 silly fetch manifest to-fast-properties@^2.0.0
2988 silly packumentCache full:https://registry.npmjs.org/to-fast-properties cache-miss
2989 silly fetch manifest camelize@^1.0.0
2990 silly packumentCache full:https://registry.npmjs.org/camelize cache-miss
2991 silly fetch manifest css-color-keywords@^1.0.0
2992 silly packumentCache full:https://registry.npmjs.org/css-color-keywords cache-miss
2993 silly fetch manifest postcss-value-parser@^4.0.2
2994 silly packumentCache full:https://registry.npmjs.org/postcss-value-parser cache-miss
2995 silly fetch manifest postcss-selector-parser@^6.0.9
2996 silly packumentCache full:https://registry.npmjs.org/postcss-selector-parser cache-miss
2997 silly fetch manifest balanced-match@^1.0.0
2998 silly packumentCache full:https://registry.npmjs.org/balanced-match cache-miss
2999 silly fetch manifest escape-string-regexp@^1.0.3
3000 silly packumentCache full:https://registry.npmjs.org/escape-string-regexp cache-miss
3001 silly fetch manifest extend@^3.0.1
3002 silly packumentCache full:https://registry.npmjs.org/extend cache-miss
3003 silly fetch manifest postcss-selector-parser@^6.0.6
3004 silly packumentCache full:https://registry.npmjs.org/postcss-selector-parser cache-miss
3005 http cache https://registry.npmjs.org/postcss-selector-parser 4ms (cache hit)
3006 silly packumentCache full:https://registry.npmjs.org/postcss-selector-parser set size:177140 disposed:false
3007 http cache https://registry.npmjs.org/balanced-match 6ms (cache hit)
3008 silly packumentCache full:https://registry.npmjs.org/balanced-match set size:39082 disposed:false
3009 http cache https://registry.npmjs.org/postcss-value-parser 7ms (cache hit)
3010 silly packumentCache full:https://registry.npmjs.org/postcss-value-parser set size:73484 disposed:false
3011 http cache https://registry.npmjs.org/postcss-selector-parser 7ms (cache hit)
3012 silly packumentCache full:https://registry.npmjs.org/postcss-selector-parser set size:177140 disposed:false
3013 silly packumentCache full:https://registry.npmjs.org/postcss-selector-parser dispose
3014 http cache https://registry.npmjs.org/escape-string-regexp 9ms (cache hit)
3015 silly packumentCache full:https://registry.npmjs.org/escape-string-regexp set size:22244 disposed:false
3016 http fetch GET 200 https://registry.npmjs.org/to-fast-properties 27ms (cache miss)
3017 silly packumentCache full:https://registry.npmjs.org/to-fast-properties set size:undefined disposed:false
3018 http fetch GET 200 https://registry.npmjs.org/camelize 27ms (cache miss)
3019 silly packumentCache full:https://registry.npmjs.org/camelize set size:undefined disposed:false
3020 http fetch GET 200 https://registry.npmjs.org/extend 26ms (cache miss)
3021 silly packumentCache full:https://registry.npmjs.org/extend set size:undefined disposed:false
3022 http fetch GET 200 https://registry.npmjs.org/css-color-keywords 183ms (cache miss)
3023 silly packumentCache full:https://registry.npmjs.org/css-color-keywords set size:undefined disposed:false
3024 silly placeDep ROOT camelize@1.0.1 OK for: css-to-react-native@3.2.0 want: ^1.0.0
3025 silly placeDep ROOT css-color-keywords@1.0.0 OK for: css-to-react-native@3.2.0 want: ^1.0.0
3026 silly placeDep ROOT postcss-value-parser@4.2.0 OK for: css-to-react-native@3.2.0 want: ^4.0.2
3027 silly placeDep ROOT hosted-git-info@7.0.2 OK for: npm-package-arg@11.0.3 want: ^7.0.0
3028 silly placeDep ROOT proc-log@4.2.0 OK for: npm-package-arg@11.0.3 want: ^4.0.0
3029 silly placeDep node_modules/npm-package-arg semver@7.7.4 OK for: npm-package-arg@11.0.3 want: ^7.3.5
3030 silly placeDep ROOT validate-npm-package-name@5.0.1 OK for: npm-package-arg@11.0.3 want: ^5.0.0
3031 silly fetch manifest lru-cache@^10.0.1
3032 silly packumentCache full:https://registry.npmjs.org/lru-cache cache-hit
3033 silly placeDep node_modules/hosted-git-info lru-cache@10.4.3 OK for: hosted-git-info@7.0.2 want: ^10.0.1
3034 silly placeDep ROOT ee-first@1.1.1 OK for: on-finished@2.3.0 want: 1.1.1
3035 silly placeDep node_modules/ora chalk@2.4.2 OK for: ora@3.4.0 want: ^2.4.2
3036 silly placeDep ROOT cli-cursor@2.1.0 OK for: ora@3.4.0 want: ^2.1.0
3037 silly placeDep ROOT cli-spinners@2.9.2 OK for: ora@3.4.0 want: ^2.0.0
3038 silly placeDep ROOT log-symbols@2.2.0 OK for: ora@3.4.0 want: ^2.2.0
3039 silly placeDep ROOT strip-ansi@5.2.0 OK for: ora@3.4.0 want: ^5.2.0
3040 silly placeDep ROOT wcwidth@1.0.1 OK for: ora@3.4.0 want: ^1.0.1
3041 silly fetch manifest ansi-styles@^3.2.1
3042 silly packumentCache full:https://registry.npmjs.org/ansi-styles cache-hit
3043 silly fetch manifest supports-color@^5.3.0
3044 silly packumentCache full:https://registry.npmjs.org/supports-color cache-hit
3045 silly fetch manifest escape-string-regexp@^1.0.5
3046 silly packumentCache full:https://registry.npmjs.org/escape-string-regexp cache-hit
3047 silly fetch manifest restore-cursor@^2.0.0
3048 silly packumentCache full:https://registry.npmjs.org/restore-cursor cache-miss
3049 silly fetch manifest chalk@^2.0.1
3050 silly packumentCache full:https://registry.npmjs.org/chalk cache-hit
3051 silly fetch manifest ansi-regex@^4.1.0
3052 silly packumentCache full:https://registry.npmjs.org/ansi-regex cache-miss
3053 silly fetch manifest defaults@^1.0.3
3054 silly packumentCache full:https://registry.npmjs.org/defaults cache-miss
3055 http cache https://registry.npmjs.org/ansi-regex 9ms (cache hit)
3056 silly packumentCache full:https://registry.npmjs.org/ansi-regex set size:43572 disposed:false
3057 http fetch GET 200 https://registry.npmjs.org/defaults 29ms (cache miss)
3058 silly packumentCache full:https://registry.npmjs.org/defaults set size:undefined disposed:false
3059 http fetch GET 200 https://registry.npmjs.org/restore-cursor 44ms (cache miss)
3060 silly packumentCache full:https://registry.npmjs.org/restore-cursor set size:undefined disposed:false
3061 silly placeDep ROOT restore-cursor@2.0.0 OK for: cli-cursor@2.1.0 want: ^2.0.0
3062 silly fetch manifest onetime@^2.0.0
3063 silly packumentCache full:https://registry.npmjs.org/onetime cache-miss
3064 silly fetch manifest signal-exit@^3.0.2
3065 silly packumentCache full:https://registry.npmjs.org/signal-exit cache-miss
3066 http fetch GET 200 https://registry.npmjs.org/onetime 26ms (cache miss)
3067 silly packumentCache full:https://registry.npmjs.org/onetime set size:undefined disposed:false
3068 http fetch GET 200 https://registry.npmjs.org/signal-exit 27ms (cache miss)
3069 silly packumentCache full:https://registry.npmjs.org/signal-exit set size:undefined disposed:false
3070 silly placeDep node_modules/log-symbols chalk@2.4.2 OK for: log-symbols@2.2.0 want: ^2.0.1
3071 silly placeDep ROOT pngjs@3.4.0 OK for: parse-png@2.1.0 want: ^3.3.0
3072 silly placeDep node_modules/path-scurry lru-cache@11.3.5 OK for: path-scurry@2.0.2 want: ^11.0.0
3073 silly placeDep ROOT source-map-js@1.2.1 OK for: postcss@8.4.49 want: ^1.2.1
3074 silly placeDep ROOT postcss-selector-parser@6.1.2 OK for: postcss-calc@8.2.4 want: ^6.0.9
3075 silly fetch manifest cssesc@^3.0.0
3076 silly packumentCache full:https://registry.npmjs.org/cssesc cache-miss
3077 silly fetch manifest util-deprecate@^1.0.2
3078 silly packumentCache full:https://registry.npmjs.org/util-deprecate cache-miss
3079 http fetch GET 200 https://registry.npmjs.org/util-deprecate 22ms (cache miss)
3080 silly packumentCache full:https://registry.npmjs.org/util-deprecate set size:undefined disposed:false
3081 http fetch GET 200 https://registry.npmjs.org/cssesc 24ms (cache miss)
3082 silly packumentCache full:https://registry.npmjs.org/cssesc set size:undefined disposed:false
3083 silly placeDep node_modules/postcss-css-variables balanced-match@1.0.2 OK for: postcss-css-variables@0.18.0 want: ^1.0.0
3084 silly placeDep node_modules/postcss-css-variables escape-string-regexp@1.0.5 OK for: postcss-css-variables@0.18.0 want: ^1.0.3
3085 silly placeDep ROOT extend@3.0.2 OK for: postcss-css-variables@0.18.0 want: ^3.0.1
3086 silly placeDep ROOT cssesc@3.0.0 OK for: postcss-selector-parser@6.1.2 want: ^3.0.0
3087 silly placeDep ROOT util-deprecate@1.0.2 OK for: postcss-selector-parser@6.1.2 want: ^1.0.2
3088 silly placeDep node_modules/pretty-format ansi-styles@5.2.0 OK for: pretty-format@29.7.0 want: ^5.0.0
3089 silly placeDep node_modules/pretty-format react-is@18.3.1 OK for: pretty-format@29.7.0 want: ^18.0.0
3090 silly placeDep ROOT kleur@3.0.3 OK for: prompts@2.4.2 want: ^3.0.3
3091 silly placeDep ROOT sisteransi@1.0.5 OK for: prompts@2.4.2 want: ^1.0.5
3092 silly placeDep ROOT end-of-stream@1.4.5 OK for: pump@3.0.4 want: ^1.1.0
3093 silly placeDep ROOT once@1.4.0 OK for: pump@3.0.4 want: ^1.3.1
3094 silly fetch manifest once@^1.4.0
3095 silly packumentCache full:https://registry.npmjs.org/once cache-hit
3096 silly fetch manifest wrappy@1
3097 silly packumentCache full:https://registry.npmjs.org/wrappy cache-miss
3098 http fetch GET 200 https://registry.npmjs.org/wrappy 24ms (cache miss)
3099 silly packumentCache full:https://registry.npmjs.org/wrappy set size:undefined disposed:false
3100 silly placeDep ROOT wrappy@1.0.2 OK for: once@1.4.0 want: 1
3101 silly placeDep ROOT decode-uri-component@0.2.2 OK for: query-string@7.1.3 want: ^0.2.2
3102 silly placeDep ROOT filter-obj@1.1.0 OK for: query-string@7.1.3 want: ^1.1.0
3103 silly placeDep ROOT split-on-first@1.1.0 OK for: query-string@7.1.3 want: ^1.0.0
3104 silly placeDep ROOT strict-uri-encode@2.0.0 OK for: query-string@7.1.3 want: ^2.0.0
3105 silly placeDep ROOT inherits@2.0.4 OK for: queue@6.0.2 want: ~2.0.3
3106 silly placeDep ROOT scheduler@0.27.0 OK for: react-dom@19.2.0 want: ^0.27.0
3107 silly placeDep ROOT @jest/create-cache-key-function@29.7.0 OK for: react-native@0.83.6 want: ^29.7.0
3108 silly placeDep ROOT @react-native/assets-registry@0.83.6 OK for: react-native@0.83.6 want: 0.83.6
3109 silly placeDep ROOT @react-native/community-cli-plugin@0.83.6 OK for: react-native@0.83.6 want: 0.83.6
3110 silly placeDep ROOT @react-native/gradle-plugin@0.83.6 OK for: react-native@0.83.6 want: 0.83.6
3111 silly placeDep ROOT @react-native/js-polyfills@0.83.6 OK for: react-native@0.83.6 want: 0.83.6
3112 silly placeDep ROOT @react-native/virtualized-lists@0.83.6 OK for: react-native@0.83.6 want: 0.83.6
3113 silly placeDep ROOT abort-controller@3.0.0 OK for: react-native@0.83.6 want: ^3.0.0
3114 silly placeDep ROOT ansi-regex@5.0.1 OK for: react-native@0.83.6 want: ^5.0.0
3115 silly placeDep ROOT babel-jest@29.7.0 OK for: react-native@0.83.6 want: ^29.7.0
3116 silly placeDep node_modules/react-native babel-plugin-syntax-hermes-parser@0.32.0 OK for: react-native@0.83.6 want: 0.32.0
3117 silly placeDep node_modules/react-native commander@12.1.0 OK for: react-native@0.83.6 want: ^12.0.0
3118 silly placeDep node_modules/react-native glob@7.2.3 OK for: react-native@0.83.6 want: ^7.1.1
3119 silly placeDep ROOT hermes-compiler@0.14.1 OK for: react-native@0.83.6 want: 0.14.1
3120 silly placeDep ROOT jest-environment-node@29.7.0 OK for: react-native@0.83.6 want: ^29.7.0
3121 silly placeDep ROOT memoize-one@5.2.1 OK for: react-native@0.83.6 want: ^5.0.0
3122 silly placeDep ROOT promise@8.3.0 OK for: react-native@0.83.6 want: ^8.3.0
3123 silly placeDep ROOT react-devtools-core@6.1.5 OK for: react-native@0.83.6 want: ^6.1.5
3124 silly placeDep ROOT regenerator-runtime@0.13.11 OK for: react-native@0.83.6 want: ^0.13.2
3125 silly placeDep node_modules/react-native semver@7.7.4 OK for: react-native@0.83.6 want: ^7.1.3
3126 silly placeDep ROOT whatwg-fetch@3.6.20 OK for: react-native@0.83.6 want: ^3.0.0
3127 silly placeDep node_modules/react-native ws@7.5.10 OK for: react-native@0.83.6 want: ^7.5.10
3128 silly fetch manifest event-target-shim@^5.0.0
3129 silly packumentCache full:https://registry.npmjs.org/event-target-shim cache-miss
3130 silly fetch manifest slash@^3.0.0
3131 silly packumentCache full:https://registry.npmjs.org/slash cache-miss
3132 silly fetch manifest @jest/transform@^29.7.0
3133 silly packumentCache full:https://registry.npmjs.org/@jest%2ftransform cache-miss
3134 silly fetch manifest babel-preset-jest@^29.6.3
3135 silly packumentCache full:https://registry.npmjs.org/babel-preset-jest cache-miss
3136 silly fetch manifest @types/babel__core@^7.1.14
3137 silly packumentCache full:https://registry.npmjs.org/@types%2fbabel__core cache-miss
3138 silly fetch manifest babel-plugin-istanbul@^6.1.1
3139 silly packumentCache full:https://registry.npmjs.org/babel-plugin-istanbul cache-miss
3140 silly fetch manifest jest-mock@^29.7.0
3141 silly packumentCache full:https://registry.npmjs.org/jest-mock cache-miss
3142 silly fetch manifest @jest/environment@^29.7.0
3143 silly packumentCache full:https://registry.npmjs.org/@jest%2fenvironment cache-miss
3144 silly fetch manifest @jest/fake-timers@^29.7.0
3145 silly packumentCache full:https://registry.npmjs.org/@jest%2ffake-timers cache-miss
3146 http fetch GET 200 https://registry.npmjs.org/event-target-shim 30ms (cache miss)
3147 silly packumentCache full:https://registry.npmjs.org/event-target-shim set size:undefined disposed:false
3148 silly fetch manifest asap@~2.0.6
3149 silly packumentCache full:https://registry.npmjs.org/asap cache-miss
3150 http fetch GET 200 https://registry.npmjs.org/babel-plugin-istanbul 31ms (cache miss)
3151 silly packumentCache full:https://registry.npmjs.org/babel-plugin-istanbul set size:undefined disposed:false
3152 silly fetch manifest ws@^7
3153 silly packumentCache full:https://registry.npmjs.org/ws cache-hit
3154 silly fetch manifest shell-quote@^1.6.1
3155 silly packumentCache full:https://registry.npmjs.org/shell-quote cache-miss
3156 http fetch GET 200 https://registry.npmjs.org/slash 35ms (cache miss)
3157 silly packumentCache full:https://registry.npmjs.org/slash set size:undefined disposed:false
3158 http fetch GET 200 https://registry.npmjs.org/@types%2fbabel__core 34ms (cache miss)
3159 silly packumentCache full:https://registry.npmjs.org/@types%2fbabel__core set size:undefined disposed:false
3160 http fetch GET 200 https://registry.npmjs.org/jest-mock 41ms (cache miss)
3161 silly packumentCache full:https://registry.npmjs.org/jest-mock set size:undefined disposed:false
3162 http fetch GET 200 https://registry.npmjs.org/@jest%2ffake-timers 47ms (cache miss)
3163 silly packumentCache full:https://registry.npmjs.org/@jest%2ffake-timers set size:undefined disposed:false
3164 http fetch GET 200 https://registry.npmjs.org/babel-preset-jest 51ms (cache miss)
3165 silly packumentCache full:https://registry.npmjs.org/babel-preset-jest set size:undefined disposed:false
3166 http fetch GET 200 https://registry.npmjs.org/shell-quote 24ms (cache miss)
3167 silly packumentCache full:https://registry.npmjs.org/shell-quote set size:undefined disposed:false
3168 http fetch GET 200 https://registry.npmjs.org/asap 27ms (cache miss)
3169 silly packumentCache full:https://registry.npmjs.org/asap set size:undefined disposed:false
3170 http fetch GET 200 https://registry.npmjs.org/@jest%2fenvironment 58ms (cache miss)
3171 silly packumentCache full:https://registry.npmjs.org/@jest%2fenvironment set size:undefined disposed:false
3172 http fetch GET 200 https://registry.npmjs.org/@jest%2ftransform 211ms (cache miss)
3173 silly packumentCache full:https://registry.npmjs.org/@jest%2ftransform set size:undefined disposed:false
3174 silly placeDep node_modules/@react-native/community-cli-plugin semver@7.7.4 OK for: @react-native/community-cli-plugin@0.83.6 want: ^7.1.3
3175 silly placeDep ROOT event-target-shim@5.0.1 OK for: abort-controller@3.0.0 want: ^5.0.0
3176 silly placeDep ROOT @jest/transform@29.7.0 OK for: babel-jest@29.7.0 want: ^29.7.0
3177 silly placeDep ROOT @types/babel__core@7.20.5 OK for: babel-jest@29.7.0 want: ^7.1.14
3178 silly placeDep ROOT babel-plugin-istanbul@6.1.1 OK for: babel-jest@29.7.0 want: ^6.1.1
3179 silly placeDep ROOT babel-preset-jest@29.6.3 OK for: babel-jest@29.7.0 want: ^29.6.3
3180 silly placeDep ROOT slash@3.0.0 OK for: babel-jest@29.7.0 want: ^3.0.0
3181 silly fetch manifest pirates@^4.0.4
3182 silly packumentCache full:https://registry.npmjs.org/pirates cache-miss
3183 silly fetch manifest jest-haste-map@^29.7.0
3184 silly packumentCache full:https://registry.npmjs.org/jest-haste-map cache-miss
3185 silly fetch manifest jest-regex-util@^29.6.3
3186 silly packumentCache full:https://registry.npmjs.org/jest-regex-util cache-miss
3187 silly fetch manifest write-file-atomic@^4.0.2
3188 silly packumentCache full:https://registry.npmjs.org/write-file-atomic cache-miss
3189 silly fetch manifest fast-json-stable-stringify@^2.1.0
3190 silly packumentCache full:https://registry.npmjs.org/fast-json-stable-stringify cache-miss
3191 silly fetch manifest @types/babel__template@*
3192 silly packumentCache full:https://registry.npmjs.org/@types%2fbabel__template cache-miss
3193 silly fetch manifest @types/babel__traverse@*
3194 silly packumentCache full:https://registry.npmjs.org/@types%2fbabel__traverse cache-miss
3195 silly fetch manifest @types/babel__generator@*
3196 silly packumentCache full:https://registry.npmjs.org/@types%2fbabel__generator cache-miss
3197 silly fetch manifest test-exclude@^6.0.0
3198 silly packumentCache full:https://registry.npmjs.org/test-exclude cache-miss
3199 http fetch GET 200 https://registry.npmjs.org/write-file-atomic 30ms (cache miss)
3200 silly packumentCache full:https://registry.npmjs.org/write-file-atomic set size:undefined disposed:false
3201 silly fetch manifest @istanbuljs/schema@^0.1.2
3202 silly packumentCache full:https://registry.npmjs.org/@istanbuljs%2fschema cache-miss
3203 http fetch GET 200 https://registry.npmjs.org/test-exclude 32ms (cache miss)
3204 silly packumentCache full:https://registry.npmjs.org/test-exclude set size:undefined disposed:false
3205 silly fetch manifest istanbul-lib-instrument@^5.0.4
3206 silly packumentCache full:https://registry.npmjs.org/istanbul-lib-instrument cache-miss
3207 http fetch GET 200 https://registry.npmjs.org/fast-json-stable-stringify 35ms (cache miss)
3208 silly packumentCache full:https://registry.npmjs.org/fast-json-stable-stringify set size:undefined disposed:false
3209 silly fetch manifest @istanbuljs/load-nyc-config@^1.0.0
3210 silly packumentCache full:https://registry.npmjs.org/@istanbuljs%2fload-nyc-config cache-miss
3211 http fetch GET 200 https://registry.npmjs.org/jest-regex-util 36ms (cache miss)
3212 silly packumentCache full:https://registry.npmjs.org/jest-regex-util set size:undefined disposed:false
3213 silly fetch manifest babel-plugin-jest-hoist@^29.6.3
3214 silly packumentCache full:https://registry.npmjs.org/babel-plugin-jest-hoist cache-miss
3215 http fetch GET 200 https://registry.npmjs.org/@types%2fbabel__generator 38ms (cache miss)
3216 silly packumentCache full:https://registry.npmjs.org/@types%2fbabel__generator set size:undefined disposed:false
3217 silly fetch manifest babel-preset-current-node-syntax@^1.0.0
3218 silly packumentCache full:https://registry.npmjs.org/babel-preset-current-node-syntax cache-miss
3219 http fetch GET 200 https://registry.npmjs.org/@types%2fbabel__traverse 40ms (cache miss)
3220 silly packumentCache full:https://registry.npmjs.org/@types%2fbabel__traverse set size:undefined disposed:false
3221 http fetch GET 200 https://registry.npmjs.org/jest-haste-map 45ms (cache miss)
3222 silly packumentCache full:https://registry.npmjs.org/jest-haste-map set size:undefined disposed:false
3223 http fetch GET 200 https://registry.npmjs.org/@types%2fbabel__template 52ms (cache miss)
3224 silly packumentCache full:https://registry.npmjs.org/@types%2fbabel__template set size:undefined disposed:false
3225 http fetch GET 200 https://registry.npmjs.org/pirates 52ms (cache miss)
3226 silly packumentCache full:https://registry.npmjs.org/pirates set size:undefined disposed:false
3227 http fetch GET 200 https://registry.npmjs.org/istanbul-lib-instrument 30ms (cache miss)
3228 silly packumentCache full:https://registry.npmjs.org/istanbul-lib-instrument set size:undefined disposed:false
3229 http fetch GET 200 https://registry.npmjs.org/@istanbuljs%2fschema 41ms (cache miss)
3230 silly packumentCache full:https://registry.npmjs.org/@istanbuljs%2fschema set size:undefined disposed:false
3231 http fetch GET 200 https://registry.npmjs.org/@istanbuljs%2fload-nyc-config 39ms (cache miss)
3232 silly packumentCache full:https://registry.npmjs.org/@istanbuljs%2fload-nyc-config set size:undefined disposed:false
3233 http fetch GET 200 https://registry.npmjs.org/babel-preset-current-node-syntax 35ms (cache miss)
3234 silly packumentCache full:https://registry.npmjs.org/babel-preset-current-node-syntax set size:undefined disposed:false
3235 http fetch GET 200 https://registry.npmjs.org/babel-plugin-jest-hoist 54ms (cache miss)
3236 silly packumentCache full:https://registry.npmjs.org/babel-plugin-jest-hoist set size:undefined disposed:false
3237 silly placeDep ROOT fast-json-stable-stringify@2.1.0 OK for: @jest/transform@29.7.0 want: ^2.1.0
3238 silly placeDep ROOT jest-haste-map@29.7.0 OK for: @jest/transform@29.7.0 want: ^29.7.0
3239 silly placeDep ROOT jest-regex-util@29.6.3 OK for: @jest/transform@29.7.0 want: ^29.6.3
3240 silly placeDep ROOT pirates@4.0.7 OK for: @jest/transform@29.7.0 want: ^4.0.4
3241 silly placeDep ROOT write-file-atomic@4.0.2 OK for: @jest/transform@29.7.0 want: ^4.0.2
3242 silly fetch manifest anymatch@^3.0.3
3243 silly packumentCache full:https://registry.npmjs.org/anymatch cache-miss
3244 silly fetch manifest @types/graceful-fs@^4.1.3
3245 silly packumentCache full:https://registry.npmjs.org/@types%2fgraceful-fs cache-miss
3246 silly fetch manifest fsevents@^2.3.2
3247 silly packumentCache full:https://registry.npmjs.org/fsevents cache-miss
3248 silly fetch manifest imurmurhash@^0.1.4
3249 silly packumentCache full:https://registry.npmjs.org/imurmurhash cache-miss
3250 silly fetch manifest signal-exit@^3.0.7
3251 silly packumentCache full:https://registry.npmjs.org/signal-exit cache-miss
3252 http cache https://registry.npmjs.org/signal-exit 2ms (cache hit)
3253 silly packumentCache full:https://registry.npmjs.org/signal-exit set size:53489 disposed:false
3254 http fetch GET 200 https://registry.npmjs.org/fsevents 29ms (cache miss)
3255 silly packumentCache full:https://registry.npmjs.org/fsevents set size:undefined disposed:false
3256 http fetch GET 200 https://registry.npmjs.org/@types%2fgraceful-fs 32ms (cache miss)
3257 silly packumentCache full:https://registry.npmjs.org/@types%2fgraceful-fs set size:undefined disposed:false
3258 http fetch GET 200 https://registry.npmjs.org/anymatch 33ms (cache miss)
3259 silly packumentCache full:https://registry.npmjs.org/anymatch set size:undefined disposed:false
3260 http fetch GET 200 https://registry.npmjs.org/imurmurhash 35ms (cache miss)
3261 silly packumentCache full:https://registry.npmjs.org/imurmurhash set size:undefined disposed:false
3262 silly placeDep ROOT @types/babel__generator@7.27.0 OK for: @types/babel__core@7.20.5 want: *
3263 silly placeDep ROOT @types/babel__template@7.4.4 OK for: @types/babel__core@7.20.5 want: *
3264 silly placeDep ROOT @types/babel__traverse@7.28.0 OK for: @types/babel__core@7.20.5 want: *
3265 silly placeDep ROOT @istanbuljs/load-nyc-config@1.1.0 OK for: babel-plugin-istanbul@6.1.1 want: ^1.0.0
3266 silly placeDep ROOT @istanbuljs/schema@0.1.6 OK for: babel-plugin-istanbul@6.1.1 want: ^0.1.2
3267 silly placeDep ROOT istanbul-lib-instrument@5.2.1 OK for: babel-plugin-istanbul@6.1.1 want: ^5.0.4
3268 silly placeDep ROOT test-exclude@6.0.0 OK for: babel-plugin-istanbul@6.1.1 want: ^6.0.0
3269 silly fetch manifest camelcase@^5.3.1
3270 silly packumentCache full:https://registry.npmjs.org/camelcase cache-miss
3271 silly fetch manifest find-up@^4.1.0
3272 silly packumentCache full:https://registry.npmjs.org/find-up cache-miss
3273 silly fetch manifest get-package-type@^0.1.0
3274 silly packumentCache full:https://registry.npmjs.org/get-package-type cache-miss
3275 silly fetch manifest js-yaml@^3.13.1
3276 silly packumentCache full:https://registry.npmjs.org/js-yaml cache-miss
3277 silly fetch manifest istanbul-lib-coverage@^3.2.0
3278 silly packumentCache full:https://registry.npmjs.org/istanbul-lib-coverage cache-miss
3279 silly fetch manifest glob@^7.1.4
3280 silly packumentCache full:https://registry.npmjs.org/glob cache-hit
3281 silly fetch manifest minimatch@^3.0.4
3282 silly packumentCache full:https://registry.npmjs.org/minimatch cache-hit
3283 http cache https://registry.npmjs.org/camelcase 4ms (cache hit)
3284 silly packumentCache full:https://registry.npmjs.org/camelcase set size:60255 disposed:false
3285 http cache https://registry.npmjs.org/js-yaml 4ms (cache hit)
3286 silly packumentCache full:https://registry.npmjs.org/js-yaml set size:152232 disposed:false
3287 http fetch GET 200 https://registry.npmjs.org/get-package-type 25ms (cache miss)
3288 silly packumentCache full:https://registry.npmjs.org/get-package-type set size:undefined disposed:false
3289 http fetch GET 200 https://registry.npmjs.org/istanbul-lib-coverage 25ms (cache miss)
3290 silly packumentCache full:https://registry.npmjs.org/istanbul-lib-coverage set size:undefined disposed:false
3291 http fetch GET 200 https://registry.npmjs.org/find-up 37ms (cache miss)
3292 silly packumentCache full:https://registry.npmjs.org/find-up set size:undefined disposed:false
3293 silly placeDep node_modules/@istanbuljs/load-nyc-config camelcase@5.3.1 OK for: @istanbuljs/load-nyc-config@1.1.0 want: ^5.3.1
3294 silly placeDep ROOT find-up@4.1.0 OK for: @istanbuljs/load-nyc-config@1.1.0 want: ^4.1.0
3295 silly placeDep ROOT get-package-type@0.1.0 OK for: @istanbuljs/load-nyc-config@1.1.0 want: ^0.1.0
3296 silly placeDep node_modules/@istanbuljs/load-nyc-config js-yaml@3.14.2 OK for: @istanbuljs/load-nyc-config@1.1.0 want: ^3.13.1
3297 silly fetch manifest locate-path@^5.0.0
3298 silly packumentCache full:https://registry.npmjs.org/locate-path cache-miss
3299 silly fetch manifest path-exists@^4.0.0
3300 silly packumentCache full:https://registry.npmjs.org/path-exists cache-miss
3301 silly fetch manifest esprima@^4.0.0
3302 silly packumentCache full:https://registry.npmjs.org/esprima cache-miss
3303 silly fetch manifest argparse@^1.0.7
3304 silly packumentCache full:https://registry.npmjs.org/argparse cache-miss
3305 http cache https://registry.npmjs.org/argparse 1ms (cache hit)
3306 silly packumentCache full:https://registry.npmjs.org/argparse set size:49266 disposed:false
3307 http fetch GET 200 https://registry.npmjs.org/esprima 27ms (cache miss)
3308 silly packumentCache full:https://registry.npmjs.org/esprima set size:undefined disposed:false
3309 http fetch GET 200 https://registry.npmjs.org/locate-path 28ms (cache miss)
3310 silly packumentCache full:https://registry.npmjs.org/locate-path set size:undefined disposed:false
3311 http fetch GET 200 https://registry.npmjs.org/path-exists 31ms (cache miss)
3312 silly packumentCache full:https://registry.npmjs.org/path-exists set size:undefined disposed:false
3313 silly placeDep ROOT babel-plugin-jest-hoist@29.6.3 OK for: babel-preset-jest@29.6.3 want: ^29.6.3
3314 silly placeDep ROOT babel-preset-current-node-syntax@1.2.0 OK for: babel-preset-jest@29.6.3 want: ^1.0.0
3315 silly fetch manifest @babel/plugin-syntax-async-generators@^7.8.4
3316 silly packumentCache full:https://registry.npmjs.org/@babel%2fplugin-syntax-async-generators cache-miss
3317 silly fetch manifest @babel/plugin-syntax-bigint@^7.8.3
3318 silly packumentCache full:https://registry.npmjs.org/@babel%2fplugin-syntax-bigint cache-miss
3319 silly fetch manifest @babel/plugin-syntax-class-properties@^7.12.13
3320 silly packumentCache full:https://registry.npmjs.org/@babel%2fplugin-syntax-class-properties cache-miss
3321 silly fetch manifest @babel/plugin-syntax-class-static-block@^7.14.5
3322 silly packumentCache full:https://registry.npmjs.org/@babel%2fplugin-syntax-class-static-block cache-miss
3323 silly fetch manifest @babel/plugin-syntax-import-attributes@^7.24.7
3324 silly packumentCache full:https://registry.npmjs.org/@babel%2fplugin-syntax-import-attributes cache-miss
3325 silly fetch manifest @babel/plugin-syntax-import-meta@^7.10.4
3326 silly packumentCache full:https://registry.npmjs.org/@babel%2fplugin-syntax-import-meta cache-miss
3327 silly fetch manifest @babel/plugin-syntax-json-strings@^7.8.3
3328 silly packumentCache full:https://registry.npmjs.org/@babel%2fplugin-syntax-json-strings cache-miss
3329 silly fetch manifest @babel/plugin-syntax-logical-assignment-operators@^7.10.4
3330 silly packumentCache full:https://registry.npmjs.org/@babel%2fplugin-syntax-logical-assignment-operators cache-miss
3331 silly fetch manifest @babel/plugin-syntax-numeric-separator@^7.10.4
3332 silly packumentCache full:https://registry.npmjs.org/@babel%2fplugin-syntax-numeric-separator cache-miss
3333 http fetch GET 200 https://registry.npmjs.org/@babel%2fplugin-syntax-json-strings 35ms (cache miss)
3334 silly packumentCache full:https://registry.npmjs.org/@babel%2fplugin-syntax-json-strings set size:undefined disposed:false
3335 silly fetch manifest @babel/plugin-syntax-object-rest-spread@^7.8.3
3336 silly packumentCache full:https://registry.npmjs.org/@babel%2fplugin-syntax-object-rest-spread cache-miss
3337 http fetch GET 200 https://registry.npmjs.org/@babel%2fplugin-syntax-class-static-block 37ms (cache miss)
3338 silly packumentCache full:https://registry.npmjs.org/@babel%2fplugin-syntax-class-static-block set size:undefined disposed:false
3339 silly fetch manifest @babel/plugin-syntax-optional-catch-binding@^7.8.3
3340 silly packumentCache full:https://registry.npmjs.org/@babel%2fplugin-syntax-optional-catch-binding cache-miss
3341 http fetch GET 200 https://registry.npmjs.org/@babel%2fplugin-syntax-async-generators 38ms (cache miss)
3342 silly packumentCache full:https://registry.npmjs.org/@babel%2fplugin-syntax-async-generators set size:undefined disposed:false
3343 silly fetch manifest @babel/plugin-syntax-private-property-in-object@^7.14.5
3344 silly packumentCache full:https://registry.npmjs.org/@babel%2fplugin-syntax-private-property-in-object cache-miss
3345 http fetch GET 200 https://registry.npmjs.org/@babel%2fplugin-syntax-bigint 39ms (cache miss)
3346 silly packumentCache full:https://registry.npmjs.org/@babel%2fplugin-syntax-bigint set size:undefined disposed:false
3347 silly fetch manifest @babel/plugin-syntax-top-level-await@^7.14.5
3348 silly packumentCache full:https://registry.npmjs.org/@babel%2fplugin-syntax-top-level-await cache-miss
3349 http fetch GET 200 https://registry.npmjs.org/@babel%2fplugin-syntax-logical-assignment-operators 39ms (cache miss)
3350 silly packumentCache full:https://registry.npmjs.org/@babel%2fplugin-syntax-logical-assignment-operators set size:undefined disposed:false
3351 http fetch GET 200 https://registry.npmjs.org/@babel%2fplugin-syntax-import-meta 41ms (cache miss)
3352 silly packumentCache full:https://registry.npmjs.org/@babel%2fplugin-syntax-import-meta set size:undefined disposed:false
3353 http fetch GET 200 https://registry.npmjs.org/@babel%2fplugin-syntax-class-properties 44ms (cache miss)
3354 silly packumentCache full:https://registry.npmjs.org/@babel%2fplugin-syntax-class-properties set size:undefined disposed:false
3355 http fetch GET 200 https://registry.npmjs.org/@babel%2fplugin-syntax-import-attributes 52ms (cache miss)
3356 silly packumentCache full:https://registry.npmjs.org/@babel%2fplugin-syntax-import-attributes set size:undefined disposed:false
3357 http fetch GET 200 https://registry.npmjs.org/@babel%2fplugin-syntax-numeric-separator 54ms (cache miss)
3358 silly packumentCache full:https://registry.npmjs.org/@babel%2fplugin-syntax-numeric-separator set size:undefined disposed:false
3359 http fetch GET 200 https://registry.npmjs.org/@babel%2fplugin-syntax-private-property-in-object 27ms (cache miss)
3360 silly packumentCache full:https://registry.npmjs.org/@babel%2fplugin-syntax-private-property-in-object set size:undefined disposed:false
3361 http fetch GET 200 https://registry.npmjs.org/@babel%2fplugin-syntax-top-level-await 29ms (cache miss)
3362 silly packumentCache full:https://registry.npmjs.org/@babel%2fplugin-syntax-top-level-await set size:undefined disposed:false
3363 http fetch GET 200 https://registry.npmjs.org/@babel%2fplugin-syntax-optional-catch-binding 46ms (cache miss)
3364 silly packumentCache full:https://registry.npmjs.org/@babel%2fplugin-syntax-optional-catch-binding set size:undefined disposed:false
3365 http fetch GET 200 https://registry.npmjs.org/@babel%2fplugin-syntax-object-rest-spread 183ms (cache miss)
3366 silly packumentCache full:https://registry.npmjs.org/@babel%2fplugin-syntax-object-rest-spread set size:undefined disposed:false
3367 silly placeDep ROOT @babel/plugin-syntax-async-generators@7.8.4 OK for: babel-preset-current-node-syntax@1.2.0 want: ^7.8.4
3368 silly placeDep ROOT @babel/plugin-syntax-bigint@7.8.3 OK for: babel-preset-current-node-syntax@1.2.0 want: ^7.8.3
3369 silly placeDep ROOT @babel/plugin-syntax-class-properties@7.12.13 OK for: babel-preset-current-node-syntax@1.2.0 want: ^7.12.13
3370 silly placeDep ROOT @babel/plugin-syntax-class-static-block@7.14.5 OK for: babel-preset-current-node-syntax@1.2.0 want: ^7.14.5
3371 silly placeDep ROOT @babel/plugin-syntax-import-attributes@7.28.6 OK for: babel-preset-current-node-syntax@1.2.0 want: ^7.24.7
3372 silly placeDep ROOT @babel/plugin-syntax-import-meta@7.10.4 OK for: babel-preset-current-node-syntax@1.2.0 want: ^7.10.4
3373 silly placeDep ROOT @babel/plugin-syntax-json-strings@7.8.3 OK for: babel-preset-current-node-syntax@1.2.0 want: ^7.8.3
3374 silly placeDep ROOT @babel/plugin-syntax-logical-assignment-operators@7.10.4 OK for: babel-preset-current-node-syntax@1.2.0 want: ^7.10.4
3375 silly placeDep ROOT @babel/plugin-syntax-numeric-separator@7.10.4 OK for: babel-preset-current-node-syntax@1.2.0 want: ^7.10.4
3376 silly placeDep ROOT @babel/plugin-syntax-object-rest-spread@7.8.3 OK for: babel-preset-current-node-syntax@1.2.0 want: ^7.8.3
3377 silly placeDep ROOT @babel/plugin-syntax-optional-catch-binding@7.8.3 OK for: babel-preset-current-node-syntax@1.2.0 want: ^7.8.3
3378 silly placeDep ROOT @babel/plugin-syntax-private-property-in-object@7.14.5 OK for: babel-preset-current-node-syntax@1.2.0 want: ^7.14.5
3379 silly placeDep ROOT @babel/plugin-syntax-top-level-await@7.14.5 OK for: babel-preset-current-node-syntax@1.2.0 want: ^7.14.5
3380 silly placeDep ROOT locate-path@5.0.0 OK for: find-up@4.1.0 want: ^5.0.0
3381 silly placeDep ROOT path-exists@4.0.0 OK for: find-up@4.1.0 want: ^4.0.0
3382 silly fetch manifest p-locate@^4.1.0
3383 silly packumentCache full:https://registry.npmjs.org/p-locate cache-miss
3384 http fetch GET 200 https://registry.npmjs.org/p-locate 29ms (cache miss)
3385 silly packumentCache full:https://registry.npmjs.org/p-locate set size:undefined disposed:false
3386 silly placeDep ROOT istanbul-lib-coverage@3.2.2 OK for: istanbul-lib-instrument@5.2.1 want: ^3.2.0
3387 silly placeDep ROOT @jest/environment@29.7.0 OK for: jest-environment-node@29.7.0 want: ^29.7.0
3388 silly placeDep ROOT @jest/fake-timers@29.7.0 OK for: jest-environment-node@29.7.0 want: ^29.7.0
3389 silly placeDep ROOT jest-mock@29.7.0 OK for: jest-environment-node@29.7.0 want: ^29.7.0
3390 silly fetch manifest jest-message-util@^29.7.0
3391 silly packumentCache full:https://registry.npmjs.org/jest-message-util cache-miss
3392 silly fetch manifest @sinonjs/fake-timers@^10.0.2
3393 silly packumentCache full:https://registry.npmjs.org/@sinonjs%2ffake-timers cache-miss
3394 http fetch GET 200 https://registry.npmjs.org/jest-message-util 37ms (cache miss)
3395 silly packumentCache full:https://registry.npmjs.org/jest-message-util set size:undefined disposed:false
3396 http fetch GET 200 https://registry.npmjs.org/@sinonjs%2ffake-timers 64ms (cache miss)
3397 silly packumentCache full:https://registry.npmjs.org/@sinonjs%2ffake-timers set size:undefined disposed:false
3398 silly placeDep ROOT @sinonjs/fake-timers@10.3.0 OK for: @jest/fake-timers@29.7.0 want: ^10.0.2
3399 silly placeDep ROOT jest-message-util@29.7.0 OK for: @jest/fake-timers@29.7.0 want: ^29.7.0
3400 silly fetch manifest @sinonjs/commons@^3.0.0
3401 silly packumentCache full:https://registry.npmjs.org/@sinonjs%2fcommons cache-miss
3402 silly fetch manifest stack-utils@^2.0.3
3403 silly packumentCache full:https://registry.npmjs.org/stack-utils cache-miss
3404 silly fetch manifest @types/stack-utils@^2.0.0
3405 silly packumentCache full:https://registry.npmjs.org/@types%2fstack-utils cache-miss
3406 http fetch GET 200 https://registry.npmjs.org/@types%2fstack-utils 30ms (cache miss)
3407 silly packumentCache full:https://registry.npmjs.org/@types%2fstack-utils set size:undefined disposed:false
3408 http fetch GET 200 https://registry.npmjs.org/@sinonjs%2fcommons 41ms (cache miss)
3409 silly packumentCache full:https://registry.npmjs.org/@sinonjs%2fcommons set size:undefined disposed:false
3410 http fetch GET 200 https://registry.npmjs.org/stack-utils 61ms (cache miss)
3411 silly packumentCache full:https://registry.npmjs.org/stack-utils set size:undefined disposed:false
3412 silly placeDep ROOT @sinonjs/commons@3.0.1 OK for: @sinonjs/fake-timers@10.3.0 want: ^3.0.0
3413 silly fetch manifest type-detect@4.0.8
3414 silly packumentCache full:https://registry.npmjs.org/type-detect cache-miss
3415 http fetch GET 200 https://registry.npmjs.org/type-detect 24ms (cache miss)
3416 silly packumentCache full:https://registry.npmjs.org/type-detect set size:undefined disposed:false
3417 silly placeDep ROOT type-detect@4.0.8 OK for: @sinonjs/commons@3.0.1 want: 4.0.8
3418 silly placeDep ROOT @types/graceful-fs@4.1.9 OK for: jest-haste-map@29.7.0 want: ^4.1.3
3419 silly placeDep ROOT anymatch@3.1.3 OK for: jest-haste-map@29.7.0 want: ^3.0.3
3420 silly placeDep ROOT fsevents@2.3.3 OK for: jest-haste-map@29.7.0 want: ^2.3.2
3421 silly fetch manifest picomatch@^2.0.4
3422 silly packumentCache full:https://registry.npmjs.org/picomatch cache-hit
3423 silly placeDep ROOT normalize-path@3.0.0 OK for: anymatch@3.1.3 want: ^3.0.0
3424 silly placeDep node_modules/anymatch picomatch@2.3.2 OK for: anymatch@3.1.3 want: ^2.0.4
3425 silly placeDep ROOT @types/stack-utils@2.0.3 OK for: jest-message-util@29.7.0 want: ^2.0.0
3426 silly placeDep ROOT stack-utils@2.0.6 OK for: jest-message-util@29.7.0 want: ^2.0.3
3427 silly fetch manifest escape-string-regexp@^2.0.0
3428 silly packumentCache full:https://registry.npmjs.org/escape-string-regexp cache-hit
3429 silly placeDep ROOT p-locate@4.1.0 OK for: locate-path@5.0.0 want: ^4.1.0
3430 silly fetch manifest p-limit@^2.2.0
3431 silly packumentCache full:https://registry.npmjs.org/p-limit cache-miss
3432 http fetch GET 200 https://registry.npmjs.org/p-limit 22ms (cache miss)
3433 silly packumentCache full:https://registry.npmjs.org/p-limit set size:undefined disposed:false
3434 silly placeDep ROOT p-limit@2.3.0 OK for: p-locate@4.1.0 want: ^2.2.0
3435 silly fetch manifest p-try@^2.0.0
3436 silly packumentCache full:https://registry.npmjs.org/p-try cache-miss
3437 http fetch GET 200 https://registry.npmjs.org/p-try 23ms (cache miss)
3438 silly packumentCache full:https://registry.npmjs.org/p-try set size:undefined disposed:false
3439 silly placeDep ROOT p-try@2.2.0 OK for: p-limit@2.3.0 want: ^2.0.0
3440 silly placeDep ROOT asap@2.0.6 OK for: promise@8.3.0 want: ~2.0.6
3441 silly placeDep ROOT shell-quote@1.8.3 OK for: react-devtools-core@6.1.5 want: ^1.6.1
3442 silly placeDep node_modules/react-devtools-core ws@7.5.10 OK for: react-devtools-core@6.1.5 want: ^7
3443 silly placeDep ROOT fast-base64-decode@1.0.0 OK for: react-native-get-random-values@1.11.0 want: ^1.0.0
3444 silly placeDep node_modules/react-native-reanimated react-native-is-edge-to-edge@1.2.1 OK for: react-native-reanimated@4.2.1 want: 1.2.1
3445 silly placeDep node_modules/react-native-reanimated semver@7.7.3 OK for: react-native-reanimated@4.2.1 want: 7.7.3
3446 silly placeDep ROOT react-freeze@1.0.4 OK for: react-native-screens@4.23.0 want: ^1.0.0
3447 silly placeDep ROOT css-select@5.2.2 OK for: react-native-svg@15.15.3 want: ^5.1.0
3448 silly placeDep ROOT css-tree@1.1.3 OK for: react-native-svg@15.15.3 want: ^1.1.3
3449 silly fetch manifest boolbase@^1.0.0
3450 silly packumentCache full:https://registry.npmjs.org/boolbase cache-miss
3451 silly fetch manifest css-what@^6.1.0
3452 silly packumentCache full:https://registry.npmjs.org/css-what cache-miss
3453 silly fetch manifest domutils@^3.0.1
3454 silly packumentCache full:https://registry.npmjs.org/domutils cache-miss
3455 silly fetch manifest nth-check@^2.0.1
3456 silly packumentCache full:https://registry.npmjs.org/nth-check cache-miss
3457 silly fetch manifest domhandler@^5.0.2
3458 silly packumentCache full:https://registry.npmjs.org/domhandler cache-miss
3459 silly fetch manifest mdn-data@2.0.14
3460 silly packumentCache full:https://registry.npmjs.org/mdn-data cache-miss
3461 silly fetch manifest source-map@^0.6.1
3462 silly packumentCache full:https://registry.npmjs.org/source-map cache-hit
3463 http fetch GET 200 https://registry.npmjs.org/boolbase 26ms (cache miss)
3464 silly packumentCache full:https://registry.npmjs.org/boolbase set size:undefined disposed:false
3465 http fetch GET 200 https://registry.npmjs.org/nth-check 27ms (cache miss)
3466 silly packumentCache full:https://registry.npmjs.org/nth-check set size:undefined disposed:false
3467 http fetch GET 200 https://registry.npmjs.org/css-what 29ms (cache miss)
3468 silly packumentCache full:https://registry.npmjs.org/css-what set size:undefined disposed:false
3469 http fetch GET 200 https://registry.npmjs.org/domhandler 33ms (cache miss)
3470 silly packumentCache full:https://registry.npmjs.org/domhandler set size:undefined disposed:false
3471 http fetch GET 200 https://registry.npmjs.org/mdn-data 34ms (cache miss)
3472 silly packumentCache full:https://registry.npmjs.org/mdn-data set size:undefined disposed:false
3473 http fetch GET 200 https://registry.npmjs.org/domutils 38ms (cache miss)
3474 silly packumentCache full:https://registry.npmjs.org/domutils set size:undefined disposed:false
3475 silly placeDep ROOT boolbase@1.0.0 OK for: css-select@5.2.2 want: ^1.0.0
3476 silly placeDep ROOT css-what@6.2.2 OK for: css-select@5.2.2 want: ^6.1.0
3477 silly placeDep ROOT domhandler@5.0.3 OK for: css-select@5.2.2 want: ^5.0.2
3478 silly placeDep ROOT domutils@3.2.2 OK for: css-select@5.2.2 want: ^3.0.1
3479 silly placeDep ROOT nth-check@2.1.1 OK for: css-select@5.2.2 want: ^2.0.1
3480 silly fetch manifest domelementtype@^2.3.0
3481 silly packumentCache full:https://registry.npmjs.org/domelementtype cache-miss
3482 silly fetch manifest dom-serializer@^2.0.0
3483 silly packumentCache full:https://registry.npmjs.org/dom-serializer cache-miss
3484 silly fetch manifest domelementtype@^2.3.0
3485 silly packumentCache full:https://registry.npmjs.org/domelementtype cache-miss
3486 http fetch GET 200 https://registry.npmjs.org/domelementtype 22ms (cache miss)
3487 silly packumentCache full:https://registry.npmjs.org/domelementtype set size:undefined disposed:false
3488 http fetch GET 200 https://registry.npmjs.org/dom-serializer 23ms (cache miss)
3489 silly packumentCache full:https://registry.npmjs.org/dom-serializer set size:undefined disposed:false
3490 http fetch GET 200 https://registry.npmjs.org/domelementtype 27ms (cache miss)
3491 silly packumentCache full:https://registry.npmjs.org/domelementtype set size:undefined disposed:false
3492 silly placeDep ROOT mdn-data@2.0.14 OK for: css-tree@1.1.3 want: 2.0.14
3493 silly placeDep node_modules/css-tree source-map@0.6.1 OK for: css-tree@1.1.3 want: ^0.6.1
3494 silly placeDep ROOT domelementtype@2.3.0 OK for: domhandler@5.0.3 want: ^2.3.0
3495 silly placeDep ROOT dom-serializer@2.0.0 OK for: domutils@3.2.2 want: ^2.0.0
3496 silly fetch manifest entities@^4.2.0
3497 silly packumentCache full:https://registry.npmjs.org/entities cache-miss
3498 http fetch GET 200 https://registry.npmjs.org/entities 27ms (cache miss)
3499 silly packumentCache full:https://registry.npmjs.org/entities set size:undefined disposed:false
3500 silly placeDep ROOT entities@4.5.0 OK for: dom-serializer@2.0.0 want: ^4.2.0
3501 silly placeDep node_modules/react-native-web @react-native/normalize-colors@0.74.89 OK for: react-native-web@0.21.2 want: ^0.74.1
3502 silly placeDep ROOT fbjs@3.0.5 OK for: react-native-web@0.21.2 want: ^3.0.4
3503 silly placeDep ROOT inline-style-prefixer@7.0.1 OK for: react-native-web@0.21.2 want: ^7.0.1
3504 silly placeDep node_modules/react-native-web memoize-one@6.0.0 OK for: react-native-web@0.21.2 want: ^6.0.0
3505 silly placeDep ROOT styleq@0.1.3 OK for: react-native-web@0.21.2 want: ^0.1.3
3506 silly fetch manifest cross-fetch@^3.1.5
3507 silly packumentCache full:https://registry.npmjs.org/cross-fetch cache-miss
3508 silly fetch manifest fbjs-css-vars@^1.0.0
3509 silly packumentCache full:https://registry.npmjs.org/fbjs-css-vars cache-miss
3510 silly fetch manifest object-assign@^4.1.0
3511 silly packumentCache full:https://registry.npmjs.org/object-assign cache-miss
3512 silly fetch manifest promise@^7.1.1
3513 silly packumentCache full:https://registry.npmjs.org/promise cache-miss
3514 silly fetch manifest setimmediate@^1.0.5
3515 silly packumentCache full:https://registry.npmjs.org/setimmediate cache-miss
3516 silly fetch manifest ua-parser-js@^1.0.35
3517 silly packumentCache full:https://registry.npmjs.org/ua-parser-js cache-miss
3518 silly fetch manifest css-in-js-utils@^3.1.0
3519 silly packumentCache full:https://registry.npmjs.org/css-in-js-utils cache-miss
3520 http cache https://registry.npmjs.org/promise 8ms (cache hit)
3521 silly packumentCache full:https://registry.npmjs.org/promise set size:112704 disposed:false
3522 http fetch GET 200 https://registry.npmjs.org/css-in-js-utils 25ms (cache miss)
3523 silly packumentCache full:https://registry.npmjs.org/css-in-js-utils set size:undefined disposed:false
3524 http fetch GET 200 https://registry.npmjs.org/object-assign 30ms (cache miss)
3525 silly packumentCache full:https://registry.npmjs.org/object-assign set size:undefined disposed:false
3526 http fetch GET 200 https://registry.npmjs.org/cross-fetch 30ms (cache miss)
3527 silly packumentCache full:https://registry.npmjs.org/cross-fetch set size:undefined disposed:false
3528 http fetch GET 200 https://registry.npmjs.org/setimmediate 34ms (cache miss)
3529 silly packumentCache full:https://registry.npmjs.org/setimmediate set size:undefined disposed:false
3530 http fetch GET 200 https://registry.npmjs.org/fbjs-css-vars 34ms (cache miss)
3531 silly packumentCache full:https://registry.npmjs.org/fbjs-css-vars set size:undefined disposed:false
3532 http fetch GET 200 https://registry.npmjs.org/ua-parser-js 45ms (cache miss)
3533 silly packumentCache full:https://registry.npmjs.org/ua-parser-js set size:undefined disposed:false
3534 silly placeDep ROOT cross-fetch@3.2.0 OK for: fbjs@3.0.5 want: ^3.1.5
3535 silly placeDep ROOT fbjs-css-vars@1.0.2 OK for: fbjs@3.0.5 want: ^1.0.0
3536 silly placeDep ROOT object-assign@4.1.1 OK for: fbjs@3.0.5 want: ^4.1.0
3537 silly placeDep node_modules/fbjs promise@7.3.1 OK for: fbjs@3.0.5 want: ^7.1.1
3538 silly placeDep ROOT setimmediate@1.0.5 OK for: fbjs@3.0.5 want: ^1.0.5
3539 silly placeDep ROOT ua-parser-js@1.0.41 OK for: fbjs@3.0.5 want: ^1.0.35
3540 silly fetch manifest node-fetch@^2.7.0
3541 silly packumentCache full:https://registry.npmjs.org/node-fetch cache-miss
3542 http fetch GET 200 https://registry.npmjs.org/node-fetch 49ms (cache miss)
3543 silly packumentCache full:https://registry.npmjs.org/node-fetch set size:undefined disposed:false
3544 silly placeDep ROOT node-fetch@2.7.0 OK for: cross-fetch@3.2.0 want: ^2.7.0
3545 silly fetch manifest whatwg-url@^5.0.0
3546 silly packumentCache full:https://registry.npmjs.org/whatwg-url cache-miss
3547 http fetch GET 200 https://registry.npmjs.org/whatwg-url 28ms (cache miss)
3548 silly packumentCache full:https://registry.npmjs.org/whatwg-url set size:undefined disposed:false
3549 silly placeDep ROOT css-in-js-utils@3.1.0 OK for: inline-style-prefixer@7.0.1 want: ^3.1.0
3550 silly fetch manifest hyphenate-style-name@^1.0.3
3551 silly packumentCache full:https://registry.npmjs.org/hyphenate-style-name cache-miss
3552 http fetch GET 200 https://registry.npmjs.org/hyphenate-style-name 26ms (cache miss)
3553 silly packumentCache full:https://registry.npmjs.org/hyphenate-style-name set size:undefined disposed:false
3554 silly placeDep ROOT hyphenate-style-name@1.1.0 OK for: css-in-js-utils@3.1.0 want: ^1.0.3
3555 silly placeDep ROOT whatwg-url@5.0.0 OK for: node-fetch@2.7.0 want: ^5.0.0
3556 silly fetch manifest tr46@~0.0.3
3557 silly packumentCache full:https://registry.npmjs.org/tr46 cache-miss
3558 silly fetch manifest webidl-conversions@^3.0.0
3559 silly packumentCache full:https://registry.npmjs.org/webidl-conversions cache-miss
3560 http fetch GET 200 https://registry.npmjs.org/tr46 66ms (cache miss)
3561 silly packumentCache full:https://registry.npmjs.org/tr46 set size:undefined disposed:false
3562 http fetch GET 200 https://registry.npmjs.org/webidl-conversions 68ms (cache miss)
3563 silly packumentCache full:https://registry.npmjs.org/webidl-conversions set size:undefined disposed:false
3564 silly placeDep node_modules/react-native-worklets @babel/plugin-transform-class-properties@7.27.1 OK for: react-native-worklets@0.7.4 want: 7.27.1
3565 silly placeDep node_modules/react-native-worklets @babel/plugin-transform-classes@7.28.4 OK for: react-native-worklets@0.7.4 want: 7.28.4
3566 silly placeDep node_modules/react-native-worklets @babel/plugin-transform-nullish-coalescing-operator@7.27.1 OK for: react-native-worklets@0.7.4 want: 7.27.1
3567 silly placeDep node_modules/react-native-worklets @babel/plugin-transform-optional-chaining@7.27.1 OK for: react-native-worklets@0.7.4 want: 7.27.1
3568 silly placeDep ROOT @babel/plugin-transform-template-literals@7.27.1 OK for: react-native-worklets@0.7.4 want: 7.27.1
3569 silly placeDep node_modules/react-native-worklets @babel/preset-typescript@7.27.1 OK for: react-native-worklets@0.7.4 want: 7.27.1
3570 silly placeDep node_modules/react-native-worklets semver@7.7.3 OK for: react-native-worklets@0.7.4 want: 7.7.3
3571 silly placeDep ROOT regenerate@1.4.2 OK for: regexpu-core@6.4.0 want: ^1.4.2
3572 silly placeDep ROOT regenerate-unicode-properties@10.2.2 OK for: regexpu-core@6.4.0 want: ^10.2.2
3573 silly placeDep ROOT regjsgen@0.8.0 OK for: regexpu-core@6.4.0 want: ^0.8.0
3574 silly placeDep ROOT regjsparser@0.13.1 OK for: regexpu-core@6.4.0 want: ^0.13.0
3575 silly placeDep ROOT unicode-match-property-ecmascript@2.0.0 OK for: regexpu-core@6.4.0 want: ^2.0.0
3576 silly placeDep ROOT unicode-match-property-value-ecmascript@2.2.1 OK for: regexpu-core@6.4.0 want: ^2.2.1
3577 silly fetch manifest unicode-canonical-property-names-ecmascript@^2.0.0
3578 silly packumentCache full:https://registry.npmjs.org/unicode-canonical-property-names-ecmascript cache-miss
3579 silly fetch manifest unicode-property-aliases-ecmascript@^2.0.0
3580 silly packumentCache full:https://registry.npmjs.org/unicode-property-aliases-ecmascript cache-miss
3581 http fetch GET 200 https://registry.npmjs.org/unicode-property-aliases-ecmascript 32ms (cache miss)
3582 silly packumentCache full:https://registry.npmjs.org/unicode-property-aliases-ecmascript set size:undefined disposed:false
3583 http fetch GET 200 https://registry.npmjs.org/unicode-canonical-property-names-ecmascript 35ms (cache miss)
3584 silly packumentCache full:https://registry.npmjs.org/unicode-canonical-property-names-ecmascript set size:undefined disposed:false
3585 silly placeDep ROOT es-errors@1.3.0 OK for: resolve@1.22.12 want: ^1.3.0
3586 silly placeDep ROOT is-core-module@2.16.1 OK for: resolve@1.22.12 want: ^2.16.1
3587 silly placeDep ROOT path-parse@1.0.7 OK for: resolve@1.22.12 want: ^1.0.7
3588 silly placeDep ROOT supports-preserve-symlinks-flag@1.0.0 OK for: resolve@1.22.12 want: ^1.0.0
3589 silly fetch manifest hasown@^2.0.2
3590 silly packumentCache full:https://registry.npmjs.org/hasown cache-miss
3591 http fetch GET 200 https://registry.npmjs.org/hasown 26ms (cache miss)
3592 silly packumentCache full:https://registry.npmjs.org/hasown set size:undefined disposed:false
3593 silly placeDep ROOT hasown@2.0.3 OK for: is-core-module@2.16.1 want: ^2.0.2
3594 silly fetch manifest function-bind@^1.1.2
3595 silly packumentCache full:https://registry.npmjs.org/function-bind cache-miss
3596 http fetch GET 200 https://registry.npmjs.org/function-bind 32ms (cache miss)
3597 silly packumentCache full:https://registry.npmjs.org/function-bind set size:undefined disposed:false
3598 silly placeDep ROOT function-bind@1.1.2 OK for: hasown@2.0.3 want: ^1.1.2
3599 silly placeDep ROOT onetime@2.0.1 OK for: restore-cursor@2.0.0 want: ^2.0.0
3600 silly placeDep ROOT signal-exit@3.0.7 OK for: restore-cursor@2.0.0 want: ^3.0.2
3601 silly fetch manifest mimic-fn@^1.0.0
3602 silly packumentCache full:https://registry.npmjs.org/mimic-fn cache-miss
3603 http fetch GET 200 https://registry.npmjs.org/mimic-fn 22ms (cache miss)
3604 silly packumentCache full:https://registry.npmjs.org/mimic-fn set size:undefined disposed:false
3605 silly placeDep ROOT mimic-fn@1.2.0 OK for: onetime@2.0.1 want: ^1.0.0
3606 silly placeDep node_modules/rimraf glob@7.2.3 OK for: rimraf@3.0.2 want: ^7.1.3
3607 silly placeDep node_modules/send debug@2.6.9 OK for: send@0.19.2 want: 2.6.9
3608 silly placeDep ROOT depd@2.0.0 OK for: send@0.19.2 want: 2.0.0
3609 silly placeDep ROOT destroy@1.2.0 OK for: send@0.19.2 want: 1.2.0
3610 silly placeDep node_modules/send encodeurl@2.0.0 OK for: send@0.19.2 want: ~2.0.0
3611 silly placeDep ROOT etag@1.8.1 OK for: send@0.19.2 want: ~1.8.1
3612 silly placeDep ROOT fresh@0.5.2 OK for: send@0.19.2 want: ~0.5.2
3613 silly placeDep ROOT http-errors@2.0.1 OK for: send@0.19.2 want: ~2.0.1
3614 silly placeDep ROOT mime@1.6.0 OK for: send@0.19.2 want: 1.6.0
3615 silly placeDep node_modules/send on-finished@2.4.1 OK for: send@0.19.2 want: ~2.4.1
3616 silly placeDep ROOT range-parser@1.2.1 OK for: send@0.19.2 want: ~1.2.1
3617 silly placeDep node_modules/send statuses@2.0.2 OK for: send@0.19.2 want: ~2.0.2
3618 silly fetch manifest setprototypeof@~1.2.0
3619 silly packumentCache full:https://registry.npmjs.org/setprototypeof cache-miss
3620 silly fetch manifest toidentifier@~1.0.1
3621 silly packumentCache full:https://registry.npmjs.org/toidentifier cache-miss
3622 http fetch GET 200 https://registry.npmjs.org/setprototypeof 20ms (cache miss)
3623 silly packumentCache full:https://registry.npmjs.org/setprototypeof set size:undefined disposed:false
3624 http fetch GET 200 https://registry.npmjs.org/toidentifier 27ms (cache miss)
3625 silly packumentCache full:https://registry.npmjs.org/toidentifier set size:undefined disposed:false
3626 silly placeDep ROOT setprototypeof@1.2.0 OK for: http-errors@2.0.1 want: ~1.2.0
3627 silly placeDep node_modules/http-errors statuses@2.0.2 OK for: http-errors@2.0.1 want: ~2.0.2
3628 silly placeDep ROOT toidentifier@1.0.1 OK for: http-errors@2.0.1 want: ~1.0.1
3629 silly placeDep node_modules/serve-static encodeurl@2.0.0 OK for: serve-static@1.16.3 want: ~2.0.0
3630 silly placeDep ROOT shebang-regex@3.0.0 OK for: shebang-command@2.0.0 want: ^3.0.0
3631 silly placeDep ROOT is-arrayish@0.3.4 OK for: simple-swizzle@0.2.4 want: ^0.3.1
3632 silly placeDep ROOT buffer-from@1.1.2 OK for: source-map-support@0.5.21 want: ^1.0.0
3633 silly placeDep node_modules/source-map-support source-map@0.6.1 OK for: source-map-support@0.5.21 want: ^0.6.0
3634 silly placeDep node_modules/stack-utils escape-string-regexp@2.0.0 OK for: stack-utils@2.0.6 want: ^2.0.0
3635 silly placeDep ROOT type-fest@0.7.1 OK for: stacktrace-parser@0.1.11 want: ^0.7.1
3636 silly placeDep node_modules/strip-ansi ansi-regex@4.1.1 OK for: strip-ansi@5.2.0 want: ^4.1.0
3637 silly placeDep ROOT has-flag@4.0.0 OK for: supports-color@7.2.0 want: ^4.0.0
3638 silly placeDep ROOT @alloc/quick-lru@5.2.0 OK for: tailwindcss@3.3.2 want: ^5.2.0
3639 silly placeDep ROOT chokidar@3.6.0 OK for: tailwindcss@3.3.2 want: ^3.5.3
3640 silly placeDep ROOT didyoumean@1.2.2 OK for: tailwindcss@3.3.2 want: ^1.2.2
3641 silly placeDep ROOT dlv@1.1.3 OK for: tailwindcss@3.3.2 want: ^1.1.3
3642 silly placeDep ROOT fast-glob@3.3.3 OK for: tailwindcss@3.3.2 want: ^3.2.12
3643 silly placeDep ROOT glob-parent@6.0.2 OK for: tailwindcss@3.3.2 want: ^6.0.2
3644 silly placeDep ROOT is-glob@4.0.3 OK for: tailwindcss@3.3.2 want: ^4.0.3
3645 silly placeDep ROOT jiti@1.21.7 OK for: tailwindcss@3.3.2 want: ^1.18.2
3646 silly placeDep ROOT lilconfig@2.1.0 OK for: tailwindcss@3.3.2 want: ^2.1.0
3647 silly placeDep ROOT object-hash@3.0.0 OK for: tailwindcss@3.3.2 want: ^3.0.0
3648 silly placeDep ROOT postcss-import@15.1.0 OK for: tailwindcss@3.3.2 want: ^15.1.0
3649 silly placeDep ROOT postcss-js@4.1.0 OK for: tailwindcss@3.3.2 want: ^4.0.1
3650 silly placeDep ROOT postcss-load-config@4.0.2 OK for: tailwindcss@3.3.2 want: ^4.0.1
3651 silly placeDep node_modules/tailwindcss postcss-nested@6.2.0 OK for: tailwindcss@3.3.2 want: ^6.0.1
3652 silly placeDep ROOT sucrase@3.35.1 OK for: tailwindcss@3.3.2 want: ^3.32.0
3653 silly fetch manifest is-glob@~4.0.1
3654 silly packumentCache full:https://registry.npmjs.org/is-glob cache-miss
3655 silly fetch manifest readdirp@~3.6.0
3656 silly packumentCache full:https://registry.npmjs.org/readdirp cache-miss
3657 silly fetch manifest glob-parent@~5.1.2
3658 silly packumentCache full:https://registry.npmjs.org/glob-parent cache-miss
3659 silly fetch manifest is-binary-path@~2.1.0
3660 silly packumentCache full:https://registry.npmjs.org/is-binary-path cache-miss
3661 silly fetch manifest @nodelib/fs.stat@^2.0.2
3662 silly packumentCache full:https://registry.npmjs.org/@nodelib%2ffs.stat cache-miss
3663 silly fetch manifest @nodelib/fs.walk@^1.2.3
3664 silly packumentCache full:https://registry.npmjs.org/@nodelib%2ffs.walk cache-miss
3665 silly fetch manifest glob-parent@^5.1.2
3666 silly packumentCache full:https://registry.npmjs.org/glob-parent cache-miss
3667 silly fetch manifest merge2@^1.3.0
3668 silly packumentCache full:https://registry.npmjs.org/merge2 cache-miss
3669 silly fetch manifest is-extglob@^2.1.1
3670 silly packumentCache full:https://registry.npmjs.org/is-extglob cache-miss
3671 http cache https://registry.npmjs.org/is-glob 4ms (cache hit)
3672 silly packumentCache full:https://registry.npmjs.org/is-glob set size:40530 disposed:false
3673 silly fetch manifest read-cache@^1.0.0
3674 silly packumentCache full:https://registry.npmjs.org/read-cache cache-miss
3675 http cache https://registry.npmjs.org/glob-parent 4ms (cache hit)
3676 silly packumentCache full:https://registry.npmjs.org/glob-parent set size:42445 disposed:false
3677 silly fetch manifest camelcase-css@^2.0.1
3678 silly packumentCache full:https://registry.npmjs.org/camelcase-css cache-miss
3679 http cache https://registry.npmjs.org/glob-parent 6ms (cache hit)
3680 silly packumentCache full:https://registry.npmjs.org/glob-parent set size:42445 disposed:false
3681 silly packumentCache full:https://registry.npmjs.org/glob-parent dispose
3682 silly fetch manifest yaml@^2.3.4
3683 silly packumentCache full:https://registry.npmjs.org/yaml cache-hit
3684 silly fetch manifest lilconfig@^3.0.0
3685 silly packumentCache full:https://registry.npmjs.org/lilconfig cache-miss
3686 http cache https://registry.npmjs.org/lilconfig 1ms (cache hit)
3687 silly packumentCache full:https://registry.npmjs.org/lilconfig set size:45636 disposed:false
3688 silly fetch manifest commander@^4.0.0
3689 silly packumentCache full:https://registry.npmjs.org/commander cache-hit
3690 silly fetch manifest lines-and-columns@^1.1.6
3691 silly packumentCache full:https://registry.npmjs.org/lines-and-columns cache-miss
3692 http fetch GET 200 https://registry.npmjs.org/merge2 27ms (cache miss)
3693 silly packumentCache full:https://registry.npmjs.org/merge2 set size:undefined disposed:false
3694 silly fetch manifest mz@^2.7.0
3695 silly packumentCache full:https://registry.npmjs.org/mz cache-miss
3696 http fetch GET 200 https://registry.npmjs.org/read-cache 24ms (cache miss)
3697 silly packumentCache full:https://registry.npmjs.org/read-cache set size:undefined disposed:false
3698 silly fetch manifest tinyglobby@^0.2.11
3699 silly packumentCache full:https://registry.npmjs.org/tinyglobby cache-miss
3700 http fetch GET 200 https://registry.npmjs.org/camelcase-css 24ms (cache miss)
3701 silly packumentCache full:https://registry.npmjs.org/camelcase-css set size:undefined disposed:false
3702 silly fetch manifest ts-interface-checker@^0.1.9
3703 silly packumentCache full:https://registry.npmjs.org/ts-interface-checker cache-miss
3704 http fetch GET 200 https://registry.npmjs.org/readdirp 32ms (cache miss)
3705 silly packumentCache full:https://registry.npmjs.org/readdirp set size:undefined disposed:false
3706 http fetch GET 200 https://registry.npmjs.org/is-binary-path 33ms (cache miss)
3707 silly packumentCache full:https://registry.npmjs.org/is-binary-path set size:undefined disposed:false
3708 http fetch GET 200 https://registry.npmjs.org/lines-and-columns 27ms (cache miss)
3709 silly packumentCache full:https://registry.npmjs.org/lines-and-columns set size:undefined disposed:false
3710 http fetch GET 200 https://registry.npmjs.org/is-extglob 35ms (cache miss)
3711 silly packumentCache full:https://registry.npmjs.org/is-extglob set size:undefined disposed:false
3712 http fetch GET 200 https://registry.npmjs.org/@nodelib%2ffs.stat 43ms (cache miss)
3713 silly packumentCache full:https://registry.npmjs.org/@nodelib%2ffs.stat set size:undefined disposed:false
3714 http fetch GET 200 https://registry.npmjs.org/@nodelib%2ffs.walk 44ms (cache miss)
3715 silly packumentCache full:https://registry.npmjs.org/@nodelib%2ffs.walk set size:undefined disposed:false
3716 http fetch GET 200 https://registry.npmjs.org/tinyglobby 23ms (cache miss)
3717 silly packumentCache full:https://registry.npmjs.org/tinyglobby set size:undefined disposed:false
3718 http fetch GET 200 https://registry.npmjs.org/mz 25ms (cache miss)
3719 silly packumentCache full:https://registry.npmjs.org/mz set size:undefined disposed:false
3720 http fetch GET 200 https://registry.npmjs.org/ts-interface-checker 25ms (cache miss)
3721 silly packumentCache full:https://registry.npmjs.org/ts-interface-checker set size:undefined disposed:false
3722 silly placeDep node_modules/chokidar glob-parent@5.1.2 OK for: chokidar@3.6.0 want: ~5.1.2
3723 silly placeDep ROOT is-binary-path@2.1.0 OK for: chokidar@3.6.0 want: ~2.1.0
3724 silly placeDep ROOT readdirp@3.6.0 OK for: chokidar@3.6.0 want: ~3.6.0
3725 silly fetch manifest binary-extensions@^2.0.0
3726 silly packumentCache full:https://registry.npmjs.org/binary-extensions cache-miss
3727 silly fetch manifest picomatch@^2.2.1
3728 silly packumentCache full:https://registry.npmjs.org/picomatch cache-hit
3729 http fetch GET 200 https://registry.npmjs.org/binary-extensions 21ms (cache miss)
3730 silly packumentCache full:https://registry.npmjs.org/binary-extensions set size:undefined disposed:false
3731 silly placeDep ROOT @nodelib/fs.stat@2.0.5 OK for: fast-glob@3.3.3 want: ^2.0.2
3732 silly placeDep ROOT @nodelib/fs.walk@1.2.8 OK for: fast-glob@3.3.3 want: ^1.2.3
3733 silly placeDep node_modules/fast-glob glob-parent@5.1.2 OK for: fast-glob@3.3.3 want: ^5.1.2
3734 silly placeDep ROOT merge2@1.4.1 OK for: fast-glob@3.3.3 want: ^1.3.0
3735 silly fetch manifest fastq@^1.6.0
3736 silly packumentCache full:https://registry.npmjs.org/fastq cache-miss
3737 silly fetch manifest @nodelib/fs.scandir@2.1.5
3738 silly packumentCache full:https://registry.npmjs.org/@nodelib%2ffs.scandir cache-miss
3739 http fetch GET 200 https://registry.npmjs.org/fastq 30ms (cache miss)
3740 silly packumentCache full:https://registry.npmjs.org/fastq set size:undefined disposed:false
3741 http fetch GET 200 https://registry.npmjs.org/@nodelib%2ffs.scandir 37ms (cache miss)
3742 silly packumentCache full:https://registry.npmjs.org/@nodelib%2ffs.scandir set size:undefined disposed:false
3743 silly placeDep ROOT @nodelib/fs.scandir@2.1.5 OK for: @nodelib/fs.walk@1.2.8 want: 2.1.5
3744 silly placeDep ROOT fastq@1.20.1 OK for: @nodelib/fs.walk@1.2.8 want: ^1.6.0
3745 silly fetch manifest run-parallel@^1.1.9
3746 silly packumentCache full:https://registry.npmjs.org/run-parallel cache-miss
3747 silly fetch manifest reusify@^1.0.4
3748 silly packumentCache full:https://registry.npmjs.org/reusify cache-miss
3749 http fetch GET 200 https://registry.npmjs.org/reusify 25ms (cache miss)
3750 silly packumentCache full:https://registry.npmjs.org/reusify set size:undefined disposed:false
3751 http fetch GET 200 https://registry.npmjs.org/run-parallel 30ms (cache miss)
3752 silly packumentCache full:https://registry.npmjs.org/run-parallel set size:undefined disposed:false
3753 silly placeDep ROOT run-parallel@1.2.0 OK for: @nodelib/fs.scandir@2.1.5 want: ^1.1.9
3754 silly fetch manifest queue-microtask@^1.2.2
3755 silly packumentCache full:https://registry.npmjs.org/queue-microtask cache-miss
3756 http fetch GET 200 https://registry.npmjs.org/queue-microtask 29ms (cache miss)
3757 silly packumentCache full:https://registry.npmjs.org/queue-microtask set size:undefined disposed:false
3758 silly placeDep ROOT reusify@1.1.0 OK for: fastq@1.20.1 want: ^1.0.4
3759 silly placeDep ROOT binary-extensions@2.3.0 OK for: is-binary-path@2.1.0 want: ^2.0.0
3760 silly placeDep ROOT is-extglob@2.1.1 OK for: is-glob@4.0.3 want: ^2.1.1
3761 silly placeDep ROOT read-cache@1.0.0 OK for: postcss-import@15.1.0 want: ^1.0.0
3762 silly fetch manifest pify@^2.3.0
3763 silly packumentCache full:https://registry.npmjs.org/pify cache-miss
3764 http fetch GET 200 https://registry.npmjs.org/pify 24ms (cache miss)
3765 silly packumentCache full:https://registry.npmjs.org/pify set size:undefined disposed:false
3766 silly placeDep ROOT camelcase-css@2.0.1 OK for: postcss-js@4.1.0 want: ^2.0.1
3767 silly placeDep node_modules/postcss-load-config lilconfig@3.1.3 OK for: postcss-load-config@4.0.2 want: ^3.0.0
3768 silly placeDep node_modules/postcss-load-config yaml@2.8.3 OK for: postcss-load-config@4.0.2 want: ^2.3.4
3769 silly placeDep ROOT pify@2.3.0 OK for: read-cache@1.0.0 want: ^2.3.0
3770 silly placeDep node_modules/readdirp picomatch@2.3.2 OK for: readdirp@3.6.0 want: ^2.2.1
3771 silly placeDep ROOT queue-microtask@1.2.3 OK for: run-parallel@1.2.0 want: ^1.2.2
3772 silly placeDep node_modules/sucrase commander@4.1.1 OK for: sucrase@3.35.1 want: ^4.0.0
3773 silly placeDep ROOT lines-and-columns@1.2.4 OK for: sucrase@3.35.1 want: ^1.1.6
3774 silly placeDep ROOT mz@2.7.0 OK for: sucrase@3.35.1 want: ^2.7.0
3775 silly placeDep ROOT tinyglobby@0.2.16 OK for: sucrase@3.35.1 want: ^0.2.11
3776 silly placeDep ROOT ts-interface-checker@0.1.13 OK for: sucrase@3.35.1 want: ^0.1.9
3777 silly fetch manifest any-promise@^1.0.0
3778 silly packumentCache full:https://registry.npmjs.org/any-promise cache-miss
3779 silly fetch manifest thenify-all@^1.0.0
3780 silly packumentCache full:https://registry.npmjs.org/thenify-all cache-miss
3781 silly fetch manifest fdir@^6.5.0
3782 silly packumentCache full:https://registry.npmjs.org/fdir cache-miss
3783 http fetch GET 200 https://registry.npmjs.org/thenify-all 26ms (cache miss)
3784 silly packumentCache full:https://registry.npmjs.org/thenify-all set size:undefined disposed:false
3785 http fetch GET 200 https://registry.npmjs.org/fdir 29ms (cache miss)
3786 silly packumentCache full:https://registry.npmjs.org/fdir set size:undefined disposed:false
3787 http fetch GET 200 https://registry.npmjs.org/any-promise 31ms (cache miss)
3788 silly packumentCache full:https://registry.npmjs.org/any-promise set size:undefined disposed:false
3789 silly placeDep ROOT any-promise@1.3.0 OK for: mz@2.7.0 want: ^1.0.0
3790 silly placeDep ROOT thenify-all@1.6.0 OK for: mz@2.7.0 want: ^1.0.0
3791 silly fetch manifest thenify@>= 3.1.0 < 4
3792 silly packumentCache full:https://registry.npmjs.org/thenify cache-miss
3793 http fetch GET 200 https://registry.npmjs.org/thenify 28ms (cache miss)
3794 silly packumentCache full:https://registry.npmjs.org/thenify set size:undefined disposed:false
3795 silly placeDep ROOT ansi-escapes@4.3.2 OK for: terminal-link@2.1.1 want: ^4.2.1
3796 silly placeDep ROOT supports-hyperlinks@2.3.0 OK for: terminal-link@2.1.1 want: ^2.0.0
3797 silly fetch manifest type-fest@^0.21.3
3798 silly packumentCache full:https://registry.npmjs.org/type-fest cache-miss
3799 http cache https://registry.npmjs.org/type-fest 1ms (cache hit)
3800 silly packumentCache full:https://registry.npmjs.org/type-fest set size:560517 disposed:false
3801 silly placeDep node_modules/ansi-escapes type-fest@0.21.3 OK for: ansi-escapes@4.3.2 want: ^0.21.3
3802 silly placeDep ROOT @jridgewell/source-map@0.3.11 OK for: terser@5.46.2 want: ^0.3.3
3803 silly placeDep ROOT acorn@8.16.0 OK for: terser@5.46.2 want: ^8.15.0
3804 silly placeDep node_modules/terser commander@2.20.3 OK for: terser@5.46.2 want: ^2.20.0
3805 silly placeDep node_modules/test-exclude glob@7.2.3 OK for: test-exclude@6.0.0 want: ^7.1.4
3806 silly placeDep node_modules/test-exclude minimatch@3.1.5 OK for: test-exclude@6.0.0 want: ^3.0.4
3807 silly fetch manifest brace-expansion@^1.1.7
3808 silly packumentCache full:https://registry.npmjs.org/brace-expansion cache-miss
3809 http cache https://registry.npmjs.org/brace-expansion 4ms (cache hit)
3810 silly packumentCache full:https://registry.npmjs.org/brace-expansion set size:65768 disposed:false
3811 silly placeDep ROOT thenify@3.3.1 OK for: thenify-all@1.6.0 want: >= 3.1.0 < 4
3812 silly placeDep ROOT fdir@6.5.0 OK for: tinyglobby@0.2.16 want: ^6.5.0
3813 silly placeDep ROOT is-number@7.0.0 OK for: to-regex-range@5.0.1 want: ^7.0.0
3814 silly placeDep ROOT unicode-canonical-property-names-ecmascript@2.0.1 OK for: unicode-match-property-ecmascript@2.0.0 want: ^2.0.0
3815 silly placeDep ROOT unicode-property-aliases-ecmascript@2.2.0 OK for: unicode-match-property-ecmascript@2.0.0 want: ^2.0.0
3816 silly placeDep ROOT escalade@3.2.0 OK for: update-browserslist-db@1.2.3 want: ^3.2.0
3817 silly placeDep ROOT makeerror@1.0.12 OK for: walker@1.0.8 want: 1.0.12
3818 silly fetch manifest tmpl@1.0.5
3819 silly packumentCache full:https://registry.npmjs.org/tmpl cache-miss
3820 http fetch GET 200 https://registry.npmjs.org/tmpl 24ms (cache miss)
3821 silly packumentCache full:https://registry.npmjs.org/tmpl set size:undefined disposed:false
3822 silly placeDep ROOT tmpl@1.0.5 OK for: makeerror@1.0.12 want: 1.0.5
3823 silly placeDep ROOT defaults@1.0.4 OK for: wcwidth@1.0.1 want: ^1.0.3
3824 silly fetch manifest clone@^1.0.2
3825 silly packumentCache full:https://registry.npmjs.org/clone cache-miss
3826 http fetch GET 200 https://registry.npmjs.org/clone 24ms (cache miss)
3827 silly packumentCache full:https://registry.npmjs.org/clone set size:undefined disposed:false
3828 silly placeDep ROOT clone@1.0.4 OK for: defaults@1.0.4 want: ^1.0.2
3829 silly placeDep ROOT tr46@0.0.3 OK for: whatwg-url@5.0.0 want: ~0.0.3
3830 silly placeDep ROOT webidl-conversions@3.0.1 OK for: whatwg-url@5.0.0 want: ^3.0.0
3831 silly placeDep ROOT isexe@2.0.0 OK for: which@2.0.2 want: ^2.0.0
3832 silly placeDep ROOT string-width@4.2.3 OK for: wrap-ansi@7.0.0 want: ^4.1.0
3833 silly placeDep node_modules/wrap-ansi strip-ansi@6.0.1 OK for: wrap-ansi@7.0.0 want: ^6.0.0
3834 silly fetch manifest strip-ansi@^6.0.1
3835 silly packumentCache full:https://registry.npmjs.org/strip-ansi cache-hit
3836 silly fetch manifest emoji-regex@^8.0.0
3837 silly packumentCache full:https://registry.npmjs.org/emoji-regex cache-miss
3838 silly fetch manifest is-fullwidth-code-point@^3.0.0
3839 silly packumentCache full:https://registry.npmjs.org/is-fullwidth-code-point cache-miss
3840 http fetch GET 200 https://registry.npmjs.org/emoji-regex 28ms (cache miss)
3841 silly packumentCache full:https://registry.npmjs.org/emoji-regex set size:undefined disposed:false
3842 http fetch GET 200 https://registry.npmjs.org/is-fullwidth-code-point 29ms (cache miss)
3843 silly packumentCache full:https://registry.npmjs.org/is-fullwidth-code-point set size:undefined disposed:false
3844 silly placeDep ROOT emoji-regex@8.0.0 OK for: string-width@4.2.3 want: ^8.0.0
3845 silly placeDep ROOT is-fullwidth-code-point@3.0.0 OK for: string-width@4.2.3 want: ^3.0.0
3846 silly placeDep node_modules/string-width strip-ansi@6.0.1 OK for: string-width@4.2.3 want: ^6.0.1
3847 silly placeDep ROOT imurmurhash@0.1.4 OK for: write-file-atomic@4.0.2 want: ^0.1.4
3848 silly placeDep ROOT simple-plist@1.3.1 OK for: xcode@3.0.1 want: ^1.1.0
3849 silly placeDep node_modules/xcode uuid@7.0.3 OK for: xcode@3.0.1 want: ^7.0.3
3850 silly fetch manifest bplist-parser@0.3.1
3851 silly packumentCache full:https://registry.npmjs.org/bplist-parser cache-miss
3852 silly fetch manifest plist@^3.0.5
3853 silly packumentCache full:https://registry.npmjs.org/plist cache-miss
3854 http cache https://registry.npmjs.org/bplist-parser 2ms (cache hit)
3855 silly packumentCache full:https://registry.npmjs.org/bplist-parser set size:21877 disposed:false
3856 http fetch GET 200 https://registry.npmjs.org/plist 23ms (cache miss)
3857 silly packumentCache full:https://registry.npmjs.org/plist set size:undefined disposed:false
3858 silly placeDep node_modules/simple-plist bplist-parser@0.3.1 OK for: simple-plist@1.3.1 want: 0.3.1
3859 silly placeDep ROOT plist@3.1.0 OK for: simple-plist@1.3.1 want: ^3.0.5
3860 silly placeDep ROOT sax@1.6.0 OK for: xml2js@0.6.0 want: >=0.6.0
3861 silly placeDep node_modules/xml2js xmlbuilder@11.0.1 OK for: xml2js@0.6.0 want: ~11.0.0
3862 silly placeDep ROOT cliui@8.0.1 OK for: yargs@17.7.2 want: ^8.0.1
3863 silly placeDep ROOT get-caller-file@2.0.5 OK for: yargs@17.7.2 want: ^2.0.5
3864 silly placeDep ROOT require-directory@2.1.1 OK for: yargs@17.7.2 want: ^2.1.1
3865 silly placeDep ROOT y18n@5.0.8 OK for: yargs@17.7.2 want: ^5.0.5
3866 silly placeDep ROOT yargs-parser@21.1.1 OK for: yargs@17.7.2 want: ^21.1.1
3867 silly placeDep node_modules/cliui strip-ansi@6.0.1 OK for: cliui@8.0.1 want: ^6.0.1
3868 silly placeDep node_modules/@istanbuljs/load-nyc-config argparse@1.0.10 OK for: js-yaml@3.14.2 want: ^1.0.7
3869 silly placeDep ROOT esprima@4.0.1 OK for: js-yaml@3.14.2 want: ^4.0.0
3870 silly fetch manifest sprintf-js@~1.0.2
3871 silly packumentCache full:https://registry.npmjs.org/sprintf-js cache-miss
3872 http fetch GET 200 https://registry.npmjs.org/sprintf-js 23ms (cache miss)
3873 silly packumentCache full:https://registry.npmjs.org/sprintf-js set size:undefined disposed:false
3874 silly placeDep ROOT sprintf-js@1.0.3 OK for: argparse@1.0.10 want: ~1.0.2
3875 silly placeDep node_modules/@react-native/babel-preset hermes-parser@0.32.0 OK for: babel-plugin-syntax-hermes-parser@0.32.0 want: 0.32.0
3876 silly placeDep node_modules/@react-native/babel-preset hermes-estree@0.32.0 OK for: hermes-parser@0.32.0 want: 0.32.0
3877 silly placeDep ROOT fs.realpath@1.0.0 OK for: glob@7.2.3 want: ^1.0.0
3878 silly placeDep ROOT inflight@1.0.6 OK for: glob@7.2.3 want: ^1.0.4
3879 silly placeDep node_modules/@react-native/codegen minimatch@3.1.5 OK for: glob@7.2.3 want: ^3.1.1
3880 silly placeDep ROOT path-is-absolute@1.0.1 OK for: glob@7.2.3 want: ^1.0.0
3881 silly placeDep node_modules/@react-native/codegen hermes-estree@0.32.0 OK for: hermes-parser@0.32.0 want: 0.32.0
3882 silly placeDep node_modules/@react-native/codegen brace-expansion@1.1.14 OK for: minimatch@3.1.5 want: ^1.1.7
3883 silly fetch manifest concat-map@0.0.1
3884 silly packumentCache full:https://registry.npmjs.org/concat-map cache-miss
3885 http fetch GET 200 https://registry.npmjs.org/concat-map 23ms (cache miss)
3886 silly packumentCache full:https://registry.npmjs.org/concat-map set size:undefined disposed:false
3887 silly placeDep node_modules/@react-native/codegen balanced-match@1.0.2 OK for: brace-expansion@1.1.14 want: ^1.0.0
3888 silly placeDep ROOT concat-map@0.0.1 OK for: brace-expansion@1.1.14 want: 0.0.1
3889 silly placeDep ROOT define-lazy-prop@2.0.0 OK for: open@8.4.2 want: ^2.0.0
3890 silly placeDep node_modules/compression ms@2.0.0 OK for: debug@2.6.9 want: 2.0.0
3891 silly placeDep node_modules/connect ms@2.0.0 OK for: debug@2.6.9 want: 2.0.0
3892 silly placeDep node_modules/finalhandler ms@2.0.0 OK for: debug@2.6.9 want: 2.0.0
3893 silly placeDep node_modules/lighthouse-logger ms@2.0.0 OK for: debug@2.6.9 want: 2.0.0
3894 silly placeDep node_modules/log-symbols ansi-styles@3.2.1 OK for: chalk@2.4.2 want: ^3.2.1
3895 silly placeDep node_modules/log-symbols escape-string-regexp@1.0.5 OK for: chalk@2.4.2 want: ^1.0.5
3896 silly placeDep node_modules/log-symbols supports-color@5.5.0 OK for: chalk@2.4.2 want: ^5.3.0
3897 silly fetch manifest color-convert@^1.9.0
3898 silly packumentCache full:https://registry.npmjs.org/color-convert cache-miss
3899 silly fetch manifest has-flag@^3.0.0
3900 silly packumentCache full:https://registry.npmjs.org/has-flag cache-miss
3901 http cache https://registry.npmjs.org/has-flag 2ms (cache hit)
3902 silly packumentCache full:https://registry.npmjs.org/has-flag set size:15180 disposed:false
3903 http cache https://registry.npmjs.org/color-convert 2ms (cache hit)
3904 silly packumentCache full:https://registry.npmjs.org/color-convert set size:72663 disposed:false
3905 silly placeDep node_modules/log-symbols color-convert@1.9.3 OK for: ansi-styles@3.2.1 want: ^1.9.0
3906 silly fetch manifest color-name@1.1.3
3907 silly packumentCache full:https://registry.npmjs.org/color-name cache-miss
3908 http cache https://registry.npmjs.org/color-name 1ms (cache hit)
3909 silly packumentCache full:https://registry.npmjs.org/color-name set size:19467 disposed:false
3910 silly placeDep node_modules/log-symbols color-name@1.1.3 OK for: color-convert@1.9.3 want: 1.1.3
3911 silly placeDep node_modules/log-symbols has-flag@3.0.0 OK for: supports-color@5.5.0 want: ^3.0.0
3912 silly placeDep node_modules/metro-babel-transformer hermes-estree@0.35.0 OK for: hermes-parser@0.35.0 want: 0.35.0
3913 silly placeDep node_modules/metro negotiator@1.0.0 OK for: accepts@2.0.0 want: ^1.0.0
3914 silly placeDep node_modules/metro hermes-estree@0.35.0 OK for: hermes-parser@0.35.0 want: 0.35.0
3915 silly placeDep ROOT to-fast-properties@2.0.0 OK for: @babel/types@7.19.0 want: ^2.0.0
3916 silly placeDep node_modules/ora ansi-styles@3.2.1 OK for: chalk@2.4.2 want: ^3.2.1
3917 silly placeDep node_modules/ora escape-string-regexp@1.0.5 OK for: chalk@2.4.2 want: ^1.0.5
3918 silly placeDep node_modules/ora supports-color@5.5.0 OK for: chalk@2.4.2 want: ^5.3.0
3919 silly placeDep node_modules/ora color-convert@1.9.3 OK for: ansi-styles@3.2.1 want: ^1.9.0
3920 silly placeDep node_modules/ora color-name@1.1.3 OK for: color-convert@1.9.3 want: 1.1.3
3921 silly placeDep node_modules/ora has-flag@3.0.0 OK for: supports-color@5.5.0 want: ^3.0.0
3922 silly placeDep node_modules/react-native hermes-parser@0.32.0 OK for: babel-plugin-syntax-hermes-parser@0.32.0 want: 0.32.0
3923 silly placeDep node_modules/react-native minimatch@3.1.5 OK for: glob@7.2.3 want: ^3.1.1
3924 silly placeDep node_modules/react-native hermes-estree@0.32.0 OK for: hermes-parser@0.32.0 want: 0.32.0
3925 silly placeDep node_modules/react-native brace-expansion@1.1.14 OK for: minimatch@3.1.5 want: ^1.1.7
3926 silly placeDep node_modules/react-native balanced-match@1.0.2 OK for: brace-expansion@1.1.14 want: ^1.0.0
3927 silly placeDep node_modules/rimraf minimatch@3.1.5 OK for: glob@7.2.3 want: ^3.1.1
3928 silly placeDep node_modules/rimraf brace-expansion@1.1.14 OK for: minimatch@3.1.5 want: ^1.1.7
3929 silly placeDep node_modules/rimraf balanced-match@1.0.2 OK for: brace-expansion@1.1.14 want: ^1.0.0
3930 silly placeDep node_modules/send/node_modules/debug ms@2.0.0 OK for: debug@2.6.9 want: 2.0.0
3931 silly placeDep node_modules/test-exclude brace-expansion@1.1.14 OK for: minimatch@3.1.5 want: ^1.1.7
3932 silly placeDep node_modules/test-exclude balanced-match@1.0.2 OK for: brace-expansion@1.1.14 want: ^1.0.0
3933 silly reify moves {}
3934 silly audit bulk request {
3934 silly audit   '@babel/core': [ '7.29.0' ],
3934 silly audit   '@expo/ngrok': [ '4.1.3' ],
3934 silly audit   '@react-native-async-storage/async-storage': [ '2.2.0' ],
3934 silly audit   '@react-native-community/datetimepicker': [ '8.6.0' ],
3934 silly audit   '@react-navigation/native': [ '7.2.2' ],
3934 silly audit   '@react-navigation/native-stack': [ '7.14.11' ],
3934 silly audit   '@types/react': [ '19.2.14' ],
3934 silly audit   '@types/uuid': [ '10.0.0' ],
3934 silly audit   expo: [ '55.0.17' ],
3934 silly audit   'expo-asset': [ '55.0.16' ],
3934 silly audit   'expo-blur': [ '55.0.14' ],
3934 silly audit   'expo-constants': [ '55.0.15' ],
3934 silly audit   'expo-contacts': [ '55.0.13' ],
3934 silly audit   'expo-font': [ '55.0.6' ],
3934 silly audit   'expo-image-picker': [ '55.0.19' ],
3934 silly audit   'expo-linear-gradient': [ '55.0.13' ],
3934 silly audit   'expo-status-bar': [ '55.0.5' ],
3934 silly audit   'lucide-react-native': [ '0.468.0' ],
3934 silly audit   nativewind: [ '2.0.11' ],
3934 silly audit   react: [ '19.2.0' ],
3934 silly audit   'react-dom': [ '19.2.0' ],
3934 silly audit   'react-native': [ '0.83.6' ],
3934 silly audit   'react-native-get-random-values': [ '1.11.0' ],
3934 silly audit   'react-native-reanimated': [ '4.2.1' ],
3934 silly audit   'react-native-safe-area-context': [ '5.6.2' ],
3934 silly audit   'react-native-screens': [ '4.23.0' ],
3934 silly audit   'react-native-svg': [ '15.15.3' ],
3934 silly audit   'react-native-web': [ '0.21.2' ],
3934 silly audit   'react-native-worklets': [ '0.7.4' ],
3934 silly audit   tailwindcss: [ '3.3.2' ],
3934 silly audit   typescript: [ '5.9.3' ],
3934 silly audit   uuid: [ '14.0.0', '3.4.0', '7.0.3' ],
3934 silly audit   zustand: [ '5.0.12' ],
3934 silly audit   '@babel/code-frame': [ '7.29.0' ],
3934 silly audit   '@babel/generator': [ '7.29.1' ],
3934 silly audit   '@babel/helper-compilation-targets': [ '7.28.6' ],
3934 silly audit   '@babel/helper-module-transforms': [ '7.28.6' ],
3934 silly audit   '@babel/helpers': [ '7.29.2' ],
3934 silly audit   '@babel/parser': [ '7.29.2' ],
3934 silly audit   '@babel/template': [ '7.28.6' ],
3934 silly audit   '@babel/traverse': [ '7.29.0' ],
3934 silly audit   '@babel/types': [ '7.29.0', '7.19.0' ],
3934 silly audit   '@jridgewell/remapping': [ '2.3.5' ],
3934 silly audit   'convert-source-map': [ '2.0.0' ],
3934 silly audit   debug: [ '4.4.3', '3.2.7', '2.6.9' ],
3934 silly audit   gensync: [ '1.0.0-beta.2' ],
3934 silly audit   json5: [ '2.2.3' ],
3934 silly audit   semver: [ '6.3.1', '7.7.4', '7.7.3' ],
3934 silly audit   '@babel/helper-validator-identifier': [ '7.28.5' ],
3934 silly audit   'js-tokens': [ '4.0.0' ],
3934 silly audit   picocolors: [ '1.1.1' ],
3934 silly audit   '@jridgewell/gen-mapping': [ '0.3.13' ],
3934 silly audit   '@jridgewell/trace-mapping': [ '0.3.31' ],
3934 silly audit   jsesc: [ '3.1.0' ],
3934 silly audit   '@babel/compat-data': [ '7.29.0' ],
3934 silly audit   '@babel/helper-validator-option': [ '7.27.1' ],
3934 silly audit   browserslist: [ '4.28.2' ],
3934 silly audit   'lru-cache': [ '5.1.1', '10.4.3', '11.3.5' ],
3934 silly audit   '@babel/helper-module-imports': [ '7.28.6', '7.18.6' ],
3934 silly audit   '@babel/helper-globals': [ '7.28.0' ],
3934 silly audit   '@babel/helper-string-parser': [ '7.27.1' ],
3934 silly audit   '@expo/ngrok-bin': [ '2.3.42' ],
3934 silly audit   got: [ '11.8.6' ],
3934 silly audit   yaml: [ '1.10.3', '2.8.3' ],
3934 silly audit   '@expo/ngrok-bin-darwin-arm64': [ '2.3.41' ],
3934 silly audit   '@expo/ngrok-bin-darwin-x64': [ '2.3.41' ],
3934 silly audit   '@expo/ngrok-bin-freebsd-ia32': [ '2.3.41' ],
3934 silly audit   '@expo/ngrok-bin-freebsd-x64': [ '2.3.41' ],
3934 silly audit   '@expo/ngrok-bin-linux-arm': [ '2.3.41' ],
3934 silly audit   '@expo/ngrok-bin-linux-arm64': [ '2.3.41' ],
3934 silly audit   '@expo/ngrok-bin-linux-ia32': [ '2.3.41' ],
3934 silly audit   '@expo/ngrok-bin-linux-x64': [ '2.3.41' ],
3934 silly audit   '@expo/ngrok-bin-sunos-x64': [ '2.3.41' ],
3934 silly audit   '@expo/ngrok-bin-win32-ia32': [ '2.3.41' ],
3934 silly audit   '@expo/ngrok-bin-win32-x64': [ '2.3.41' ],
3934 silly audit   '@jridgewell/sourcemap-codec': [ '1.5.5' ],
3934 silly audit   '@jridgewell/resolve-uri': [ '3.1.2' ],
3934 silly audit   'merge-options': [ '3.0.4' ],
3934 silly audit   invariant: [ '2.2.4' ],
3934 silly audit   '@react-navigation/core': [ '7.17.2' ],
3934 silly audit   'escape-string-regexp': [ '4.0.0', '1.0.5', '2.0.0' ],
3934 silly audit   'fast-deep-equal': [ '3.1.3' ],
3934 silly audit   nanoid: [ '3.3.11' ],
3934 silly audit   'use-latest-callback': [ '0.2.6' ],
3934 silly audit   '@react-navigation/routers': [ '7.5.3' ],
3934 silly audit   'query-string': [ '7.1.3' ],
3934 silly audit   'react-is': [ '19.2.5', '18.3.1' ],
3934 silly audit   'use-sync-external-store': [ '1.6.0' ],
3934 silly audit   '@react-navigation/elements': [ '2.9.14' ],
3934 silly audit   color: [ '4.2.3' ],
3934 silly audit   'sf-symbols-typescript': [ '2.2.0' ],
3934 silly audit   'warn-once': [ '0.1.1' ],
3934 silly audit   csstype: [ '3.2.3' ],
3934 silly audit   'baseline-browser-mapping': [ '2.10.21' ],
3934 silly audit   'caniuse-lite': [ '1.0.30001790' ],
3934 silly audit   'electron-to-chromium': [ '1.5.344' ],
3934 silly audit   'node-releases': [ '2.0.38' ],
3934 silly audit   'update-browserslist-db': [ '1.2.3' ],
3934 silly audit   'color-convert': [ '2.0.1', '1.9.3' ],
3934 silly audit   'color-string': [ '1.9.1' ],
3934 silly audit   'color-name': [ '1.1.4', '1.1.3' ],
3934 silly audit   'simple-swizzle': [ '0.2.4' ],
3934 silly audit   ms: [ '2.1.3', '2.0.0' ],
3934 silly audit   '@babel/runtime': [ '7.29.2' ],
3934 silly audit   '@expo/cli': [ '55.0.26' ],
3934 silly audit   '@expo/config': [ '55.0.15' ],
3934 silly audit   '@expo/config-plugins': [ '55.0.8' ],
3934 silly audit   '@expo/devtools': [ '55.0.2' ],
3934 silly audit   '@expo/fingerprint': [ '0.16.6' ],
3934 silly audit   '@expo/local-build-cache-provider': [ '55.0.11' ],
3934 silly audit   '@expo/log-box': [ '55.0.11' ],
3934 silly audit   '@expo/metro': [ '55.1.0' ],
3934 silly audit   '@expo/metro-config': [ '55.0.17' ],
3934 silly audit   '@expo/vector-icons': [ '15.1.1' ],
3934 silly audit   '@ungap/structured-clone': [ '1.3.0' ],
3934 silly audit   'babel-preset-expo': [ '55.0.18' ],
3934 silly audit   'expo-file-system': [ '55.0.17' ],
3934 silly audit   'expo-keep-awake': [ '55.0.6' ],
3934 silly audit   'expo-modules-autolinking': [ '55.0.18' ],
3934 silly audit   'expo-modules-core': [ '55.0.23' ],
3934 silly audit   'pretty-format': [ '29.7.0' ],
3934 silly audit   'react-refresh': [ '0.14.2' ],
3934 silly audit   'whatwg-url-minimum': [ '0.1.1' ],
3934 silly audit   '@expo/code-signing-certificates': [ '0.0.6' ],
3934 silly audit   '@expo/devcert': [ '1.2.1' ],
3934 silly audit   '@expo/env': [ '2.1.1' ],
3934 silly audit   '@expo/image-utils': [ '0.8.13' ],
3934 silly audit   '@expo/json-file': [ '10.0.13' ],
3934 silly audit   '@expo/osascript': [ '2.4.2' ],
3934 silly audit   '@expo/package-manager': [ '1.10.4' ],
3934 silly audit   '@expo/plist': [ '0.5.2' ],
3934 silly audit   '@expo/prebuild-config': [ '55.0.16' ],
3934 silly audit   '@expo/require-utils': [ '55.0.4' ],
3934 silly audit   '@expo/router-server': [ '55.0.15' ],
3934 silly audit   '@expo/schema-utils': [ '55.0.3' ],
3934 silly audit   '@expo/spawn-async': [ '1.7.2' ],
3934 silly audit   '@expo/ws-tunnel': [ '1.0.6' ],
3934 silly audit   '@expo/xcpretty': [ '4.4.3' ],
3934 silly audit   '@react-native/dev-middleware': [ '0.83.6' ],
3934 silly audit   accepts: [ '1.3.8', '2.0.0' ],
3934 silly audit   arg: [ '5.0.2' ],
3934 silly audit   'better-opn': [ '3.0.2' ],
3934 silly audit   'bplist-creator': [ '0.1.0' ],
3934 silly audit   'bplist-parser': [ '0.3.2', '0.3.1' ],
3934 silly audit   chalk: [ '4.1.2', '2.4.2' ],
3934 silly audit   'ci-info': [ '3.9.0', '2.0.0' ],
3934 silly audit   compression: [ '1.8.1' ],
3934 silly audit   connect: [ '3.7.0' ],
3934 silly audit   'dnssd-advertise': [ '1.1.4' ],
3934 silly audit   'expo-server': [ '55.0.8' ],
3934 silly audit   'fetch-nodeshim': [ '0.4.10' ],
3934 silly audit   getenv: [ '2.0.0' ],
3934 silly audit   glob: [ '13.0.6', '7.2.3' ],
3934 silly audit   'lan-network': [ '0.2.1' ],
3934 silly audit   multitars: [ '1.0.0' ],
3934 silly audit   'node-forge': [ '1.4.0' ],
3934 silly audit   'npm-package-arg': [ '11.0.3' ],
3934 silly audit   ora: [ '3.4.0' ],
3934 silly audit   picomatch: [ '4.0.4', '2.3.2' ],
3934 silly audit   progress: [ '2.0.3' ],
3934 silly audit   prompts: [ '2.4.2' ],
3934 silly audit   'resolve-from': [ '5.0.0' ],
3934 silly audit   send: [ '0.19.2' ],
3934 silly audit   slugify: [ '1.6.9' ],
3934 silly audit   'source-map-support': [ '0.5.21' ],
3934 silly audit   'stacktrace-parser': [ '0.1.11' ],
3934 silly audit   'structured-headers': [ '0.4.1' ],
3934 silly audit   'terminal-link': [ '2.1.1' ],
3934 silly audit   toqr: [ '0.1.1' ],
3934 silly audit   'wrap-ansi': [ '7.0.0' ],
3934 silly audit   ws: [ '8.20.0', '7.5.10' ],
3934 silly audit   zod: [ '3.25.76' ],
3934 silly audit   '@expo/config-types': [ '55.0.5' ],
3934 silly audit   deepmerge: [ '4.3.1' ],
3934 silly audit   'resolve-workspace-root': [ '2.0.1' ],
3934 silly audit   '@expo/sdk-runtime-versions': [ '1.0.0' ],
3934 silly audit   xcode: [ '3.0.1' ],
3934 silly audit   xml2js: [ '0.6.0' ],
3934 silly audit   '@expo/sudo-prompt': [ '9.3.2' ],
3934 silly audit   ignore: [ '5.3.2' ],
3934 silly audit   minimatch: [ '10.2.5', '3.1.5' ],
3934 silly audit   'jimp-compact': [ '0.16.1' ],
3934 silly audit   'parse-png': [ '2.1.0' ],
3934 silly audit   '@expo/dom-webview': [ '55.0.5' ],
3934 silly audit   anser: [ '1.4.10' ],
3934 silly audit   metro: [ '0.83.6' ],
3934 silly audit   'metro-babel-transformer': [ '0.83.6' ],
3934 silly audit   'metro-cache': [ '0.83.6' ],
3934 silly audit   'metro-cache-key': [ '0.83.6' ],
3934 silly audit   'metro-config': [ '0.83.6' ],
3934 silly audit   'metro-core': [ '0.83.6' ],
3934 silly audit   'metro-file-map': [ '0.83.6' ],
3934 silly audit   'metro-minify-terser': [ '0.83.6' ],
3934 silly audit   'metro-resolver': [ '0.83.6' ],
3934 silly audit   'metro-runtime': [ '0.83.6' ],
3934 silly audit   'metro-source-map': [ '0.83.6' ],
3934 silly audit   'metro-symbolicate': [ '0.83.6' ],
3934 silly audit   'metro-transform-plugins': [ '0.83.6' ],
3934 silly audit   'metro-transform-worker': [ '0.83.6' ],
3934 silly audit   'hermes-parser': [ '0.32.1', '0.32.0', '0.35.0' ],
3934 silly audit   'jsc-safe-url': [ '0.2.4' ],
3934 silly audit   lightningcss: [ '1.32.0' ],
3934 silly audit   postcss: [ '8.4.49' ],
3934 silly audit   '@xmldom/xmldom': [ '0.8.13' ],
3934 silly audit   'base64-js': [ '1.5.1' ],
3934 silly audit   xmlbuilder: [ '15.1.1', '11.0.1' ],
3934 silly audit   '@react-native/normalize-colors': [ '0.83.6', '0.74.89' ],
3934 silly audit   '@babel/plugin-transform-modules-commonjs': [ '7.28.6' ],
3934 silly audit   '@babel/helper-plugin-utils': [ '7.28.6' ],
3934 silly audit   'cross-spawn': [ '7.0.6' ],
3934 silly audit   'js-yaml': [ '4.1.1', '3.14.2' ],
3934 silly audit   '@isaacs/ttlcache': [ '1.4.1' ],
3934 silly audit   '@react-native/debugger-frontend': [ '0.83.6' ],
3934 silly audit   '@react-native/debugger-shell': [ '0.83.6' ],
3934 silly audit   'chrome-launcher': [ '0.15.2' ],
3934 silly audit   'chromium-edge-launcher': [ '0.2.0' ],
3934 silly audit   nullthrows: [ '1.1.1' ],
3934 silly audit   open: [ '7.4.2', '8.4.2' ],
3934 silly audit   'serve-static': [ '1.16.3' ],
3934 silly audit   'fb-dotslash': [ '0.5.8' ],
3934 silly audit   'mime-types': [ '2.1.35', '3.0.2' ],
3934 silly audit   negotiator: [ '0.6.3', '0.6.4', '1.0.0' ],
3934 silly audit   '@babel/plugin-proposal-decorators': [ '7.29.0' ],
3934 silly audit   '@babel/plugin-proposal-export-default-from': [ '7.27.1' ],
3934 silly audit   '@babel/plugin-syntax-export-default-from': [ '7.28.6' ],
3934 silly audit   '@babel/plugin-transform-class-static-block': [ '7.28.6' ],
3934 silly audit   '@babel/plugin-transform-export-namespace-from': [ '7.27.1' ],
3934 silly audit   '@babel/plugin-transform-flow-strip-types': [ '7.27.1' ],
3934 silly audit   '@babel/plugin-transform-object-rest-spread': [ '7.28.6' ],
3934 silly audit   '@babel/plugin-transform-parameters': [ '7.27.7' ],
3934 silly audit   '@babel/plugin-transform-private-methods': [ '7.28.6' ],
3934 silly audit   '@babel/plugin-transform-private-property-in-object': [ '7.28.6' ],
3934 silly audit   '@babel/plugin-transform-runtime': [ '7.29.0' ],
3934 silly audit   '@babel/preset-react': [ '7.28.5' ],
3934 silly audit   '@babel/preset-typescript': [ '7.28.5', '7.27.1' ],
3934 silly audit   '@react-native/babel-preset': [ '0.83.6' ],
3934 silly audit   'babel-plugin-react-compiler': [ '1.0.0' ],
3934 silly audit   'babel-plugin-react-native-web': [ '0.21.2' ],
3934 silly audit   'babel-plugin-syntax-hermes-parser': [ '0.32.1', '0.32.0' ],
3934 silly audit   'babel-plugin-transform-flow-enums': [ '0.0.2' ],
3934 silly audit   '@babel/helper-create-class-features-plugin': [ '7.28.6' ],
3934 silly audit   '@babel/plugin-syntax-decorators': [ '7.28.6' ],
3934 silly audit   '@babel/helper-annotate-as-pure': [ '7.27.3' ],
3934 silly audit   '@babel/helper-member-expression-to-functions': [ '7.28.5' ],
3934 silly audit   '@babel/helper-optimise-call-expression': [ '7.27.1' ],
3934 silly audit   '@babel/helper-replace-supers': [ '7.28.6' ],
3934 silly audit   '@babel/helper-skip-transparent-expression-wrappers': [ '7.27.1' ],
3934 silly audit   '@babel/plugin-syntax-flow': [ '7.28.6' ],
3934 silly audit   '@babel/plugin-transform-destructuring': [ '7.28.5' ],
3934 silly audit   'babel-plugin-polyfill-corejs2': [ '0.4.17' ],
3934 silly audit   'babel-plugin-polyfill-corejs3': [ '0.13.0' ],
3934 silly audit   'babel-plugin-polyfill-regenerator': [ '0.6.8' ],
3934 silly audit   '@babel/plugin-transform-react-display-name': [ '7.28.0' ],
3934 silly audit   '@babel/plugin-transform-react-jsx': [ '7.28.6' ],
3934 silly audit   '@babel/plugin-transform-react-jsx-development': [ '7.27.1' ],
3934 silly audit   '@babel/plugin-transform-react-pure-annotations': [ '7.27.1' ],
3934 silly audit   '@babel/plugin-syntax-jsx': [ '7.28.6' ],
3934 silly audit   '@babel/plugin-transform-typescript': [ '7.28.6' ],
3934 silly audit   '@babel/plugin-syntax-typescript': [ '7.28.6' ],
3934 silly audit   '@babel/plugin-syntax-dynamic-import': [ '7.8.3' ],
3934 silly audit   '@babel/plugin-syntax-nullish-coalescing-operator': [ '7.8.3' ],
3934 silly audit   '@babel/plugin-syntax-optional-chaining': [ '7.8.3' ],
3934 silly audit   '@babel/plugin-transform-arrow-functions': [ '7.27.1' ],
3934 silly audit   '@babel/plugin-transform-async-generator-functions': [ '7.29.0' ],
3934 silly audit   '@babel/plugin-transform-async-to-generator': [ '7.28.6' ],
3934 silly audit   '@babel/plugin-transform-block-scoping': [ '7.28.6' ],
3934 silly audit   '@babel/plugin-transform-class-properties': [ '7.28.6', '7.27.1' ],
3934 silly audit   '@babel/plugin-transform-classes': [ '7.28.6', '7.28.4' ],
3934 silly audit   '@babel/plugin-transform-computed-properties': [ '7.28.6' ],
3934 silly audit   '@babel/plugin-transform-for-of': [ '7.27.1' ],
3934 silly audit   '@babel/plugin-transform-function-name': [ '7.27.1' ],
3934 silly audit   '@babel/plugin-transform-literals': [ '7.27.1' ],
3934 silly audit   '@babel/plugin-transform-logical-assignment-operators': [ '7.28.6' ],
3934 silly audit   '@babel/plugin-transform-named-capturing-groups-regex': [ '7.29.0' ],
3934 silly audit   '@babel/plugin-transform-nullish-coalescing-operator': [ '7.28.6', '7.27.1' ],
3934 silly audit   '@babel/plugin-transform-numeric-separator': [ '7.28.6' ],
3934 silly audit   '@babel/plugin-transform-optional-catch-binding': [ '7.28.6' ],
3934 silly audit   '@babel/plugin-transform-optional-chaining': [ '7.28.6', '7.27.1' ],
3934 silly audit   '@babel/plugin-transform-react-jsx-self': [ '7.27.1' ],
3934 silly audit   '@babel/plugin-transform-react-jsx-source': [ '7.27.1' ],
3934 silly audit   '@babel/plugin-transform-regenerator': [ '7.29.0' ],
3934 silly audit   '@babel/plugin-transform-shorthand-properties': [ '7.27.1' ],
3934 silly audit   '@babel/plugin-transform-spread': [ '7.28.6' ],
3934 silly audit   '@babel/plugin-transform-sticky-regex': [ '7.27.1' ],
3934 silly audit   '@babel/plugin-transform-unicode-regex': [ '7.27.1' ],
3934 silly audit   '@react-native/babel-plugin-codegen': [ '0.83.6' ],
3934 silly audit   '@babel/helper-remap-async-to-generator': [ '7.27.1' ],
3934 silly audit   '@babel/helper-wrap-function': [ '7.28.6' ],
3934 silly audit   '@babel/helper-create-regexp-features-plugin': [ '7.28.5' ],
3934 silly audit   'regexpu-core': [ '6.4.0' ],
3934 silly audit   '@react-native/codegen': [ '0.83.6' ],
3934 silly audit   yargs: [ '17.7.2' ],
3934 silly audit   '@babel/helper-define-polyfill-provider': [ '0.6.8' ],
3934 silly audit   'lodash.debounce': [ '4.0.8' ],
3934 silly audit   resolve: [ '1.22.12' ],
3934 silly audit   'core-js-compat': [ '3.49.0' ],
3934 silly audit   'stream-buffers': [ '2.2.0' ],
3934 silly audit   'big-integer': [ '1.6.52' ],
3934 silly audit   'ansi-styles': [ '4.3.0', '5.2.0', '3.2.1' ],
3934 silly audit   'supports-color': [ '7.2.0', '8.1.1', '5.5.0' ],
3934 silly audit   '@types/node': [ '25.6.0' ],
3934 silly audit   'is-wsl': [ '2.2.0' ],
3934 silly audit   'lighthouse-logger': [ '1.4.2' ],
3934 silly audit   'undici-types': [ '7.19.2' ],
3934 silly audit   mkdirp: [ '1.0.4' ],
3934 silly audit   rimraf: [ '3.0.2' ],
3934 silly audit   bytes: [ '3.1.2' ],
3934 silly audit   compressible: [ '2.0.18' ],
3934 silly audit   'on-headers': [ '1.1.0' ],
3934 silly audit   'safe-buffer': [ '5.2.1' ],
3934 silly audit   vary: [ '1.1.2' ],
3934 silly audit   'mime-db': [ '1.54.0', '1.52.0' ],
3934 silly audit   finalhandler: [ '1.1.2' ],
3934 silly audit   parseurl: [ '1.3.3' ],
3934 silly audit   'utils-merge': [ '1.0.1' ],
3934 silly audit   'path-key': [ '3.1.1' ],
3934 silly audit   'shebang-command': [ '2.0.0' ],
3934 silly audit   which: [ '2.0.2' ],
3934 silly audit   fontfaceobserver: [ '2.3.0' ],
3934 silly audit   'expo-image-loader': [ '55.0.0' ],
3934 silly audit   commander: [ '7.2.0', '12.1.0', '4.1.1', '2.20.3' ],
3934 silly audit   'react-native-is-edge-to-edge': [ '1.3.1', '1.2.1' ],
3934 silly audit   encodeurl: [ '1.0.2', '2.0.0' ],
3934 silly audit   'escape-html': [ '1.0.3' ],
3934 silly audit   'on-finished': [ '2.3.0', '2.4.1' ],
3934 silly audit   statuses: [ '1.5.0', '2.0.2' ],
3934 silly audit   unpipe: [ '1.0.0' ],
3934 silly audit   minipass: [ '7.1.3' ],
3934 silly audit   'path-scurry': [ '2.0.2' ],
3934 silly audit   '@sindresorhus/is': [ '4.6.0' ],
3934 silly audit   '@szmarczak/http-timer': [ '4.0.6' ],
3934 silly audit   '@types/cacheable-request': [ '6.0.3' ],
3934 silly audit   '@types/responselike': [ '1.0.3' ],
3934 silly audit   'cacheable-lookup': [ '5.0.4' ],
3934 silly audit   'cacheable-request': [ '7.0.4' ],
3934 silly audit   'decompress-response': [ '6.0.0' ],
3934 silly audit   'http2-wrapper': [ '1.0.3' ],
3934 silly audit   'lowercase-keys': [ '2.0.0' ],
3934 silly audit   'p-cancelable': [ '2.1.1' ],
3934 silly audit   responselike: [ '2.0.1' ],
3934 silly audit   'defer-to-connect': [ '2.0.1' ],
3934 silly audit   '@types/http-cache-semantics': [ '4.2.0' ],
3934 silly audit   '@types/keyv': [ '3.1.4' ],
3934 silly audit   'clone-response': [ '1.0.3' ],
3934 silly audit   'get-stream': [ '5.2.0' ],
3934 silly audit   'http-cache-semantics': [ '4.2.0' ],
3934 silly audit   keyv: [ '4.5.4' ],
3934 silly audit   'normalize-url': [ '6.1.0' ],
3934 silly audit   'mimic-response': [ '1.0.1', '3.1.0' ],
3934 silly audit   pump: [ '3.0.4' ],
3934 silly audit   'hermes-estree': [ '0.32.1', '0.32.0', '0.35.0' ],
3934 silly audit   'quick-lru': [ '5.1.1' ],
3934 silly audit   'resolve-alpn': [ '1.2.1' ],
3934 silly audit   'loose-envify': [ '1.4.0' ],
3934 silly audit   'is-docker': [ '2.2.1' ],
3934 silly audit   argparse: [ '2.0.1', '1.0.10' ],
3934 silly audit   'json-buffer': [ '3.0.1' ],
3934 silly audit   marky: [ '1.3.0' ],
3934 silly audit   'detect-libc': [ '2.1.2' ],
3934 silly audit   'lightningcss-android-arm64': [ '1.32.0' ],
3934 silly audit   'lightningcss-darwin-arm64': [ '1.32.0' ],
3934 silly audit   'lightningcss-darwin-x64': [ '1.32.0' ],
3934 silly audit   'lightningcss-freebsd-x64': [ '1.32.0' ],
3934 silly audit   'lightningcss-linux-arm-gnueabihf': [ '1.32.0' ],
3934 silly audit   'lightningcss-linux-arm64-gnu': [ '1.32.0' ],
3934 silly audit   'lightningcss-linux-arm64-musl': [ '1.32.0' ],
3934 silly audit   'lightningcss-linux-x64-gnu': [ '1.32.0' ],
3934 silly audit   'lightningcss-linux-x64-musl': [ '1.32.0' ],
3934 silly audit   'lightningcss-win32-arm64-msvc': [ '1.32.0' ],
3934 silly audit   'lightningcss-win32-x64-msvc': [ '1.32.0' ],
3934 silly audit   yallist: [ '3.1.1' ],
3934 silly audit   'is-plain-obj': [ '2.1.0' ],
3934 silly audit   'error-stack-parser': [ '2.1.4' ],
3934 silly audit   'flow-enums-runtime': [ '0.0.6' ],
3934 silly audit   'graceful-fs': [ '4.2.11' ],
3934 silly audit   'image-size': [ '1.2.1' ],
3934 silly audit   'jest-worker': [ '29.7.0' ],
3934 silly audit   'lodash.throttle': [ '4.1.1' ],
3934 silly audit   'serialize-error': [ '2.1.0' ],
3934 silly audit   'source-map': [ '0.5.7', '0.6.1' ],
3934 silly audit   throat: [ '5.0.0' ],
3934 silly audit   stackframe: [ '1.3.4' ],
3934 silly audit   queue: [ '6.0.2' ],
3934 silly audit   'jest-util': [ '29.7.0' ],
3934 silly audit   'merge-stream': [ '2.0.0' ],
3934 silly audit   '@jest/types': [ '29.6.3' ],
3934 silly audit   '@jest/schemas': [ '29.6.3' ],
3934 silly audit   '@types/istanbul-lib-coverage': [ '2.0.6' ],
3934 silly audit   '@types/istanbul-reports': [ '3.0.4' ],
3934 silly audit   '@types/yargs': [ '17.0.35' ],
3934 silly audit   '@sinclair/typebox': [ '0.27.10' ],
3934 silly audit   '@types/istanbul-lib-report': [ '3.0.3' ],
3934 silly audit   '@types/yargs-parser': [ '21.0.3' ],
3934 silly audit   'exponential-backoff': [ '3.1.3' ],
3934 silly audit   'https-proxy-agent': [ '7.0.6' ],
3934 silly audit   'agent-base': [ '7.1.4' ],
3934 silly audit   'jest-validate': [ '29.7.0' ],
3934 silly audit   camelcase: [ '6.3.0', '5.3.1' ],
3934 silly audit   'jest-get-type': [ '29.6.3' ],
3934 silly audit   leven: [ '3.1.0' ],
3934 silly audit   'fb-watchman': [ '2.0.2' ],
3934 silly audit   micromatch: [ '4.0.8' ],
3934 silly audit   walker: [ '1.0.8' ],
3934 silly audit   bser: [ '2.1.1' ],
3934 silly audit   'node-int64': [ '0.4.0' ],
3934 silly audit   terser: [ '5.46.2' ],
3934 silly audit   ob1: [ '0.83.6' ],
3934 silly audit   vlq: [ '1.0.1' ],
3934 silly audit   braces: [ '3.0.3' ],
3934 silly audit   'fill-range': [ '7.1.1' ],
3934 silly audit   'to-regex-range': [ '5.0.1' ],
3934 silly audit   'brace-expansion': [ '5.0.5', '1.1.14' ],
3934 silly audit   'balanced-match': [ '4.0.4', '1.0.2' ],
3934 silly audit   'css-mediaquery': [ '0.1.2' ],
3934 silly audit   'css-to-react-native': [ '3.2.0' ],
3934 silly audit   'postcss-calc': [ '8.2.4' ],
3934 silly audit   'postcss-color-functional-notation': [ '4.2.4' ],
3934 silly audit   'postcss-css-variables': [ '0.18.0' ],
3934 silly audit   'postcss-nested': [ '5.0.6', '6.2.0' ],
3934 silly audit   camelize: [ '1.0.1' ],
3934 silly audit   'css-color-keywords': [ '1.0.0' ],
3934 silly audit   'postcss-value-parser': [ '4.2.0' ],
3934 silly audit   'hosted-git-info': [ '7.0.2' ],
3934 silly audit   'proc-log': [ '4.2.0' ],
3934 silly audit   'validate-npm-package-name': [ '5.0.1' ],
3934 silly audit   'ee-first': [ '1.1.1' ],
3934 silly audit   'cli-cursor': [ '2.1.0' ],
3934 silly audit   'cli-spinners': [ '2.9.2' ],
3934 silly audit   'log-symbols': [ '2.2.0' ],
3934 silly audit   'strip-ansi': [ '5.2.0', '6.0.1' ],
3934 silly audit   wcwidth: [ '1.0.1' ],
3934 silly audit   'restore-cursor': [ '2.0.0' ],
3934 silly audit   pngjs: [ '3.4.0' ],
3934 silly audit   'source-map-js': [ '1.2.1' ],
3934 silly audit   'postcss-selector-parser': [ '6.1.2' ],
3934 silly audit   extend: [ '3.0.2' ],
3934 silly audit   cssesc: [ '3.0.0' ],
3934 silly audit   'util-deprecate': [ '1.0.2' ],
3934 silly audit   kleur: [ '3.0.3' ],
3934 silly audit   sisteransi: [ '1.0.5' ],
3934 silly audit   'end-of-stream': [ '1.4.5' ],
3934 silly audit   once: [ '1.4.0' ],
3934 silly audit   wrappy: [ '1.0.2' ],
3934 silly audit   'decode-uri-component': [ '0.2.2' ],
3934 silly audit   'filter-obj': [ '1.1.0' ],
3934 silly audit   'split-on-first': [ '1.1.0' ],
3934 silly audit   'strict-uri-encode': [ '2.0.0' ],
3934 silly audit   inherits: [ '2.0.4' ],
3934 silly audit   scheduler: [ '0.27.0' ],
3934 silly audit   '@jest/create-cache-key-function': [ '29.7.0' ],
3934 silly audit   '@react-native/assets-registry': [ '0.83.6' ],
3934 silly audit   '@react-native/community-cli-plugin': [ '0.83.6' ],
3934 silly audit   '@react-native/gradle-plugin': [ '0.83.6' ],
3934 silly audit   '@react-native/js-polyfills': [ '0.83.6' ],
3934 silly audit   '@react-native/virtualized-lists': [ '0.83.6' ],
3934 silly audit   'abort-controller': [ '3.0.0' ],
3934 silly audit   'ansi-regex': [ '5.0.1', '4.1.1' ],
3934 silly audit   'babel-jest': [ '29.7.0' ],
3934 silly audit   'hermes-compiler': [ '0.14.1' ],
3934 silly audit   'jest-environment-node': [ '29.7.0' ],
3934 silly audit   'memoize-one': [ '5.2.1', '6.0.0' ],
3934 silly audit   promise: [ '8.3.0', '7.3.1' ],
3934 silly audit   'react-devtools-core': [ '6.1.5' ],
3934 silly audit   'regenerator-runtime': [ '0.13.11' ],
3934 silly audit   'whatwg-fetch': [ '3.6.20' ],
3934 silly audit   'event-target-shim': [ '5.0.1' ],
3934 silly audit   '@jest/transform': [ '29.7.0' ],
3934 silly audit   '@types/babel__core': [ '7.20.5' ],
3934 silly audit   'babel-plugin-istanbul': [ '6.1.1' ],
3934 silly audit   'babel-preset-jest': [ '29.6.3' ],
3934 silly audit   slash: [ '3.0.0' ],
3934 silly audit   'fast-json-stable-stringify': [ '2.1.0' ],
3934 silly audit   'jest-haste-map': [ '29.7.0' ],
3934 silly audit   'jest-regex-util': [ '29.6.3' ],
3934 silly audit   pirates: [ '4.0.7' ],
3934 silly audit   'write-file-atomic': [ '4.0.2' ],
3934 silly audit   '@types/babel__generator': [ '7.27.0' ],
3934 silly audit   '@types/babel__template': [ '7.4.4' ],
3934 silly audit   '@types/babel__traverse': [ '7.28.0' ],
3934 silly audit   '@istanbuljs/load-nyc-config': [ '1.1.0' ],
3934 silly audit   '@istanbuljs/schema': [ '0.1.6' ],
3934 silly audit   'istanbul-lib-instrument': [ '5.2.1' ],
3934 silly audit   'test-exclude': [ '6.0.0' ],
3934 silly audit   'find-up': [ '4.1.0' ],
3934 silly audit   'get-package-type': [ '0.1.0' ],
3934 silly audit   'babel-plugin-jest-hoist': [ '29.6.3' ],
3934 silly audit   'babel-preset-current-node-syntax': [ '1.2.0' ],
3934 silly audit   '@babel/plugin-syntax-async-generators': [ '7.8.4' ],
3934 silly audit   '@babel/plugin-syntax-bigint': [ '7.8.3' ],
3934 silly audit   '@babel/plugin-syntax-class-properties': [ '7.12.13' ],
3934 silly audit   '@babel/plugin-syntax-class-static-block': [ '7.14.5' ],
3934 silly audit   '@babel/plugin-syntax-import-attributes': [ '7.28.6' ],
3934 silly audit   '@babel/plugin-syntax-import-meta': [ '7.10.4' ],
3934 silly audit   '@babel/plugin-syntax-json-strings': [ '7.8.3' ],
3934 silly audit   '@babel/plugin-syntax-logical-assignment-operators': [ '7.10.4' ],
3934 silly audit   '@babel/plugin-syntax-numeric-separator': [ '7.10.4' ],
3934 silly audit   '@babel/plugin-syntax-object-rest-spread': [ '7.8.3' ],
3934 silly audit   '@babel/plugin-syntax-optional-catch-binding': [ '7.8.3' ],
3934 silly audit   '@babel/plugin-syntax-private-property-in-object': [ '7.14.5' ],
3934 silly audit   '@babel/plugin-syntax-top-level-await': [ '7.14.5' ],
3934 silly audit   'locate-path': [ '5.0.0' ],
3934 silly audit   'path-exists': [ '4.0.0' ],
3934 silly audit   'istanbul-lib-coverage': [ '3.2.2' ],
3934 silly audit   '@jest/environment': [ '29.7.0' ],
3934 silly audit   '@jest/fake-timers': [ '29.7.0' ],
3934 silly audit   'jest-mock': [ '29.7.0' ],
3934 silly audit   '@sinonjs/fake-timers': [ '10.3.0' ],
3934 silly audit   'jest-message-util': [ '29.7.0' ],
3934 silly audit   '@sinonjs/commons': [ '3.0.1' ],
3934 silly audit   'type-detect': [ '4.0.8' ],
3934 silly audit   '@types/graceful-fs': [ '4.1.9' ],
3934 silly audit   anymatch: [ '3.1.3' ],
3934 silly audit   fsevents: [ '2.3.3' ],
3934 silly audit   'normalize-path': [ '3.0.0' ],
3934 silly audit   '@types/stack-utils': [ '2.0.3' ],
3934 silly audit   'stack-utils': [ '2.0.6' ],
3934 silly audit   'p-locate': [ '4.1.0' ],
3934 silly audit   'p-limit': [ '2.3.0' ],
3934 silly audit   'p-try': [ '2.2.0' ],
3934 silly audit   asap: [ '2.0.6' ],
3934 silly audit   'shell-quote': [ '1.8.3' ],
3934 silly audit   'fast-base64-decode': [ '1.0.0' ],
3934 silly audit   'react-freeze': [ '1.0.4' ],
3934 silly audit   'css-select': [ '5.2.2' ],
3934 silly audit   'css-tree': [ '1.1.3' ],
3934 silly audit   boolbase: [ '1.0.0' ],
3934 silly audit   'css-what': [ '6.2.2' ],
3934 silly audit   domhandler: [ '5.0.3' ],
3934 silly audit   domutils: [ '3.2.2' ],
3934 silly audit   'nth-check': [ '2.1.1' ],
3934 silly audit   'mdn-data': [ '2.0.14' ],
3934 silly audit   domelementtype: [ '2.3.0' ],
3934 silly audit   'dom-serializer': [ '2.0.0' ],
3934 silly audit   entities: [ '4.5.0' ],
3934 silly audit   fbjs: [ '3.0.5' ],
3934 silly audit   'inline-style-prefixer': [ '7.0.1' ],
3934 silly audit   styleq: [ '0.1.3' ],
3934 silly audit   'cross-fetch': [ '3.2.0' ],
3934 silly audit   'fbjs-css-vars': [ '1.0.2' ],
3934 silly audit   'object-assign': [ '4.1.1' ],
3934 silly audit   setimmediate: [ '1.0.5' ],
3934 silly audit   'ua-parser-js': [ '1.0.41' ],
3934 silly audit   'node-fetch': [ '2.7.0' ],
3934 silly audit   'css-in-js-utils': [ '3.1.0' ],
3934 silly audit   'hyphenate-style-name': [ '1.1.0' ],
3934 silly audit   'whatwg-url': [ '5.0.0' ],
3934 silly audit   '@babel/plugin-transform-template-literals': [ '7.27.1' ],
3934 silly audit   regenerate: [ '1.4.2' ],
3934 silly audit   'regenerate-unicode-properties': [ '10.2.2' ],
3934 silly audit   regjsgen: [ '0.8.0' ],
3934 silly audit   regjsparser: [ '0.13.1' ],
3934 silly audit   'unicode-match-property-ecmascript': [ '2.0.0' ],
3934 silly audit   'unicode-match-property-value-ecmascript': [ '2.2.1' ],
3934 silly audit   'es-errors': [ '1.3.0' ],
3934 silly audit   'is-core-module': [ '2.16.1' ],
3934 silly audit   'path-parse': [ '1.0.7' ],
3934 silly audit   'supports-preserve-symlinks-flag': [ '1.0.0' ],
3934 silly audit   hasown: [ '2.0.3' ],
3934 silly audit   'function-bind': [ '1.1.2' ],
3934 silly audit   onetime: [ '2.0.1' ],
3934 silly audit   'signal-exit': [ '3.0.7' ],
3934 silly audit   'mimic-fn': [ '1.2.0' ],
3934 silly audit   depd: [ '2.0.0' ],
3934 silly audit   destroy: [ '1.2.0' ],
3934 silly audit   etag: [ '1.8.1' ],
3934 silly audit   fresh: [ '0.5.2' ],
3934 silly audit   'http-errors': [ '2.0.1' ],
3934 silly audit   mime: [ '1.6.0' ],
3934 silly audit   'range-parser': [ '1.2.1' ],
3934 silly audit   setprototypeof: [ '1.2.0' ],
3934 silly audit   toidentifier: [ '1.0.1' ],
3934 silly audit   'shebang-regex': [ '3.0.0' ],
3934 silly audit   'is-arrayish': [ '0.3.4' ],
3934 silly audit   'buffer-from': [ '1.1.2' ],
3934 silly audit   'type-fest': [ '0.7.1', '0.21.3' ],
3934 silly audit   'has-flag': [ '4.0.0', '3.0.0' ],
3934 silly audit   '@alloc/quick-lru': [ '5.2.0' ],
3934 silly audit   chokidar: [ '3.6.0' ],
3934 silly audit   didyoumean: [ '1.2.2' ],
3934 silly audit   dlv: [ '1.1.3' ],
3934 silly audit   'fast-glob': [ '3.3.3' ],
3934 silly audit   'glob-parent': [ '6.0.2', '5.1.2' ],
3934 silly audit   'is-glob': [ '4.0.3' ],
3934 silly audit   jiti: [ '1.21.7' ],
3934 silly audit   lilconfig: [ '2.1.0', '3.1.3' ],
3934 silly audit   'object-hash': [ '3.0.0' ],
3934 silly audit   'postcss-import': [ '15.1.0' ],
3934 silly audit   'postcss-js': [ '4.1.0' ],
3934 silly audit   'postcss-load-config': [ '4.0.2' ],
3934 silly audit   sucrase: [ '3.35.1' ],
3934 silly audit   'is-binary-path': [ '2.1.0' ],
3934 silly audit   readdirp: [ '3.6.0' ],
3934 silly audit   '@nodelib/fs.stat': [ '2.0.5' ],
3934 silly audit   '@nodelib/fs.walk': [ '1.2.8' ],
3934 silly audit   merge2: [ '1.4.1' ],
3934 silly audit   '@nodelib/fs.scandir': [ '2.1.5' ],
3934 silly audit   fastq: [ '1.20.1' ],
3934 silly audit   'run-parallel': [ '1.2.0' ],
3934 silly audit   reusify: [ '1.1.0' ],
3934 silly audit   'binary-extensions': [ '2.3.0' ],
3934 silly audit   'is-extglob': [ '2.1.1' ],
3934 silly audit   'read-cache': [ '1.0.0' ],
3934 silly audit   'camelcase-css': [ '2.0.1' ],
3934 silly audit   pify: [ '2.3.0' ],
3934 silly audit   'queue-microtask': [ '1.2.3' ],
3934 silly audit   'lines-and-columns': [ '1.2.4' ],
3934 silly audit   mz: [ '2.7.0' ],
3934 silly audit   tinyglobby: [ '0.2.16' ],
3934 silly audit   'ts-interface-checker': [ '0.1.13' ],
3934 silly audit   'any-promise': [ '1.3.0' ],
3934 silly audit   'thenify-all': [ '1.6.0' ],
3934 silly audit   'ansi-escapes': [ '4.3.2' ],
3934 silly audit   'supports-hyperlinks': [ '2.3.0' ],
3934 silly audit   '@jridgewell/source-map': [ '0.3.11' ],
3934 silly audit   acorn: [ '8.16.0' ],
3934 silly audit   thenify: [ '3.3.1' ],
3934 silly audit   fdir: [ '6.5.0' ],
3934 silly audit   'is-number': [ '7.0.0' ],
3934 silly audit   'unicode-canonical-property-names-ecmascript': [ '2.0.1' ],
3934 silly audit   'unicode-property-aliases-ecmascript': [ '2.2.0' ],
3934 silly audit   escalade: [ '3.2.0' ],
3934 silly audit   makeerror: [ '1.0.12' ],
3934 silly audit   tmpl: [ '1.0.5' ],
3934 silly audit   defaults: [ '1.0.4' ],
3934 silly audit   clone: [ '1.0.4' ],
3934 silly audit   tr46: [ '0.0.3' ],
3934 silly audit   'webidl-conversions': [ '3.0.1' ],
3934 silly audit   isexe: [ '2.0.0' ],
3934 silly audit   'string-width': [ '4.2.3' ],
3934 silly audit   'emoji-regex': [ '8.0.0' ],
3934 silly audit   'is-fullwidth-code-point': [ '3.0.0' ],
3934 silly audit   imurmurhash: [ '0.1.4' ],
3934 silly audit   'simple-plist': [ '1.3.1' ],
3934 silly audit   plist: [ '3.1.0' ],
3934 silly audit   sax: [ '1.6.0' ],
3934 silly audit   cliui: [ '8.0.1' ],
3934 silly audit   'get-caller-file': [ '2.0.5' ],
3934 silly audit   'require-directory': [ '2.1.1' ],
3934 silly audit   y18n: [ '5.0.8' ],
3934 silly audit   'yargs-parser': [ '21.1.1' ],
3934 silly audit   esprima: [ '4.0.1' ],
3934 silly audit   'sprintf-js': [ '1.0.3' ],
3934 silly audit   'fs.realpath': [ '1.0.0' ],
3934 silly audit   inflight: [ '1.0.6' ],
3934 silly audit   'path-is-absolute': [ '1.0.1' ],
3934 silly audit   'concat-map': [ '0.0.1' ],
3934 silly audit   'define-lazy-prop': [ '2.0.0' ],
3934 silly audit   'to-fast-properties': [ '2.0.0' ]
3934 silly audit }
3935 http cache to-fast-properties@https://registry.npmjs.org/to-fast-properties/-/to-fast-properties-2.0.0.tgz 0ms (cache hit)
3936 http cache path-is-absolute@https://registry.npmjs.org/path-is-absolute/-/path-is-absolute-1.0.1.tgz 0ms (cache hit)
3937 http cache concat-map@https://registry.npmjs.org/concat-map/-/concat-map-0.0.1.tgz 0ms (cache hit)
3938 http cache fs.realpath@https://registry.npmjs.org/fs.realpath/-/fs.realpath-1.0.0.tgz 0ms (cache hit)
3939 http cache define-lazy-prop@https://registry.npmjs.org/define-lazy-prop/-/define-lazy-prop-2.0.0.tgz 0ms (cache hit)
3940 http cache inflight@https://registry.npmjs.org/inflight/-/inflight-1.0.6.tgz 0ms (cache hit)
3941 http cache esprima@https://registry.npmjs.org/esprima/-/esprima-4.0.1.tgz 0ms (cache hit)
3942 http cache sprintf-js@https://registry.npmjs.org/sprintf-js/-/sprintf-js-1.0.3.tgz 0ms (cache hit)
3943 http cache yargs-parser@https://registry.npmjs.org/yargs-parser/-/yargs-parser-21.1.1.tgz 0ms (cache hit)
3944 http cache y18n@https://registry.npmjs.org/y18n/-/y18n-5.0.8.tgz 0ms (cache hit)
3945 http cache get-caller-file@https://registry.npmjs.org/get-caller-file/-/get-caller-file-2.0.5.tgz 0ms (cache hit)
3946 http cache require-directory@https://registry.npmjs.org/require-directory/-/require-directory-2.1.1.tgz 0ms (cache hit)
3947 http cache cliui@https://registry.npmjs.org/cliui/-/cliui-8.0.1.tgz 0ms (cache hit)
3948 http cache simple-plist@https://registry.npmjs.org/simple-plist/-/simple-plist-1.3.1.tgz 0ms (cache hit)
3949 http cache sax@https://registry.npmjs.org/sax/-/sax-1.6.0.tgz 0ms (cache hit)
3950 http cache imurmurhash@https://registry.npmjs.org/imurmurhash/-/imurmurhash-0.1.4.tgz 0ms (cache hit)
3951 http cache emoji-regex@https://registry.npmjs.org/emoji-regex/-/emoji-regex-8.0.0.tgz 0ms (cache hit)
3952 http cache is-fullwidth-code-point@https://registry.npmjs.org/is-fullwidth-code-point/-/is-fullwidth-code-point-3.0.0.tgz 0ms (cache hit)
3953 http cache webidl-conversions@https://registry.npmjs.org/webidl-conversions/-/webidl-conversions-3.0.1.tgz 0ms (cache hit)
3954 http cache plist@https://registry.npmjs.org/plist/-/plist-3.1.0.tgz 0ms (cache hit)
3955 http cache isexe@https://registry.npmjs.org/isexe/-/isexe-2.0.0.tgz 0ms (cache hit)
3956 http cache tr46@https://registry.npmjs.org/tr46/-/tr46-0.0.3.tgz 0ms (cache hit)
3957 http cache tmpl@https://registry.npmjs.org/tmpl/-/tmpl-1.0.5.tgz 0ms (cache hit)
3958 http cache string-width@https://registry.npmjs.org/string-width/-/string-width-4.2.3.tgz 0ms (cache hit)
3959 http cache makeerror@https://registry.npmjs.org/makeerror/-/makeerror-1.0.12.tgz 0ms (cache hit)
3960 http cache escalade@https://registry.npmjs.org/escalade/-/escalade-3.2.0.tgz 0ms (cache hit)
3961 http cache clone@https://registry.npmjs.org/clone/-/clone-1.0.4.tgz 0ms (cache hit)
3962 http cache unicode-canonical-property-names-ecmascript@https://registry.npmjs.org/unicode-canonical-property-names-ecmascript/-/unicode-canonical-property-names-ecmascript-2.0.1.tgz 0ms (cache hit)
3963 http cache unicode-property-aliases-ecmascript@https://registry.npmjs.org/unicode-property-aliases-ecmascript/-/unicode-property-aliases-ecmascript-2.2.0.tgz 0ms (cache hit)
3964 http cache is-number@https://registry.npmjs.org/is-number/-/is-number-7.0.0.tgz 0ms (cache hit)
3965 http cache fdir@https://registry.npmjs.org/fdir/-/fdir-6.5.0.tgz 0ms (cache hit)
3966 http cache thenify@https://registry.npmjs.org/thenify/-/thenify-3.3.1.tgz 0ms (cache hit)
3967 http cache @jridgewell/source-map@https://registry.npmjs.org/@jridgewell/source-map/-/source-map-0.3.11.tgz 0ms (cache hit)
3968 http cache thenify-all@https://registry.npmjs.org/thenify-all/-/thenify-all-1.6.0.tgz 0ms (cache hit)
3969 http cache acorn@https://registry.npmjs.org/acorn/-/acorn-8.16.0.tgz 0ms (cache hit)
3970 http cache ansi-escapes@https://registry.npmjs.org/ansi-escapes/-/ansi-escapes-4.3.2.tgz 0ms (cache hit)
3971 http cache supports-hyperlinks@https://registry.npmjs.org/supports-hyperlinks/-/supports-hyperlinks-2.3.0.tgz 0ms (cache hit)
3972 http cache lines-and-columns@https://registry.npmjs.org/lines-and-columns/-/lines-and-columns-1.2.4.tgz 0ms (cache hit)
3973 http cache any-promise@https://registry.npmjs.org/any-promise/-/any-promise-1.3.0.tgz 0ms (cache hit)
3974 http cache defaults@https://registry.npmjs.org/defaults/-/defaults-1.0.4.tgz 0ms (cache hit)
3975 http cache mz@https://registry.npmjs.org/mz/-/mz-2.7.0.tgz 0ms (cache hit)
3976 http cache tinyglobby@https://registry.npmjs.org/tinyglobby/-/tinyglobby-0.2.16.tgz 0ms (cache hit)
3977 http cache queue-microtask@https://registry.npmjs.org/queue-microtask/-/queue-microtask-1.2.3.tgz 0ms (cache hit)
3978 http cache camelcase-css@https://registry.npmjs.org/camelcase-css/-/camelcase-css-2.0.1.tgz 0ms (cache hit)
3979 http cache ts-interface-checker@https://registry.npmjs.org/ts-interface-checker/-/ts-interface-checker-0.1.13.tgz 0ms (cache hit)
3980 http cache read-cache@https://registry.npmjs.org/read-cache/-/read-cache-1.0.0.tgz 0ms (cache hit)
3981 http cache is-extglob@https://registry.npmjs.org/is-extglob/-/is-extglob-2.1.1.tgz 0ms (cache hit)
3982 http cache run-parallel@https://registry.npmjs.org/run-parallel/-/run-parallel-1.2.0.tgz 0ms (cache hit)
3983 http cache binary-extensions@https://registry.npmjs.org/binary-extensions/-/binary-extensions-2.3.0.tgz 0ms (cache hit)
3984 http cache fastq@https://registry.npmjs.org/fastq/-/fastq-1.20.1.tgz 0ms (cache hit)
3985 http cache reusify@https://registry.npmjs.org/reusify/-/reusify-1.1.0.tgz 0ms (cache hit)
3986 http cache @nodelib/fs.scandir@https://registry.npmjs.org/@nodelib/fs.scandir/-/fs.scandir-2.1.5.tgz 0ms (cache hit)
3987 http cache merge2@https://registry.npmjs.org/merge2/-/merge2-1.4.1.tgz 0ms (cache hit)
3988 http cache @nodelib/fs.walk@https://registry.npmjs.org/@nodelib/fs.walk/-/fs.walk-1.2.8.tgz 0ms (cache hit)
3989 http cache readdirp@https://registry.npmjs.org/readdirp/-/readdirp-3.6.0.tgz 0ms (cache hit)
3990 http cache is-binary-path@https://registry.npmjs.org/is-binary-path/-/is-binary-path-2.1.0.tgz 0ms (cache hit)
3991 http cache postcss-js@https://registry.npmjs.org/postcss-js/-/postcss-js-4.1.0.tgz 0ms (cache hit)
3992 http cache sucrase@https://registry.npmjs.org/sucrase/-/sucrase-3.35.1.tgz 0ms (cache hit)
3993 http cache postcss-load-config@https://registry.npmjs.org/postcss-load-config/-/postcss-load-config-4.0.2.tgz 0ms (cache hit)
3994 http cache postcss-import@https://registry.npmjs.org/postcss-import/-/postcss-import-15.1.0.tgz 0ms (cache hit)
3995 http cache @nodelib/fs.stat@https://registry.npmjs.org/@nodelib/fs.stat/-/fs.stat-2.0.5.tgz 0ms (cache hit)
3996 http cache object-hash@https://registry.npmjs.org/object-hash/-/object-hash-3.0.0.tgz 0ms (cache hit)
3997 http cache glob-parent@https://registry.npmjs.org/glob-parent/-/glob-parent-6.0.2.tgz 0ms (cache hit)
3998 http cache pify@https://registry.npmjs.org/pify/-/pify-2.3.0.tgz 0ms (cache hit)
3999 http cache is-glob@https://registry.npmjs.org/is-glob/-/is-glob-4.0.3.tgz 0ms (cache hit)
4000 http cache lilconfig@https://registry.npmjs.org/lilconfig/-/lilconfig-2.1.0.tgz 0ms (cache hit)
4001 http cache jiti@https://registry.npmjs.org/jiti/-/jiti-1.21.7.tgz 0ms (cache hit)
4002 http cache has-flag@https://registry.npmjs.org/has-flag/-/has-flag-4.0.0.tgz 0ms (cache hit)
4003 http cache dlv@https://registry.npmjs.org/dlv/-/dlv-1.1.3.tgz 0ms (cache hit)
4004 http cache chokidar@https://registry.npmjs.org/chokidar/-/chokidar-3.6.0.tgz 0ms (cache hit)
4005 http cache fast-glob@https://registry.npmjs.org/fast-glob/-/fast-glob-3.3.3.tgz 0ms (cache hit)
4006 http cache @alloc/quick-lru@https://registry.npmjs.org/@alloc/quick-lru/-/quick-lru-5.2.0.tgz 0ms (cache hit)
4007 http cache type-fest@https://registry.npmjs.org/type-fest/-/type-fest-0.7.1.tgz 0ms (cache hit)
4008 http cache buffer-from@https://registry.npmjs.org/buffer-from/-/buffer-from-1.1.2.tgz 0ms (cache hit)
4009 http cache shebang-regex@https://registry.npmjs.org/shebang-regex/-/shebang-regex-3.0.0.tgz 0ms (cache hit)
4010 http cache is-arrayish@https://registry.npmjs.org/is-arrayish/-/is-arrayish-0.3.4.tgz 0ms (cache hit)
4011 http cache toidentifier@https://registry.npmjs.org/toidentifier/-/toidentifier-1.0.1.tgz 0ms (cache hit)
4012 http cache setprototypeof@https://registry.npmjs.org/setprototypeof/-/setprototypeof-1.2.0.tgz 0ms (cache hit)
4013 http cache range-parser@https://registry.npmjs.org/range-parser/-/range-parser-1.2.1.tgz 0ms (cache hit)
4014 http cache mime@https://registry.npmjs.org/mime/-/mime-1.6.0.tgz 0ms (cache hit)
4015 http cache http-errors@https://registry.npmjs.org/http-errors/-/http-errors-2.0.1.tgz 0ms (cache hit)
4016 http cache etag@https://registry.npmjs.org/etag/-/etag-1.8.1.tgz 0ms (cache hit)
4017 http cache mimic-fn@https://registry.npmjs.org/mimic-fn/-/mimic-fn-1.2.0.tgz 0ms (cache hit)
4018 http cache destroy@https://registry.npmjs.org/destroy/-/destroy-1.2.0.tgz 0ms (cache hit)
4019 http cache didyoumean@https://registry.npmjs.org/didyoumean/-/didyoumean-1.2.2.tgz 0ms (cache hit)
4020 http cache fresh@https://registry.npmjs.org/fresh/-/fresh-0.5.2.tgz 0ms (cache hit)
4021 http cache depd@https://registry.npmjs.org/depd/-/depd-2.0.0.tgz 0ms (cache hit)
4022 http cache signal-exit@https://registry.npmjs.org/signal-exit/-/signal-exit-3.0.7.tgz 0ms (cache hit)
4023 http cache hasown@https://registry.npmjs.org/hasown/-/hasown-2.0.3.tgz 0ms (cache hit)
4024 http cache function-bind@https://registry.npmjs.org/function-bind/-/function-bind-1.1.2.tgz 0ms (cache hit)
4025 http cache supports-preserve-symlinks-flag@https://registry.npmjs.org/supports-preserve-symlinks-flag/-/supports-preserve-symlinks-flag-1.0.0.tgz 0ms (cache hit)
4026 http cache is-core-module@https://registry.npmjs.org/is-core-module/-/is-core-module-2.16.1.tgz 0ms (cache hit)
4027 http cache unicode-match-property-ecmascript@https://registry.npmjs.org/unicode-match-property-ecmascript/-/unicode-match-property-ecmascript-2.0.0.tgz 0ms (cache hit)
4028 http cache regjsparser@https://registry.npmjs.org/regjsparser/-/regjsparser-0.13.1.tgz 0ms (cache hit)
4029 http cache regjsgen@https://registry.npmjs.org/regjsgen/-/regjsgen-0.8.0.tgz 0ms (cache hit)
4030 http cache onetime@https://registry.npmjs.org/onetime/-/onetime-2.0.1.tgz 0ms (cache hit)
4031 http cache unicode-match-property-value-ecmascript@https://registry.npmjs.org/unicode-match-property-value-ecmascript/-/unicode-match-property-value-ecmascript-2.2.1.tgz 0ms (cache hit)
4032 http cache es-errors@https://registry.npmjs.org/es-errors/-/es-errors-1.3.0.tgz 0ms (cache hit)
4033 http cache path-parse@https://registry.npmjs.org/path-parse/-/path-parse-1.0.7.tgz 0ms (cache hit)
4034 http cache @babel/plugin-transform-template-literals@https://registry.npmjs.org/@babel/plugin-transform-template-literals/-/plugin-transform-template-literals-7.27.1.tgz 0ms (cache hit)
4035 http cache whatwg-url@https://registry.npmjs.org/whatwg-url/-/whatwg-url-5.0.0.tgz 0ms (cache hit)
4036 http cache hyphenate-style-name@https://registry.npmjs.org/hyphenate-style-name/-/hyphenate-style-name-1.1.0.tgz 0ms (cache hit)
4037 http cache node-fetch@https://registry.npmjs.org/node-fetch/-/node-fetch-2.7.0.tgz 0ms (cache hit)
4038 http cache ua-parser-js@https://registry.npmjs.org/ua-parser-js/-/ua-parser-js-1.0.41.tgz 0ms (cache hit)
4039 http cache regenerate@https://registry.npmjs.org/regenerate/-/regenerate-1.4.2.tgz 0ms (cache hit)
4040 http cache object-assign@https://registry.npmjs.org/object-assign/-/object-assign-4.1.1.tgz 0ms (cache hit)
4041 http cache regenerate-unicode-properties@https://registry.npmjs.org/regenerate-unicode-properties/-/regenerate-unicode-properties-10.2.2.tgz 0ms (cache hit)
4042 http cache setimmediate@https://registry.npmjs.org/setimmediate/-/setimmediate-1.0.5.tgz 0ms (cache hit)
4043 http cache fbjs-css-vars@https://registry.npmjs.org/fbjs-css-vars/-/fbjs-css-vars-1.0.2.tgz 0ms (cache hit)
4044 http cache css-in-js-utils@https://registry.npmjs.org/css-in-js-utils/-/css-in-js-utils-3.1.0.tgz 0ms (cache hit)
4045 http cache cross-fetch@https://registry.npmjs.org/cross-fetch/-/cross-fetch-3.2.0.tgz 0ms (cache hit)
4046 http cache styleq@https://registry.npmjs.org/styleq/-/styleq-0.1.3.tgz 0ms (cache hit)
4047 http cache entities@https://registry.npmjs.org/entities/-/entities-4.5.0.tgz 0ms (cache hit)
4048 http cache dom-serializer@https://registry.npmjs.org/dom-serializer/-/dom-serializer-2.0.0.tgz 0ms (cache hit)
4049 http cache domelementtype@https://registry.npmjs.org/domelementtype/-/domelementtype-2.3.0.tgz 0ms (cache hit)
4050 http cache mdn-data@https://registry.npmjs.org/mdn-data/-/mdn-data-2.0.14.tgz 0ms (cache hit)
4051 http cache nth-check@https://registry.npmjs.org/nth-check/-/nth-check-2.1.1.tgz 0ms (cache hit)
4052 http cache inline-style-prefixer@https://registry.npmjs.org/inline-style-prefixer/-/inline-style-prefixer-7.0.1.tgz 0ms (cache hit)
4053 http cache domutils@https://registry.npmjs.org/domutils/-/domutils-3.2.2.tgz 0ms (cache hit)
4054 http cache css-select@https://registry.npmjs.org/css-select/-/css-select-5.2.2.tgz 0ms (cache hit)
4055 http cache fbjs@https://registry.npmjs.org/fbjs/-/fbjs-3.0.5.tgz 0ms (cache hit)
4056 http cache css-what@https://registry.npmjs.org/css-what/-/css-what-6.2.2.tgz 0ms (cache hit)
4057 http cache css-tree@https://registry.npmjs.org/css-tree/-/css-tree-1.1.3.tgz 0ms (cache hit)
4058 http cache react-freeze@https://registry.npmjs.org/react-freeze/-/react-freeze-1.0.4.tgz 0ms (cache hit)
4059 http cache boolbase@https://registry.npmjs.org/boolbase/-/boolbase-1.0.0.tgz 0ms (cache hit)
4060 http cache fast-base64-decode@https://registry.npmjs.org/fast-base64-decode/-/fast-base64-decode-1.0.0.tgz 0ms (cache hit)
4061 http cache asap@https://registry.npmjs.org/asap/-/asap-2.0.6.tgz 0ms (cache hit)
4062 http cache p-try@https://registry.npmjs.org/p-try/-/p-try-2.2.0.tgz 0ms (cache hit)
4063 http cache shell-quote@https://registry.npmjs.org/shell-quote/-/shell-quote-1.8.3.tgz 0ms (cache hit)
4064 http cache p-locate@https://registry.npmjs.org/p-locate/-/p-locate-4.1.0.tgz 0ms (cache hit)
4065 http cache @types/stack-utils@https://registry.npmjs.org/@types/stack-utils/-/stack-utils-2.0.3.tgz 0ms (cache hit)
4066 http cache stack-utils@https://registry.npmjs.org/stack-utils/-/stack-utils-2.0.6.tgz 0ms (cache hit)
4067 http cache p-limit@https://registry.npmjs.org/p-limit/-/p-limit-2.3.0.tgz 0ms (cache hit)
4068 http cache fsevents@https://registry.npmjs.org/fsevents/-/fsevents-2.3.3.tgz 0ms (cache hit)
4069 http cache domhandler@https://registry.npmjs.org/domhandler/-/domhandler-5.0.3.tgz 0ms (cache hit)
4070 http cache normalize-path@https://registry.npmjs.org/normalize-path/-/normalize-path-3.0.0.tgz 0ms (cache hit)
4071 http cache anymatch@https://registry.npmjs.org/anymatch/-/anymatch-3.1.3.tgz 0ms (cache hit)
4072 http cache jest-message-util@https://registry.npmjs.org/jest-message-util/-/jest-message-util-29.7.0.tgz 0ms (cache hit)
4073 http cache @sinonjs/commons@https://registry.npmjs.org/@sinonjs/commons/-/commons-3.0.1.tgz 0ms (cache hit)
4074 http cache @sinonjs/fake-timers@https://registry.npmjs.org/@sinonjs/fake-timers/-/fake-timers-10.3.0.tgz 0ms (cache hit)
4075 http cache @types/graceful-fs@https://registry.npmjs.org/@types/graceful-fs/-/graceful-fs-4.1.9.tgz 0ms (cache hit)
4076 http cache jest-mock@https://registry.npmjs.org/jest-mock/-/jest-mock-29.7.0.tgz 0ms (cache hit)
4077 http cache istanbul-lib-coverage@https://registry.npmjs.org/istanbul-lib-coverage/-/istanbul-lib-coverage-3.2.2.tgz 0ms (cache hit)
4078 http cache @jest/fake-timers@https://registry.npmjs.org/@jest/fake-timers/-/fake-timers-29.7.0.tgz 0ms (cache hit)
4079 http cache @jest/environment@https://registry.npmjs.org/@jest/environment/-/environment-29.7.0.tgz 0ms (cache hit)
4080 http cache @babel/plugin-syntax-top-level-await@https://registry.npmjs.org/@babel/plugin-syntax-top-level-await/-/plugin-syntax-top-level-await-7.14.5.tgz 0ms (cache hit)
4081 http cache @babel/plugin-syntax-optional-catch-binding@https://registry.npmjs.org/@babel/plugin-syntax-optional-catch-binding/-/plugin-syntax-optional-catch-binding-7.8.3.tgz 0ms (cache hit)
4082 http cache locate-path@https://registry.npmjs.org/locate-path/-/locate-path-5.0.0.tgz 0ms (cache hit)
4083 http cache @babel/plugin-syntax-private-property-in-object@https://registry.npmjs.org/@babel/plugin-syntax-private-property-in-object/-/plugin-syntax-private-property-in-object-7.14.5.tgz 0ms (cache hit)
4084 http cache @babel/plugin-syntax-object-rest-spread@https://registry.npmjs.org/@babel/plugin-syntax-object-rest-spread/-/plugin-syntax-object-rest-spread-7.8.3.tgz 0ms (cache hit)
4085 http cache path-exists@https://registry.npmjs.org/path-exists/-/path-exists-4.0.0.tgz 0ms (cache hit)
4086 http cache type-detect@https://registry.npmjs.org/type-detect/-/type-detect-4.0.8.tgz 0ms (cache hit)
4087 http cache @babel/plugin-syntax-numeric-separator@https://registry.npmjs.org/@babel/plugin-syntax-numeric-separator/-/plugin-syntax-numeric-separator-7.10.4.tgz 0ms (cache hit)
4088 http cache @babel/plugin-syntax-import-attributes@https://registry.npmjs.org/@babel/plugin-syntax-import-attributes/-/plugin-syntax-import-attributes-7.28.6.tgz 0ms (cache hit)
4089 http cache @babel/plugin-syntax-import-meta@https://registry.npmjs.org/@babel/plugin-syntax-import-meta/-/plugin-syntax-import-meta-7.10.4.tgz 0ms (cache hit)
4090 http cache @babel/plugin-syntax-class-properties@https://registry.npmjs.org/@babel/plugin-syntax-class-properties/-/plugin-syntax-class-properties-7.12.13.tgz 0ms (cache hit)
4091 http cache @babel/plugin-syntax-json-strings@https://registry.npmjs.org/@babel/plugin-syntax-json-strings/-/plugin-syntax-json-strings-7.8.3.tgz 0ms (cache hit)
4092 http cache @babel/plugin-syntax-bigint@https://registry.npmjs.org/@babel/plugin-syntax-bigint/-/plugin-syntax-bigint-7.8.3.tgz 0ms (cache hit)
4093 http cache @babel/plugin-syntax-async-generators@https://registry.npmjs.org/@babel/plugin-syntax-async-generators/-/plugin-syntax-async-generators-7.8.4.tgz 0ms (cache hit)
4094 http cache @babel/plugin-syntax-class-static-block@https://registry.npmjs.org/@babel/plugin-syntax-class-static-block/-/plugin-syntax-class-static-block-7.14.5.tgz 0ms (cache hit)
4095 http cache @babel/plugin-syntax-logical-assignment-operators@https://registry.npmjs.org/@babel/plugin-syntax-logical-assignment-operators/-/plugin-syntax-logical-assignment-operators-7.10.4.tgz 0ms (cache hit)
4096 http cache get-package-type@https://registry.npmjs.org/get-package-type/-/get-package-type-0.1.0.tgz 0ms (cache hit)
4097 http cache find-up@https://registry.npmjs.org/find-up/-/find-up-4.1.0.tgz 0ms (cache hit)
4098 http cache istanbul-lib-instrument@https://registry.npmjs.org/istanbul-lib-instrument/-/istanbul-lib-instrument-5.2.1.tgz 0ms (cache hit)
4099 http cache babel-plugin-jest-hoist@https://registry.npmjs.org/babel-plugin-jest-hoist/-/babel-plugin-jest-hoist-29.6.3.tgz 0ms (cache hit)
4100 http cache @istanbuljs/schema@https://registry.npmjs.org/@istanbuljs/schema/-/schema-0.1.6.tgz 0ms (cache hit)
4101 http cache @types/babel__traverse@https://registry.npmjs.org/@types/babel__traverse/-/babel__traverse-7.28.0.tgz 0ms (cache hit)
4102 http cache babel-preset-current-node-syntax@https://registry.npmjs.org/babel-preset-current-node-syntax/-/babel-preset-current-node-syntax-1.2.0.tgz 0ms (cache hit)
4103 http cache test-exclude@https://registry.npmjs.org/test-exclude/-/test-exclude-6.0.0.tgz 0ms (cache hit)
4104 http cache @istanbuljs/load-nyc-config@https://registry.npmjs.org/@istanbuljs/load-nyc-config/-/load-nyc-config-1.1.0.tgz 0ms (cache hit)
4105 http cache @types/babel__generator@https://registry.npmjs.org/@types/babel__generator/-/babel__generator-7.27.0.tgz 0ms (cache hit)
4106 http cache pirates@https://registry.npmjs.org/pirates/-/pirates-4.0.7.tgz 0ms (cache hit)
4107 http cache @types/babel__template@https://registry.npmjs.org/@types/babel__template/-/babel__template-7.4.4.tgz 0ms (cache hit)
4108 http cache jest-regex-util@https://registry.npmjs.org/jest-regex-util/-/jest-regex-util-29.6.3.tgz 0ms (cache hit)
4109 http cache jest-haste-map@https://registry.npmjs.org/jest-haste-map/-/jest-haste-map-29.7.0.tgz 0ms (cache hit)
4110 http cache fast-json-stable-stringify@https://registry.npmjs.org/fast-json-stable-stringify/-/fast-json-stable-stringify-2.1.0.tgz 0ms (cache hit)
4111 http cache babel-preset-jest@https://registry.npmjs.org/babel-preset-jest/-/babel-preset-jest-29.6.3.tgz 0ms (cache hit)
4112 http cache slash@https://registry.npmjs.org/slash/-/slash-3.0.0.tgz 0ms (cache hit)
4113 http cache @types/babel__core@https://registry.npmjs.org/@types/babel__core/-/babel__core-7.20.5.tgz 0ms (cache hit)
4114 http cache write-file-atomic@https://registry.npmjs.org/write-file-atomic/-/write-file-atomic-4.0.2.tgz 0ms (cache hit)
4115 http cache @jest/transform@https://registry.npmjs.org/@jest/transform/-/transform-29.7.0.tgz 0ms (cache hit)
4116 http cache event-target-shim@https://registry.npmjs.org/event-target-shim/-/event-target-shim-5.0.1.tgz 0ms (cache hit)
4117 http cache babel-plugin-istanbul@https://registry.npmjs.org/babel-plugin-istanbul/-/babel-plugin-istanbul-6.1.1.tgz 0ms (cache hit)
4118 http cache react-devtools-core@https://registry.npmjs.org/react-devtools-core/-/react-devtools-core-6.1.5.tgz 0ms (cache hit)
4119 http cache promise@https://registry.npmjs.org/promise/-/promise-8.3.0.tgz 0ms (cache hit)
4120 http cache memoize-one@https://registry.npmjs.org/memoize-one/-/memoize-one-5.2.1.tgz 0ms (cache hit)
4121 http cache hermes-compiler@https://registry.npmjs.org/hermes-compiler/-/hermes-compiler-0.14.1.tgz 0ms (cache hit)
4122 http cache whatwg-fetch@https://registry.npmjs.org/whatwg-fetch/-/whatwg-fetch-3.6.20.tgz 0ms (cache hit)
4123 http cache regenerator-runtime@https://registry.npmjs.org/regenerator-runtime/-/regenerator-runtime-0.13.11.tgz 0ms (cache hit)
4124 http cache ansi-regex@https://registry.npmjs.org/ansi-regex/-/ansi-regex-5.0.1.tgz 0ms (cache hit)
4125 http cache @react-native/virtualized-lists@https://registry.npmjs.org/@react-native/virtualized-lists/-/virtualized-lists-0.83.6.tgz 0ms (cache hit)
4126 http cache @react-native/js-polyfills@https://registry.npmjs.org/@react-native/js-polyfills/-/js-polyfills-0.83.6.tgz 0ms (cache hit)
4127 http cache jest-environment-node@https://registry.npmjs.org/jest-environment-node/-/jest-environment-node-29.7.0.tgz 0ms (cache hit)
4128 http cache babel-jest@https://registry.npmjs.org/babel-jest/-/babel-jest-29.7.0.tgz 0ms (cache hit)
4129 http cache abort-controller@https://registry.npmjs.org/abort-controller/-/abort-controller-3.0.0.tgz 0ms (cache hit)
4130 http cache @react-native/gradle-plugin@https://registry.npmjs.org/@react-native/gradle-plugin/-/gradle-plugin-0.83.6.tgz 0ms (cache hit)
4131 http cache @react-native/community-cli-plugin@https://registry.npmjs.org/@react-native/community-cli-plugin/-/community-cli-plugin-0.83.6.tgz 0ms (cache hit)
4132 http cache @react-native/assets-registry@https://registry.npmjs.org/@react-native/assets-registry/-/assets-registry-0.83.6.tgz 0ms (cache hit)
4133 http cache @jest/create-cache-key-function@https://registry.npmjs.org/@jest/create-cache-key-function/-/create-cache-key-function-29.7.0.tgz 0ms (cache hit)
4134 http cache inherits@https://registry.npmjs.org/inherits/-/inherits-2.0.4.tgz 0ms (cache hit)
4135 http cache strict-uri-encode@https://registry.npmjs.org/strict-uri-encode/-/strict-uri-encode-2.0.0.tgz 0ms (cache hit)
4136 http cache split-on-first@https://registry.npmjs.org/split-on-first/-/split-on-first-1.1.0.tgz 0ms (cache hit)
4137 http cache scheduler@https://registry.npmjs.org/scheduler/-/scheduler-0.27.0.tgz 0ms (cache hit)
4138 http cache filter-obj@https://registry.npmjs.org/filter-obj/-/filter-obj-1.1.0.tgz 0ms (cache hit)
4139 http cache decode-uri-component@https://registry.npmjs.org/decode-uri-component/-/decode-uri-component-0.2.2.tgz 0ms (cache hit)
4140 http cache once@https://registry.npmjs.org/once/-/once-1.4.0.tgz 0ms (cache hit)
4141 http cache wrappy@https://registry.npmjs.org/wrappy/-/wrappy-1.0.2.tgz 0ms (cache hit)
4142 http cache sisteransi@https://registry.npmjs.org/sisteransi/-/sisteransi-1.0.5.tgz 0ms (cache hit)
4143 http cache end-of-stream@https://registry.npmjs.org/end-of-stream/-/end-of-stream-1.4.5.tgz 0ms (cache hit)
4144 http cache cssesc@https://registry.npmjs.org/cssesc/-/cssesc-3.0.0.tgz 0ms (cache hit)
4145 http cache extend@https://registry.npmjs.org/extend/-/extend-3.0.2.tgz 0ms (cache hit)
4146 http cache source-map-js@https://registry.npmjs.org/source-map-js/-/source-map-js-1.2.1.tgz 0ms (cache hit)
4147 http cache postcss-selector-parser@https://registry.npmjs.org/postcss-selector-parser/-/postcss-selector-parser-6.1.2.tgz 0ms (cache hit)
4148 http cache pngjs@https://registry.npmjs.org/pngjs/-/pngjs-3.4.0.tgz 0ms (cache hit)
4149 http cache util-deprecate@https://registry.npmjs.org/util-deprecate/-/util-deprecate-1.0.2.tgz 0ms (cache hit)
4150 http cache kleur@https://registry.npmjs.org/kleur/-/kleur-3.0.3.tgz 0ms (cache hit)
4151 http cache log-symbols@https://registry.npmjs.org/log-symbols/-/log-symbols-2.2.0.tgz 0ms (cache hit)
4152 http cache restore-cursor@https://registry.npmjs.org/restore-cursor/-/restore-cursor-2.0.0.tgz 0ms (cache hit)
4153 http cache wcwidth@https://registry.npmjs.org/wcwidth/-/wcwidth-1.0.1.tgz 0ms (cache hit)
4154 http cache cli-spinners@https://registry.npmjs.org/cli-spinners/-/cli-spinners-2.9.2.tgz 0ms (cache hit)
4155 http cache cli-cursor@https://registry.npmjs.org/cli-cursor/-/cli-cursor-2.1.0.tgz 0ms (cache hit)
4156 http cache strip-ansi@https://registry.npmjs.org/strip-ansi/-/strip-ansi-5.2.0.tgz 0ms (cache hit)
4157 http cache validate-npm-package-name@https://registry.npmjs.org/validate-npm-package-name/-/validate-npm-package-name-5.0.1.tgz 0ms (cache hit)
4158 http cache postcss-value-parser@https://registry.npmjs.org/postcss-value-parser/-/postcss-value-parser-4.2.0.tgz 0ms (cache hit)
4159 http cache css-color-keywords@https://registry.npmjs.org/css-color-keywords/-/css-color-keywords-1.0.0.tgz 0ms (cache hit)
4160 http cache hosted-git-info@https://registry.npmjs.org/hosted-git-info/-/hosted-git-info-7.0.2.tgz 0ms (cache hit)
4161 http cache proc-log@https://registry.npmjs.org/proc-log/-/proc-log-4.2.0.tgz 0ms (cache hit)
4162 http cache camelize@https://registry.npmjs.org/camelize/-/camelize-1.0.1.tgz 0ms (cache hit)
4163 http cache postcss-css-variables@https://registry.npmjs.org/postcss-css-variables/-/postcss-css-variables-0.18.0.tgz 0ms (cache hit)
4164 http cache postcss-calc@https://registry.npmjs.org/postcss-calc/-/postcss-calc-8.2.4.tgz 0ms (cache hit)
4165 http cache css-to-react-native@https://registry.npmjs.org/css-to-react-native/-/css-to-react-native-3.2.0.tgz 0ms (cache hit)
4166 http cache postcss-nested@https://registry.npmjs.org/postcss-nested/-/postcss-nested-5.0.6.tgz 0ms (cache hit)
4167 http cache postcss-color-functional-notation@https://registry.npmjs.org/postcss-color-functional-notation/-/postcss-color-functional-notation-4.2.4.tgz 0ms (cache hit)
4168 http cache brace-expansion@https://registry.npmjs.org/brace-expansion/-/brace-expansion-5.0.5.tgz 0ms (cache hit)
4169 http cache balanced-match@https://registry.npmjs.org/balanced-match/-/balanced-match-4.0.4.tgz 0ms (cache hit)
4170 http cache to-regex-range@https://registry.npmjs.org/to-regex-range/-/to-regex-range-5.0.1.tgz 0ms (cache hit)
4171 http cache ee-first@https://registry.npmjs.org/ee-first/-/ee-first-1.1.1.tgz 0ms (cache hit)
4172 http cache vlq@https://registry.npmjs.org/vlq/-/vlq-1.0.1.tgz 0ms (cache hit)
4173 http cache braces@https://registry.npmjs.org/braces/-/braces-3.0.3.tgz 0ms (cache hit)
4174 http cache fill-range@https://registry.npmjs.org/fill-range/-/fill-range-7.1.1.tgz 0ms (cache hit)
4175 http cache css-mediaquery@https://registry.npmjs.org/css-mediaquery/-/css-mediaquery-0.1.2.tgz 0ms (cache hit)
4176 http cache node-int64@https://registry.npmjs.org/node-int64/-/node-int64-0.4.0.tgz 0ms (cache hit)
4177 http cache ob1@https://registry.npmjs.org/ob1/-/ob1-0.83.6.tgz 0ms (cache hit)
4178 http cache walker@https://registry.npmjs.org/walker/-/walker-1.0.8.tgz 0ms (cache hit)
4179 http cache micromatch@https://registry.npmjs.org/micromatch/-/micromatch-4.0.8.tgz 0ms (cache hit)
4180 http cache leven@https://registry.npmjs.org/leven/-/leven-3.1.0.tgz 0ms (cache hit)
4181 http cache terser@https://registry.npmjs.org/terser/-/terser-5.46.2.tgz 0ms (cache hit)
4182 http cache fb-watchman@https://registry.npmjs.org/fb-watchman/-/fb-watchman-2.0.2.tgz 0ms (cache hit)
4183 http cache camelcase@https://registry.npmjs.org/camelcase/-/camelcase-6.3.0.tgz 0ms (cache hit)
4184 http cache jest-get-type@https://registry.npmjs.org/jest-get-type/-/jest-get-type-29.6.3.tgz 0ms (cache hit)
4185 http cache jest-validate@https://registry.npmjs.org/jest-validate/-/jest-validate-29.7.0.tgz 0ms (cache hit)
4186 http cache agent-base@https://registry.npmjs.org/agent-base/-/agent-base-7.1.4.tgz 0ms (cache hit)
4187 http cache bser@https://registry.npmjs.org/bser/-/bser-2.1.1.tgz 0ms (cache hit)
4188 http cache https-proxy-agent@https://registry.npmjs.org/https-proxy-agent/-/https-proxy-agent-7.0.6.tgz 0ms (cache hit)
4189 http cache exponential-backoff@https://registry.npmjs.org/exponential-backoff/-/exponential-backoff-3.1.3.tgz 0ms (cache hit)
4190 http cache @sinclair/typebox@https://registry.npmjs.org/@sinclair/typebox/-/typebox-0.27.10.tgz 0ms (cache hit)
4191 http cache @types/istanbul-lib-report@https://registry.npmjs.org/@types/istanbul-lib-report/-/istanbul-lib-report-3.0.3.tgz 0ms (cache hit)
4192 http cache @types/yargs-parser@https://registry.npmjs.org/@types/yargs-parser/-/yargs-parser-21.0.3.tgz 0ms (cache hit)
4193 http cache @types/istanbul-reports@https://registry.npmjs.org/@types/istanbul-reports/-/istanbul-reports-3.0.4.tgz 0ms (cache hit)
4194 http cache @types/yargs@https://registry.npmjs.org/@types/yargs/-/yargs-17.0.35.tgz 0ms (cache hit)
4195 http cache @jest/schemas@https://registry.npmjs.org/@jest/schemas/-/schemas-29.6.3.tgz 0ms (cache hit)
4196 http cache @types/istanbul-lib-coverage@https://registry.npmjs.org/@types/istanbul-lib-coverage/-/istanbul-lib-coverage-2.0.6.tgz 0ms (cache hit)
4197 http cache @jest/types@https://registry.npmjs.org/@jest/types/-/types-29.6.3.tgz 0ms (cache hit)
4198 http cache merge-stream@https://registry.npmjs.org/merge-stream/-/merge-stream-2.0.0.tgz 0ms (cache hit)
4199 http cache stackframe@https://registry.npmjs.org/stackframe/-/stackframe-1.3.4.tgz 0ms (cache hit)
4200 http cache jest-util@https://registry.npmjs.org/jest-util/-/jest-util-29.7.0.tgz 0ms (cache hit)
4201 http cache queue@https://registry.npmjs.org/queue/-/queue-6.0.2.tgz 0ms (cache hit)
4202 http cache throat@https://registry.npmjs.org/throat/-/throat-5.0.0.tgz 0ms (cache hit)
4203 http cache source-map@https://registry.npmjs.org/source-map/-/source-map-0.5.7.tgz 0ms (cache hit)
4204 http cache jest-worker@https://registry.npmjs.org/jest-worker/-/jest-worker-29.7.0.tgz 0ms (cache hit)
4205 http cache lodash.throttle@https://registry.npmjs.org/lodash.throttle/-/lodash.throttle-4.1.1.tgz 0ms (cache hit)
4206 http cache error-stack-parser@https://registry.npmjs.org/error-stack-parser/-/error-stack-parser-2.1.4.tgz 0ms (cache hit)
4207 http cache image-size@https://registry.npmjs.org/image-size/-/image-size-1.2.1.tgz 0ms (cache hit)
4208 http cache is-plain-obj@https://registry.npmjs.org/is-plain-obj/-/is-plain-obj-2.1.0.tgz 0ms (cache hit)
4209 http cache flow-enums-runtime@https://registry.npmjs.org/flow-enums-runtime/-/flow-enums-runtime-0.0.6.tgz 0ms (cache hit)
4210 http cache serialize-error@https://registry.npmjs.org/serialize-error/-/serialize-error-2.1.0.tgz 0ms (cache hit)
4211 http cache detect-libc@https://registry.npmjs.org/detect-libc/-/detect-libc-2.1.2.tgz 0ms (cache hit)
4212 http cache lightningcss-darwin-arm64@https://registry.npmjs.org/lightningcss-darwin-arm64/-/lightningcss-darwin-arm64-1.32.0.tgz 0ms (cache hit)
4213 http cache json-buffer@https://registry.npmjs.org/json-buffer/-/json-buffer-3.0.1.tgz 0ms (cache hit)
4214 http cache is-docker@https://registry.npmjs.org/is-docker/-/is-docker-2.2.1.tgz 0ms (cache hit)
4215 http cache graceful-fs@https://registry.npmjs.org/graceful-fs/-/graceful-fs-4.2.11.tgz 0ms (cache hit)
4216 http cache marky@https://registry.npmjs.org/marky/-/marky-1.3.0.tgz 0ms (cache hit)
4217 http cache yallist@https://registry.npmjs.org/yallist/-/yallist-3.1.1.tgz 0ms (cache hit)
4218 http cache resolve-alpn@https://registry.npmjs.org/resolve-alpn/-/resolve-alpn-1.2.1.tgz 0ms (cache hit)
4219 http cache argparse@https://registry.npmjs.org/argparse/-/argparse-2.0.1.tgz 0ms (cache hit)
4220 http cache quick-lru@https://registry.npmjs.org/quick-lru/-/quick-lru-5.1.1.tgz 0ms (cache hit)
4221 http cache pump@https://registry.npmjs.org/pump/-/pump-3.0.4.tgz 0ms (cache hit)
4222 http cache loose-envify@https://registry.npmjs.org/loose-envify/-/loose-envify-1.4.0.tgz 0ms (cache hit)
4223 http cache mimic-response@https://registry.npmjs.org/mimic-response/-/mimic-response-1.0.1.tgz 0ms (cache hit)
4224 http cache hermes-estree@https://registry.npmjs.org/hermes-estree/-/hermes-estree-0.32.1.tgz 0ms (cache hit)
4225 http cache keyv@https://registry.npmjs.org/keyv/-/keyv-4.5.4.tgz 0ms (cache hit)
4226 http cache get-stream@https://registry.npmjs.org/get-stream/-/get-stream-5.2.0.tgz 0ms (cache hit)
4227 http cache http-cache-semantics@https://registry.npmjs.org/http-cache-semantics/-/http-cache-semantics-4.2.0.tgz 0ms (cache hit)
4228 http cache @types/keyv@https://registry.npmjs.org/@types/keyv/-/keyv-3.1.4.tgz 0ms (cache hit)
4229 http cache clone-response@https://registry.npmjs.org/clone-response/-/clone-response-1.0.3.tgz 0ms (cache hit)
4230 http cache normalize-url@https://registry.npmjs.org/normalize-url/-/normalize-url-6.1.0.tgz 0ms (cache hit)
4231 http cache defer-to-connect@https://registry.npmjs.org/defer-to-connect/-/defer-to-connect-2.0.1.tgz 0ms (cache hit)
4232 http cache responselike@https://registry.npmjs.org/responselike/-/responselike-2.0.1.tgz 0ms (cache hit)
4233 http cache p-cancelable@https://registry.npmjs.org/p-cancelable/-/p-cancelable-2.1.1.tgz 0ms (cache hit)
4234 http cache lowercase-keys@https://registry.npmjs.org/lowercase-keys/-/lowercase-keys-2.0.0.tgz 0ms (cache hit)
4235 http cache http2-wrapper@https://registry.npmjs.org/http2-wrapper/-/http2-wrapper-1.0.3.tgz 0ms (cache hit)
4236 http cache cacheable-lookup@https://registry.npmjs.org/cacheable-lookup/-/cacheable-lookup-5.0.4.tgz 0ms (cache hit)
4237 http cache decompress-response@https://registry.npmjs.org/decompress-response/-/decompress-response-6.0.0.tgz 0ms (cache hit)
4238 http cache @types/responselike@https://registry.npmjs.org/@types/responselike/-/responselike-1.0.3.tgz 0ms (cache hit)
4239 http cache @szmarczak/http-timer@https://registry.npmjs.org/@szmarczak/http-timer/-/http-timer-4.0.6.tgz 0ms (cache hit)
4240 http cache @types/cacheable-request@https://registry.npmjs.org/@types/cacheable-request/-/cacheable-request-6.0.3.tgz 0ms (cache hit)
4241 http cache cacheable-request@https://registry.npmjs.org/cacheable-request/-/cacheable-request-7.0.4.tgz 0ms (cache hit)
4242 http cache @types/http-cache-semantics@https://registry.npmjs.org/@types/http-cache-semantics/-/http-cache-semantics-4.2.0.tgz 0ms (cache hit)
4243 http cache on-finished@https://registry.npmjs.org/on-finished/-/on-finished-2.3.0.tgz 0ms (cache hit)
4244 http cache statuses@https://registry.npmjs.org/statuses/-/statuses-1.5.0.tgz 0ms (cache hit)
4245 http cache unpipe@https://registry.npmjs.org/unpipe/-/unpipe-1.0.0.tgz 0ms (cache hit)
4246 http cache @sindresorhus/is@https://registry.npmjs.org/@sindresorhus/is/-/is-4.6.0.tgz 0ms (cache hit)
4247 http cache path-scurry@https://registry.npmjs.org/path-scurry/-/path-scurry-2.0.2.tgz 0ms (cache hit)
4248 http cache minipass@https://registry.npmjs.org/minipass/-/minipass-7.1.3.tgz 0ms (cache hit)
4249 http cache escape-html@https://registry.npmjs.org/escape-html/-/escape-html-1.0.3.tgz 0ms (cache hit)
4250 http cache fontfaceobserver@https://registry.npmjs.org/fontfaceobserver/-/fontfaceobserver-2.3.0.tgz 0ms (cache hit)
4251 http cache encodeurl@https://registry.npmjs.org/encodeurl/-/encodeurl-1.0.2.tgz 0ms (cache hit)
4252 http cache react-native-is-edge-to-edge@https://registry.npmjs.org/react-native-is-edge-to-edge/-/react-native-is-edge-to-edge-1.3.1.tgz 0ms (cache hit)
4253 http cache shebang-command@https://registry.npmjs.org/shebang-command/-/shebang-command-2.0.0.tgz 0ms (cache hit)
4254 http cache expo-image-loader@https://registry.npmjs.org/expo-image-loader/-/expo-image-loader-55.0.0.tgz 0ms (cache hit)
4255 http cache path-key@https://registry.npmjs.org/path-key/-/path-key-3.1.1.tgz 0ms (cache hit)
4256 http cache commander@https://registry.npmjs.org/commander/-/commander-7.2.0.tgz 0ms (cache hit)
4257 http cache utils-merge@https://registry.npmjs.org/utils-merge/-/utils-merge-1.0.1.tgz 0ms (cache hit)
4258 http cache which@https://registry.npmjs.org/which/-/which-2.0.2.tgz 0ms (cache hit)
4259 http cache finalhandler@https://registry.npmjs.org/finalhandler/-/finalhandler-1.1.2.tgz 0ms (cache hit)
4260 http cache mime-db@https://registry.npmjs.org/mime-db/-/mime-db-1.54.0.tgz 0ms (cache hit)
4261 http cache vary@https://registry.npmjs.org/vary/-/vary-1.1.2.tgz 0ms (cache hit)
4262 http cache safe-buffer@https://registry.npmjs.org/safe-buffer/-/safe-buffer-5.2.1.tgz 0ms (cache hit)
4263 http cache on-headers@https://registry.npmjs.org/on-headers/-/on-headers-1.1.0.tgz 0ms (cache hit)
4264 http cache parseurl@https://registry.npmjs.org/parseurl/-/parseurl-1.3.3.tgz 0ms (cache hit)
4265 http cache rimraf@https://registry.npmjs.org/rimraf/-/rimraf-3.0.2.tgz 0ms (cache hit)
4266 http cache compressible@https://registry.npmjs.org/compressible/-/compressible-2.0.18.tgz 0ms (cache hit)
4267 http cache mkdirp@https://registry.npmjs.org/mkdirp/-/mkdirp-1.0.4.tgz 0ms (cache hit)
4268 http cache bytes@https://registry.npmjs.org/bytes/-/bytes-3.1.2.tgz 0ms (cache hit)
4269 http cache undici-types@https://registry.npmjs.org/undici-types/-/undici-types-7.19.2.tgz 0ms (cache hit)
4270 http cache is-wsl@https://registry.npmjs.org/is-wsl/-/is-wsl-2.2.0.tgz 0ms (cache hit)
4271 http cache supports-color@https://registry.npmjs.org/supports-color/-/supports-color-7.2.0.tgz 0ms (cache hit)
4272 http cache big-integer@https://registry.npmjs.org/big-integer/-/big-integer-1.6.52.tgz 0ms (cache hit)
4273 http cache ansi-styles@https://registry.npmjs.org/ansi-styles/-/ansi-styles-4.3.0.tgz 0ms (cache hit)
4274 http cache lighthouse-logger@https://registry.npmjs.org/lighthouse-logger/-/lighthouse-logger-1.4.2.tgz 0ms (cache hit)
4275 http cache @types/node@https://registry.npmjs.org/@types/node/-/node-25.6.0.tgz 0ms (cache hit)
4276 http cache lodash.debounce@https://registry.npmjs.org/lodash.debounce/-/lodash.debounce-4.0.8.tgz 0ms (cache hit)
4277 http cache stream-buffers@https://registry.npmjs.org/stream-buffers/-/stream-buffers-2.2.0.tgz 0ms (cache hit)
4278 http cache resolve@https://registry.npmjs.org/resolve/-/resolve-1.22.12.tgz 0ms (cache hit)
4279 http cache @babel/helper-define-polyfill-provider@https://registry.npmjs.org/@babel/helper-define-polyfill-provider/-/helper-define-polyfill-provider-0.6.8.tgz 0ms (cache hit)
4280 http cache @react-native/codegen@https://registry.npmjs.org/@react-native/codegen/-/codegen-0.83.6.tgz 0ms (cache hit)
4281 http cache core-js-compat@https://registry.npmjs.org/core-js-compat/-/core-js-compat-3.49.0.tgz 0ms (cache hit)
4282 http cache yargs@https://registry.npmjs.org/yargs/-/yargs-17.7.2.tgz 0ms (cache hit)
4283 http cache regexpu-core@https://registry.npmjs.org/regexpu-core/-/regexpu-core-6.4.0.tgz 0ms (cache hit)
4284 http cache @babel/helper-create-regexp-features-plugin@https://registry.npmjs.org/@babel/helper-create-regexp-features-plugin/-/helper-create-regexp-features-plugin-7.28.5.tgz 0ms (cache hit)
4285 http cache @babel/helper-remap-async-to-generator@https://registry.npmjs.org/@babel/helper-remap-async-to-generator/-/helper-remap-async-to-generator-7.27.1.tgz 0ms (cache hit)
4286 http cache @react-native/babel-plugin-codegen@https://registry.npmjs.org/@react-native/babel-plugin-codegen/-/babel-plugin-codegen-0.83.6.tgz 0ms (cache hit)
4287 http cache @babel/helper-wrap-function@https://registry.npmjs.org/@babel/helper-wrap-function/-/helper-wrap-function-7.28.6.tgz 0ms (cache hit)
4288 http cache @babel/plugin-transform-sticky-regex@https://registry.npmjs.org/@babel/plugin-transform-sticky-regex/-/plugin-transform-sticky-regex-7.27.1.tgz 0ms (cache hit)
4289 http cache @babel/plugin-transform-spread@https://registry.npmjs.org/@babel/plugin-transform-spread/-/plugin-transform-spread-7.28.6.tgz 0ms (cache hit)
4290 http cache @babel/plugin-transform-shorthand-properties@https://registry.npmjs.org/@babel/plugin-transform-shorthand-properties/-/plugin-transform-shorthand-properties-7.27.1.tgz 0ms (cache hit)
4291 http cache @babel/plugin-transform-react-jsx-self@https://registry.npmjs.org/@babel/plugin-transform-react-jsx-self/-/plugin-transform-react-jsx-self-7.27.1.tgz 0ms (cache hit)
4292 http cache @babel/plugin-transform-regenerator@https://registry.npmjs.org/@babel/plugin-transform-regenerator/-/plugin-transform-regenerator-7.29.0.tgz 0ms (cache hit)
4293 http cache @babel/plugin-transform-react-jsx-source@https://registry.npmjs.org/@babel/plugin-transform-react-jsx-source/-/plugin-transform-react-jsx-source-7.27.1.tgz 0ms (cache hit)
4294 http cache @babel/plugin-transform-optional-chaining@https://registry.npmjs.org/@babel/plugin-transform-optional-chaining/-/plugin-transform-optional-chaining-7.28.6.tgz 0ms (cache hit)
4295 http cache @babel/plugin-transform-optional-catch-binding@https://registry.npmjs.org/@babel/plugin-transform-optional-catch-binding/-/plugin-transform-optional-catch-binding-7.28.6.tgz 0ms (cache hit)
4296 http cache @babel/plugin-transform-unicode-regex@https://registry.npmjs.org/@babel/plugin-transform-unicode-regex/-/plugin-transform-unicode-regex-7.27.1.tgz 0ms (cache hit)
4297 http cache @babel/plugin-transform-nullish-coalescing-operator@https://registry.npmjs.org/@babel/plugin-transform-nullish-coalescing-operator/-/plugin-transform-nullish-coalescing-operator-7.28.6.tgz 0ms (cache hit)
4298 http cache @babel/plugin-transform-named-capturing-groups-regex@https://registry.npmjs.org/@babel/plugin-transform-named-capturing-groups-regex/-/plugin-transform-named-capturing-groups-regex-7.29.0.tgz 0ms (cache hit)
4299 http cache @babel/plugin-transform-function-name@https://registry.npmjs.org/@babel/plugin-transform-function-name/-/plugin-transform-function-name-7.27.1.tgz 0ms (cache hit)
4300 http cache @babel/plugin-transform-logical-assignment-operators@https://registry.npmjs.org/@babel/plugin-transform-logical-assignment-operators/-/plugin-transform-logical-assignment-operators-7.28.6.tgz 0ms (cache hit)
4301 http cache @babel/plugin-transform-literals@https://registry.npmjs.org/@babel/plugin-transform-literals/-/plugin-transform-literals-7.27.1.tgz 0ms (cache hit)
4302 http cache @babel/plugin-transform-for-of@https://registry.npmjs.org/@babel/plugin-transform-for-of/-/plugin-transform-for-of-7.27.1.tgz 0ms (cache hit)
4303 http cache @babel/plugin-transform-classes@https://registry.npmjs.org/@babel/plugin-transform-classes/-/plugin-transform-classes-7.28.6.tgz 0ms (cache hit)
4304 http cache @babel/plugin-transform-numeric-separator@https://registry.npmjs.org/@babel/plugin-transform-numeric-separator/-/plugin-transform-numeric-separator-7.28.6.tgz 0ms (cache hit)
4305 http cache @babel/plugin-transform-block-scoping@https://registry.npmjs.org/@babel/plugin-transform-block-scoping/-/plugin-transform-block-scoping-7.28.6.tgz 0ms (cache hit)
4306 http cache @babel/plugin-transform-class-properties@https://registry.npmjs.org/@babel/plugin-transform-class-properties/-/plugin-transform-class-properties-7.28.6.tgz 0ms (cache hit)
4307 http cache @babel/plugin-transform-async-generator-functions@https://registry.npmjs.org/@babel/plugin-transform-async-generator-functions/-/plugin-transform-async-generator-functions-7.29.0.tgz 0ms (cache hit)
4308 http cache @babel/plugin-transform-arrow-functions@https://registry.npmjs.org/@babel/plugin-transform-arrow-functions/-/plugin-transform-arrow-functions-7.27.1.tgz 0ms (cache hit)
4309 http cache @babel/plugin-transform-computed-properties@https://registry.npmjs.org/@babel/plugin-transform-computed-properties/-/plugin-transform-computed-properties-7.28.6.tgz 0ms (cache hit)
4310 http cache @babel/plugin-syntax-optional-chaining@https://registry.npmjs.org/@babel/plugin-syntax-optional-chaining/-/plugin-syntax-optional-chaining-7.8.3.tgz 0ms (cache hit)
4311 http cache @babel/plugin-transform-async-to-generator@https://registry.npmjs.org/@babel/plugin-transform-async-to-generator/-/plugin-transform-async-to-generator-7.28.6.tgz 0ms (cache hit)
4312 http cache @babel/plugin-syntax-nullish-coalescing-operator@https://registry.npmjs.org/@babel/plugin-syntax-nullish-coalescing-operator/-/plugin-syntax-nullish-coalescing-operator-7.8.3.tgz 0ms (cache hit)
4313 http cache @babel/plugin-syntax-typescript@https://registry.npmjs.org/@babel/plugin-syntax-typescript/-/plugin-syntax-typescript-7.28.6.tgz 0ms (cache hit)
4314 http cache @babel/plugin-syntax-dynamic-import@https://registry.npmjs.org/@babel/plugin-syntax-dynamic-import/-/plugin-syntax-dynamic-import-7.8.3.tgz 0ms (cache hit)
4315 http cache @babel/plugin-transform-typescript@https://registry.npmjs.org/@babel/plugin-transform-typescript/-/plugin-transform-typescript-7.28.6.tgz 0ms (cache hit)
4316 http cache @babel/plugin-syntax-jsx@https://registry.npmjs.org/@babel/plugin-syntax-jsx/-/plugin-syntax-jsx-7.28.6.tgz 0ms (cache hit)
4317 http cache @babel/plugin-transform-react-pure-annotations@https://registry.npmjs.org/@babel/plugin-transform-react-pure-annotations/-/plugin-transform-react-pure-annotations-7.27.1.tgz 0ms (cache hit)
4318 http cache @babel/plugin-transform-react-display-name@https://registry.npmjs.org/@babel/plugin-transform-react-display-name/-/plugin-transform-react-display-name-7.28.0.tgz 0ms (cache hit)
4319 http cache babel-plugin-polyfill-regenerator@https://registry.npmjs.org/babel-plugin-polyfill-regenerator/-/babel-plugin-polyfill-regenerator-0.6.8.tgz 0ms (cache hit)
4320 http cache @babel/plugin-transform-react-jsx@https://registry.npmjs.org/@babel/plugin-transform-react-jsx/-/plugin-transform-react-jsx-7.28.6.tgz 0ms (cache hit)
4321 http cache babel-plugin-polyfill-corejs2@https://registry.npmjs.org/babel-plugin-polyfill-corejs2/-/babel-plugin-polyfill-corejs2-0.4.17.tgz 0ms (cache hit)
4322 http cache @babel/plugin-transform-react-jsx-development@https://registry.npmjs.org/@babel/plugin-transform-react-jsx-development/-/plugin-transform-react-jsx-development-7.27.1.tgz 0ms (cache hit)
4323 http cache @babel/plugin-transform-destructuring@https://registry.npmjs.org/@babel/plugin-transform-destructuring/-/plugin-transform-destructuring-7.28.5.tgz 0ms (cache hit)
4324 http cache @babel/helper-skip-transparent-expression-wrappers@https://registry.npmjs.org/@babel/helper-skip-transparent-expression-wrappers/-/helper-skip-transparent-expression-wrappers-7.27.1.tgz 0ms (cache hit)
4325 http cache @babel/helper-optimise-call-expression@https://registry.npmjs.org/@babel/helper-optimise-call-expression/-/helper-optimise-call-expression-7.27.1.tgz 0ms (cache hit)
4326 http cache babel-plugin-polyfill-corejs3@https://registry.npmjs.org/babel-plugin-polyfill-corejs3/-/babel-plugin-polyfill-corejs3-0.13.0.tgz 0ms (cache hit)
4327 http cache @babel/plugin-syntax-flow@https://registry.npmjs.org/@babel/plugin-syntax-flow/-/plugin-syntax-flow-7.28.6.tgz 0ms (cache hit)
4328 http cache @babel/helper-annotate-as-pure@https://registry.npmjs.org/@babel/helper-annotate-as-pure/-/helper-annotate-as-pure-7.27.3.tgz 0ms (cache hit)
4329 http cache @babel/helper-replace-supers@https://registry.npmjs.org/@babel/helper-replace-supers/-/helper-replace-supers-7.28.6.tgz 0ms (cache hit)
4330 http cache @babel/helper-create-class-features-plugin@https://registry.npmjs.org/@babel/helper-create-class-features-plugin/-/helper-create-class-features-plugin-7.28.6.tgz 0ms (cache hit)
4331 http cache babel-plugin-transform-flow-enums@https://registry.npmjs.org/babel-plugin-transform-flow-enums/-/babel-plugin-transform-flow-enums-0.0.2.tgz 0ms (cache hit)
4332 http cache @babel/plugin-syntax-decorators@https://registry.npmjs.org/@babel/plugin-syntax-decorators/-/plugin-syntax-decorators-7.28.6.tgz 0ms (cache hit)
4333 http cache babel-plugin-react-native-web@https://registry.npmjs.org/babel-plugin-react-native-web/-/babel-plugin-react-native-web-0.21.2.tgz 0ms (cache hit)
4334 http cache babel-plugin-react-compiler@https://registry.npmjs.org/babel-plugin-react-compiler/-/babel-plugin-react-compiler-1.0.0.tgz 0ms (cache hit)
4335 http cache @react-native/babel-preset@https://registry.npmjs.org/@react-native/babel-preset/-/babel-preset-0.83.6.tgz 0ms (cache hit)
4336 http cache babel-plugin-syntax-hermes-parser@https://registry.npmjs.org/babel-plugin-syntax-hermes-parser/-/babel-plugin-syntax-hermes-parser-0.32.1.tgz 0ms (cache hit)
4337 http cache @babel/preset-react@https://registry.npmjs.org/@babel/preset-react/-/preset-react-7.28.5.tgz 0ms (cache hit)
4338 http cache @babel/plugin-transform-private-property-in-object@https://registry.npmjs.org/@babel/plugin-transform-private-property-in-object/-/plugin-transform-private-property-in-object-7.28.6.tgz 0ms (cache hit)
4339 http cache @babel/preset-typescript@https://registry.npmjs.org/@babel/preset-typescript/-/preset-typescript-7.28.5.tgz 0ms (cache hit)
4340 http cache @babel/plugin-transform-private-methods@https://registry.npmjs.org/@babel/plugin-transform-private-methods/-/plugin-transform-private-methods-7.28.6.tgz 0ms (cache hit)
4341 http cache @babel/plugin-transform-runtime@https://registry.npmjs.org/@babel/plugin-transform-runtime/-/plugin-transform-runtime-7.29.0.tgz 0ms (cache hit)
4342 http cache @babel/plugin-transform-parameters@https://registry.npmjs.org/@babel/plugin-transform-parameters/-/plugin-transform-parameters-7.27.7.tgz 0ms (cache hit)
4343 http cache @babel/plugin-transform-object-rest-spread@https://registry.npmjs.org/@babel/plugin-transform-object-rest-spread/-/plugin-transform-object-rest-spread-7.28.6.tgz 0ms (cache hit)
4344 http cache @babel/plugin-transform-flow-strip-types@https://registry.npmjs.org/@babel/plugin-transform-flow-strip-types/-/plugin-transform-flow-strip-types-7.27.1.tgz 0ms (cache hit)
4345 http cache @babel/plugin-transform-export-namespace-from@https://registry.npmjs.org/@babel/plugin-transform-export-namespace-from/-/plugin-transform-export-namespace-from-7.27.1.tgz 0ms (cache hit)
4346 http cache @babel/plugin-transform-class-static-block@https://registry.npmjs.org/@babel/plugin-transform-class-static-block/-/plugin-transform-class-static-block-7.28.6.tgz 0ms (cache hit)
4347 http cache @babel/plugin-syntax-export-default-from@https://registry.npmjs.org/@babel/plugin-syntax-export-default-from/-/plugin-syntax-export-default-from-7.28.6.tgz 0ms (cache hit)
4348 http cache @babel/plugin-proposal-decorators@https://registry.npmjs.org/@babel/plugin-proposal-decorators/-/plugin-proposal-decorators-7.29.0.tgz 0ms (cache hit)
4349 http cache @babel/plugin-proposal-export-default-from@https://registry.npmjs.org/@babel/plugin-proposal-export-default-from/-/plugin-proposal-export-default-from-7.27.1.tgz 0ms (cache hit)
4350 http cache mime-types@https://registry.npmjs.org/mime-types/-/mime-types-2.1.35.tgz 0ms (cache hit)
4351 http cache @babel/helper-member-expression-to-functions@https://registry.npmjs.org/@babel/helper-member-expression-to-functions/-/helper-member-expression-to-functions-7.28.5.tgz 0ms (cache hit)
4352 http cache negotiator@https://registry.npmjs.org/negotiator/-/negotiator-0.6.3.tgz 0ms (cache hit)
4353 http cache serve-static@https://registry.npmjs.org/serve-static/-/serve-static-1.16.3.tgz 0ms (cache hit)
4354 http cache fb-dotslash@https://registry.npmjs.org/fb-dotslash/-/fb-dotslash-0.5.8.tgz 0ms (cache hit)
4355 http cache chromium-edge-launcher@https://registry.npmjs.org/chromium-edge-launcher/-/chromium-edge-launcher-0.2.0.tgz 0ms (cache hit)
4356 http cache nullthrows@https://registry.npmjs.org/nullthrows/-/nullthrows-1.1.1.tgz 0ms (cache hit)
4357 http cache open@https://registry.npmjs.org/open/-/open-7.4.2.tgz 0ms (cache hit)
4358 http cache chrome-launcher@https://registry.npmjs.org/chrome-launcher/-/chrome-launcher-0.15.2.tgz 0ms (cache hit)
4359 http cache @isaacs/ttlcache@https://registry.npmjs.org/@isaacs/ttlcache/-/ttlcache-1.4.1.tgz 0ms (cache hit)
4360 http cache @react-native/debugger-shell@https://registry.npmjs.org/@react-native/debugger-shell/-/debugger-shell-0.83.6.tgz 0ms (cache hit)
4361 http cache @react-native/debugger-frontend@https://registry.npmjs.org/@react-native/debugger-frontend/-/debugger-frontend-0.83.6.tgz 0ms (cache hit)
4362 http cache js-yaml@https://registry.npmjs.org/js-yaml/-/js-yaml-4.1.1.tgz 0ms (cache hit)
4363 http cache @babel/plugin-transform-modules-commonjs@https://registry.npmjs.org/@babel/plugin-transform-modules-commonjs/-/plugin-transform-modules-commonjs-7.28.6.tgz 0ms (cache hit)
4364 http cache @babel/helper-plugin-utils@https://registry.npmjs.org/@babel/helper-plugin-utils/-/helper-plugin-utils-7.28.6.tgz 0ms (cache hit)
4365 http cache @react-native/normalize-colors@https://registry.npmjs.org/@react-native/normalize-colors/-/normalize-colors-0.83.6.tgz 0ms (cache hit)
4366 http cache xmlbuilder@https://registry.npmjs.org/xmlbuilder/-/xmlbuilder-15.1.1.tgz 0ms (cache hit)
4367 http cache cross-spawn@https://registry.npmjs.org/cross-spawn/-/cross-spawn-7.0.6.tgz 0ms (cache hit)
4368 http cache base64-js@https://registry.npmjs.org/base64-js/-/base64-js-1.5.1.tgz 0ms (cache hit)
4369 http cache postcss@https://registry.npmjs.org/postcss/-/postcss-8.4.49.tgz 0ms (cache hit)
4370 http cache @xmldom/xmldom@https://registry.npmjs.org/@xmldom/xmldom/-/xmldom-0.8.13.tgz 0ms (cache hit)
4371 http cache jsc-safe-url@https://registry.npmjs.org/jsc-safe-url/-/jsc-safe-url-0.2.4.tgz 0ms (cache hit)
4372 http cache hermes-parser@https://registry.npmjs.org/hermes-parser/-/hermes-parser-0.32.1.tgz 0ms (cache hit)
4373 http cache lightningcss@https://registry.npmjs.org/lightningcss/-/lightningcss-1.32.0.tgz 0ms (cache hit)
4374 http cache metro-transform-worker@https://registry.npmjs.org/metro-transform-worker/-/metro-transform-worker-0.83.6.tgz 0ms (cache hit)
4375 http cache metro-transform-plugins@https://registry.npmjs.org/metro-transform-plugins/-/metro-transform-plugins-0.83.6.tgz 0ms (cache hit)
4376 http cache metro-symbolicate@https://registry.npmjs.org/metro-symbolicate/-/metro-symbolicate-0.83.6.tgz 0ms (cache hit)
4377 http cache metro-runtime@https://registry.npmjs.org/metro-runtime/-/metro-runtime-0.83.6.tgz 0ms (cache hit)
4378 http cache metro-minify-terser@https://registry.npmjs.org/metro-minify-terser/-/metro-minify-terser-0.83.6.tgz 0ms (cache hit)
4379 http cache metro-file-map@https://registry.npmjs.org/metro-file-map/-/metro-file-map-0.83.6.tgz 0ms (cache hit)
4380 http cache metro-source-map@https://registry.npmjs.org/metro-source-map/-/metro-source-map-0.83.6.tgz 0ms (cache hit)
4381 http cache metro-core@https://registry.npmjs.org/metro-core/-/metro-core-0.83.6.tgz 0ms (cache hit)
4382 http cache metro-cache-key@https://registry.npmjs.org/metro-cache-key/-/metro-cache-key-0.83.6.tgz 0ms (cache hit)
4383 http cache metro-cache@https://registry.npmjs.org/metro-cache/-/metro-cache-0.83.6.tgz 0ms (cache hit)
4384 http cache metro-config@https://registry.npmjs.org/metro-config/-/metro-config-0.83.6.tgz 0ms (cache hit)
4385 http cache metro-resolver@https://registry.npmjs.org/metro-resolver/-/metro-resolver-0.83.6.tgz 0ms (cache hit)
4386 http cache metro-babel-transformer@https://registry.npmjs.org/metro-babel-transformer/-/metro-babel-transformer-0.83.6.tgz 0ms (cache hit)
4387 http cache metro@https://registry.npmjs.org/metro/-/metro-0.83.6.tgz 0ms (cache hit)
4388 http cache anser@https://registry.npmjs.org/anser/-/anser-1.4.10.tgz 0ms (cache hit)
4389 http cache jimp-compact@https://registry.npmjs.org/jimp-compact/-/jimp-compact-0.16.1.tgz 0ms (cache hit)
4390 http cache @expo/dom-webview@https://registry.npmjs.org/@expo/dom-webview/-/dom-webview-55.0.5.tgz 0ms (cache hit)
4391 http cache parse-png@https://registry.npmjs.org/parse-png/-/parse-png-2.1.0.tgz 0ms (cache hit)
4392 http cache minimatch@https://registry.npmjs.org/minimatch/-/minimatch-10.2.5.tgz 0ms (cache hit)
4393 http cache @expo/sudo-prompt@https://registry.npmjs.org/@expo/sudo-prompt/-/sudo-prompt-9.3.2.tgz 0ms (cache hit)
4394 http cache ignore@https://registry.npmjs.org/ignore/-/ignore-5.3.2.tgz 0ms (cache hit)
4395 http cache xml2js@https://registry.npmjs.org/xml2js/-/xml2js-0.6.0.tgz 0ms (cache hit)
4396 http cache xcode@https://registry.npmjs.org/xcode/-/xcode-3.0.1.tgz 0ms (cache hit)
4397 http cache resolve-workspace-root@https://registry.npmjs.org/resolve-workspace-root/-/resolve-workspace-root-2.0.1.tgz 0ms (cache hit)
4398 http cache @expo/config-types@https://registry.npmjs.org/@expo/config-types/-/config-types-55.0.5.tgz 0ms (cache hit)
4399 http cache deepmerge@https://registry.npmjs.org/deepmerge/-/deepmerge-4.3.1.tgz 0ms (cache hit)
4400 http cache @expo/sdk-runtime-versions@https://registry.npmjs.org/@expo/sdk-runtime-versions/-/sdk-runtime-versions-1.0.0.tgz 0ms (cache hit)
4401 http cache ws@https://registry.npmjs.org/ws/-/ws-8.20.0.tgz 0ms (cache hit)
4402 http cache zod@https://registry.npmjs.org/zod/-/zod-3.25.76.tgz 0ms (cache hit)
4403 http cache structured-headers@https://registry.npmjs.org/structured-headers/-/structured-headers-0.4.1.tgz 0ms (cache hit)
4404 http cache toqr@https://registry.npmjs.org/toqr/-/toqr-0.1.1.tgz 0ms (cache hit)
4405 http cache terminal-link@https://registry.npmjs.org/terminal-link/-/terminal-link-2.1.1.tgz 0ms (cache hit)
4406 http cache slugify@https://registry.npmjs.org/slugify/-/slugify-1.6.9.tgz 0ms (cache hit)
4407 http cache resolve-from@https://registry.npmjs.org/resolve-from/-/resolve-from-5.0.0.tgz 0ms (cache hit)
4408 http cache source-map-support@https://registry.npmjs.org/source-map-support/-/source-map-support-0.5.21.tgz 0ms (cache hit)
4409 http cache send@https://registry.npmjs.org/send/-/send-0.19.2.tgz 0ms (cache hit)
4410 http cache prompts@https://registry.npmjs.org/prompts/-/prompts-2.4.2.tgz 0ms (cache hit)
4411 http cache progress@https://registry.npmjs.org/progress/-/progress-2.0.3.tgz 0ms (cache hit)
4412 http cache picomatch@https://registry.npmjs.org/picomatch/-/picomatch-4.0.4.tgz 0ms (cache hit)
4413 http cache stacktrace-parser@https://registry.npmjs.org/stacktrace-parser/-/stacktrace-parser-0.1.11.tgz 0ms (cache hit)
4414 http cache node-forge@https://registry.npmjs.org/node-forge/-/node-forge-1.4.0.tgz 0ms (cache hit)
4415 http cache ora@https://registry.npmjs.org/ora/-/ora-3.4.0.tgz 0ms (cache hit)
4416 http cache npm-package-arg@https://registry.npmjs.org/npm-package-arg/-/npm-package-arg-11.0.3.tgz 0ms (cache hit)
4417 http cache glob@https://registry.npmjs.org/glob/-/glob-13.0.6.tgz 0ms (cache hit)
4418 http cache multitars@https://registry.npmjs.org/multitars/-/multitars-1.0.0.tgz 0ms (cache hit)
4419 http cache getenv@https://registry.npmjs.org/getenv/-/getenv-2.0.0.tgz 0ms (cache hit)
4420 http cache wrap-ansi@https://registry.npmjs.org/wrap-ansi/-/wrap-ansi-7.0.0.tgz 0ms (cache hit)
4421 http cache fetch-nodeshim@https://registry.npmjs.org/fetch-nodeshim/-/fetch-nodeshim-0.4.10.tgz 0ms (cache hit)
4422 http cache lan-network@https://registry.npmjs.org/lan-network/-/lan-network-0.2.1.tgz 0ms (cache hit)
4423 http cache expo-server@https://registry.npmjs.org/expo-server/-/expo-server-55.0.8.tgz 0ms (cache hit)
4424 http cache dnssd-advertise@https://registry.npmjs.org/dnssd-advertise/-/dnssd-advertise-1.1.4.tgz 0ms (cache hit)
4425 http cache connect@https://registry.npmjs.org/connect/-/connect-3.7.0.tgz 0ms (cache hit)
4426 http cache chalk@https://registry.npmjs.org/chalk/-/chalk-4.1.2.tgz 0ms (cache hit)
4427 http cache compression@https://registry.npmjs.org/compression/-/compression-1.8.1.tgz 0ms (cache hit)
4428 http cache ci-info@https://registry.npmjs.org/ci-info/-/ci-info-3.9.0.tgz 0ms (cache hit)
4429 http cache bplist-creator@https://registry.npmjs.org/bplist-creator/-/bplist-creator-0.1.0.tgz 0ms (cache hit)
4430 http cache better-opn@https://registry.npmjs.org/better-opn/-/better-opn-3.0.2.tgz 0ms (cache hit)
4431 http cache accepts@https://registry.npmjs.org/accepts/-/accepts-1.3.8.tgz 0ms (cache hit)
4432 http cache arg@https://registry.npmjs.org/arg/-/arg-5.0.2.tgz 0ms (cache hit)
4433 http cache @expo/xcpretty@https://registry.npmjs.org/@expo/xcpretty/-/xcpretty-4.4.3.tgz 0ms (cache hit)
4434 http cache @react-native/dev-middleware@https://registry.npmjs.org/@react-native/dev-middleware/-/dev-middleware-0.83.6.tgz 0ms (cache hit)
4435 http cache @expo/spawn-async@https://registry.npmjs.org/@expo/spawn-async/-/spawn-async-1.7.2.tgz 0ms (cache hit)
4436 http cache @expo/ws-tunnel@https://registry.npmjs.org/@expo/ws-tunnel/-/ws-tunnel-1.0.6.tgz 0ms (cache hit)
4437 http cache @expo/require-utils@https://registry.npmjs.org/@expo/require-utils/-/require-utils-55.0.4.tgz 0ms (cache hit)
4438 http cache bplist-parser@https://registry.npmjs.org/bplist-parser/-/bplist-parser-0.3.2.tgz 0ms (cache hit)
4439 http cache @expo/schema-utils@https://registry.npmjs.org/@expo/schema-utils/-/schema-utils-55.0.3.tgz 0ms (cache hit)
4440 http cache @expo/router-server@https://registry.npmjs.org/@expo/router-server/-/router-server-55.0.15.tgz 0ms (cache hit)
4441 http cache @expo/prebuild-config@https://registry.npmjs.org/@expo/prebuild-config/-/prebuild-config-55.0.16.tgz 0ms (cache hit)
4442 http cache @expo/json-file@https://registry.npmjs.org/@expo/json-file/-/json-file-10.0.13.tgz 0ms (cache hit)
4443 http cache @expo/package-manager@https://registry.npmjs.org/@expo/package-manager/-/package-manager-1.10.4.tgz 0ms (cache hit)
4444 http cache @expo/plist@https://registry.npmjs.org/@expo/plist/-/plist-0.5.2.tgz 0ms (cache hit)
4445 http cache @expo/env@https://registry.npmjs.org/@expo/env/-/env-2.1.1.tgz 0ms (cache hit)
4446 http cache @expo/devcert@https://registry.npmjs.org/@expo/devcert/-/devcert-1.2.1.tgz 0ms (cache hit)
4447 http cache @expo/image-utils@https://registry.npmjs.org/@expo/image-utils/-/image-utils-0.8.13.tgz 0ms (cache hit)
4448 http cache @expo/code-signing-certificates@https://registry.npmjs.org/@expo/code-signing-certificates/-/code-signing-certificates-0.0.6.tgz 0ms (cache hit)
4449 http cache react-refresh@https://registry.npmjs.org/react-refresh/-/react-refresh-0.14.2.tgz 0ms (cache hit)
4450 http cache whatwg-url-minimum@https://registry.npmjs.org/whatwg-url-minimum/-/whatwg-url-minimum-0.1.1.tgz 0ms (cache hit)
4451 http cache @expo/osascript@https://registry.npmjs.org/@expo/osascript/-/osascript-2.4.2.tgz 0ms (cache hit)
4452 http cache expo-modules-core@https://registry.npmjs.org/expo-modules-core/-/expo-modules-core-55.0.23.tgz 0ms (cache hit)
4453 http cache pretty-format@https://registry.npmjs.org/pretty-format/-/pretty-format-29.7.0.tgz 0ms (cache hit)
4454 http cache expo-modules-autolinking@https://registry.npmjs.org/expo-modules-autolinking/-/expo-modules-autolinking-55.0.18.tgz 0ms (cache hit)
4455 http cache expo-keep-awake@https://registry.npmjs.org/expo-keep-awake/-/expo-keep-awake-55.0.6.tgz 0ms (cache hit)
4456 http cache @ungap/structured-clone@https://registry.npmjs.org/@ungap/structured-clone/-/structured-clone-1.3.0.tgz 0ms (cache hit)
4457 http cache babel-preset-expo@https://registry.npmjs.org/babel-preset-expo/-/babel-preset-expo-55.0.18.tgz 0ms (cache hit)
4458 http cache @expo/vector-icons@https://registry.npmjs.org/@expo/vector-icons/-/vector-icons-15.1.1.tgz 0ms (cache hit)
4459 http cache @expo/metro@https://registry.npmjs.org/@expo/metro/-/metro-55.1.0.tgz 0ms (cache hit)
4460 http cache expo-file-system@https://registry.npmjs.org/expo-file-system/-/expo-file-system-55.0.17.tgz 0ms (cache hit)
4461 http cache @expo/log-box@https://registry.npmjs.org/@expo/log-box/-/log-box-55.0.11.tgz 0ms (cache hit)
4462 http cache @expo/local-build-cache-provider@https://registry.npmjs.org/@expo/local-build-cache-provider/-/local-build-cache-provider-55.0.11.tgz 0ms (cache hit)
4463 http cache @expo/metro-config@https://registry.npmjs.org/@expo/metro-config/-/metro-config-55.0.17.tgz 0ms (cache hit)
4464 http cache @expo/devtools@https://registry.npmjs.org/@expo/devtools/-/devtools-55.0.2.tgz 0ms (cache hit)
4465 http cache @expo/fingerprint@https://registry.npmjs.org/@expo/fingerprint/-/fingerprint-0.16.6.tgz 0ms (cache hit)
4466 http cache @babel/runtime@https://registry.npmjs.org/@babel/runtime/-/runtime-7.29.2.tgz 0ms (cache hit)
4467 http cache @expo/config@https://registry.npmjs.org/@expo/config/-/config-55.0.15.tgz 0ms (cache hit)
4468 http cache ms@https://registry.npmjs.org/ms/-/ms-2.1.3.tgz 0ms (cache hit)
4469 http cache @expo/cli@https://registry.npmjs.org/@expo/cli/-/cli-55.0.26.tgz 0ms (cache hit)
4470 http cache simple-swizzle@https://registry.npmjs.org/simple-swizzle/-/simple-swizzle-0.2.4.tgz 0ms (cache hit)
4471 http cache color-name@https://registry.npmjs.org/color-name/-/color-name-1.1.4.tgz 0ms (cache hit)
4472 http cache color-string@https://registry.npmjs.org/color-string/-/color-string-1.9.1.tgz 0ms (cache hit)
4473 http cache @expo/config-plugins@https://registry.npmjs.org/@expo/config-plugins/-/config-plugins-55.0.8.tgz 0ms (cache hit)
4474 http cache color-convert@https://registry.npmjs.org/color-convert/-/color-convert-2.0.1.tgz 0ms (cache hit)
4475 http cache node-releases@https://registry.npmjs.org/node-releases/-/node-releases-2.0.38.tgz 0ms (cache hit)
4476 http cache update-browserslist-db@https://registry.npmjs.org/update-browserslist-db/-/update-browserslist-db-1.2.3.tgz 0ms (cache hit)
4477 http cache electron-to-chromium@https://registry.npmjs.org/electron-to-chromium/-/electron-to-chromium-1.5.344.tgz 0ms (cache hit)
4478 http cache baseline-browser-mapping@https://registry.npmjs.org/baseline-browser-mapping/-/baseline-browser-mapping-2.10.21.tgz 0ms (cache hit)
4479 http cache csstype@https://registry.npmjs.org/csstype/-/csstype-3.2.3.tgz 0ms (cache hit)
4480 http cache sf-symbols-typescript@https://registry.npmjs.org/sf-symbols-typescript/-/sf-symbols-typescript-2.2.0.tgz 0ms (cache hit)
4481 http cache color@https://registry.npmjs.org/color/-/color-4.2.3.tgz 0ms (cache hit)
4482 http cache @react-navigation/elements@https://registry.npmjs.org/@react-navigation/elements/-/elements-2.9.14.tgz 0ms (cache hit)
4483 http cache @react-navigation/routers@https://registry.npmjs.org/@react-navigation/routers/-/routers-7.5.3.tgz 0ms (cache hit)
4484 http cache use-sync-external-store@https://registry.npmjs.org/use-sync-external-store/-/use-sync-external-store-1.6.0.tgz 0ms (cache hit)
4485 http cache warn-once@https://registry.npmjs.org/warn-once/-/warn-once-0.1.1.tgz 0ms (cache hit)
4486 http cache query-string@https://registry.npmjs.org/query-string/-/query-string-7.1.3.tgz 0ms (cache hit)
4487 http cache use-latest-callback@https://registry.npmjs.org/use-latest-callback/-/use-latest-callback-0.2.6.tgz 0ms (cache hit)
4488 http cache react-is@https://registry.npmjs.org/react-is/-/react-is-19.2.5.tgz 0ms (cache hit)
4489 http cache fast-deep-equal@https://registry.npmjs.org/fast-deep-equal/-/fast-deep-equal-3.1.3.tgz 0ms (cache hit)
4490 http cache caniuse-lite@https://registry.npmjs.org/caniuse-lite/-/caniuse-lite-1.0.30001790.tgz 0ms (cache hit)
4491 http cache escape-string-regexp@https://registry.npmjs.org/escape-string-regexp/-/escape-string-regexp-4.0.0.tgz 0ms (cache hit)
4492 http cache @react-navigation/core@https://registry.npmjs.org/@react-navigation/core/-/core-7.17.2.tgz 0ms (cache hit)
4493 http cache merge-options@https://registry.npmjs.org/merge-options/-/merge-options-3.0.4.tgz 0ms (cache hit)
4494 http cache invariant@https://registry.npmjs.org/invariant/-/invariant-2.2.4.tgz 0ms (cache hit)
4495 http cache @jridgewell/resolve-uri@https://registry.npmjs.org/@jridgewell/resolve-uri/-/resolve-uri-3.1.2.tgz 0ms (cache hit)
4496 http cache nanoid@https://registry.npmjs.org/nanoid/-/nanoid-3.3.11.tgz 0ms (cache hit)
4497 http cache yaml@https://registry.npmjs.org/yaml/-/yaml-1.10.3.tgz 0ms (cache hit)
4498 http cache got@https://registry.npmjs.org/got/-/got-11.8.6.tgz 0ms (cache hit)
4499 http cache @jridgewell/sourcemap-codec@https://registry.npmjs.org/@jridgewell/sourcemap-codec/-/sourcemap-codec-1.5.5.tgz 0ms (cache hit)
4500 http cache @babel/helper-string-parser@https://registry.npmjs.org/@babel/helper-string-parser/-/helper-string-parser-7.27.1.tgz 0ms (cache hit)
4501 http cache @expo/ngrok-bin-darwin-arm64@https://registry.npmjs.org/@expo/ngrok-bin-darwin-arm64/-/ngrok-bin-darwin-arm64-2.3.41.tgz 0ms (cache hit)
4502 http cache @expo/ngrok-bin@https://registry.npmjs.org/@expo/ngrok-bin/-/ngrok-bin-2.3.42.tgz 0ms (cache hit)
4503 http cache @babel/helper-globals@https://registry.npmjs.org/@babel/helper-globals/-/helper-globals-7.28.0.tgz 0ms (cache hit)
4504 http cache @babel/helper-module-imports@https://registry.npmjs.org/@babel/helper-module-imports/-/helper-module-imports-7.28.6.tgz 0ms (cache hit)
4505 http cache @babel/helper-validator-option@https://registry.npmjs.org/@babel/helper-validator-option/-/helper-validator-option-7.27.1.tgz 0ms (cache hit)
4506 http cache jsesc@https://registry.npmjs.org/jsesc/-/jsesc-3.1.0.tgz 0ms (cache hit)
4507 http cache browserslist@https://registry.npmjs.org/browserslist/-/browserslist-4.28.2.tgz 0ms (cache hit)
4508 http cache @babel/compat-data@https://registry.npmjs.org/@babel/compat-data/-/compat-data-7.29.0.tgz 0ms (cache hit)
4509 http cache @jridgewell/trace-mapping@https://registry.npmjs.org/@jridgewell/trace-mapping/-/trace-mapping-0.3.31.tgz 0ms (cache hit)
4510 http cache picocolors@https://registry.npmjs.org/picocolors/-/picocolors-1.1.1.tgz 0ms (cache hit)
4511 http cache @jridgewell/gen-mapping@https://registry.npmjs.org/@jridgewell/gen-mapping/-/gen-mapping-0.3.13.tgz 0ms (cache hit)
4512 http cache lru-cache@https://registry.npmjs.org/lru-cache/-/lru-cache-5.1.1.tgz 0ms (cache hit)
4513 http cache semver@https://registry.npmjs.org/semver/-/semver-6.3.1.tgz 0ms (cache hit)
4514 http cache js-tokens@https://registry.npmjs.org/js-tokens/-/js-tokens-4.0.0.tgz 0ms (cache hit)
4515 http cache json5@https://registry.npmjs.org/json5/-/json5-2.2.3.tgz 0ms (cache hit)
4516 http cache gensync@https://registry.npmjs.org/gensync/-/gensync-1.0.0-beta.2.tgz 0ms (cache hit)
4517 http cache convert-source-map@https://registry.npmjs.org/convert-source-map/-/convert-source-map-2.0.0.tgz 0ms (cache hit)
4518 http cache @babel/types@https://registry.npmjs.org/@babel/types/-/types-7.29.0.tgz 0ms (cache hit)
4519 http cache @babel/template@https://registry.npmjs.org/@babel/template/-/template-7.28.6.tgz 0ms (cache hit)
4520 http cache debug@https://registry.npmjs.org/debug/-/debug-4.4.3.tgz 0ms (cache hit)
4521 http cache @jridgewell/remapping@https://registry.npmjs.org/@jridgewell/remapping/-/remapping-2.3.5.tgz 0ms (cache hit)
4522 http cache @babel/helpers@https://registry.npmjs.org/@babel/helpers/-/helpers-7.29.2.tgz 0ms (cache hit)
4523 http cache @babel/helper-compilation-targets@https://registry.npmjs.org/@babel/helper-compilation-targets/-/helper-compilation-targets-7.28.6.tgz 0ms (cache hit)
4524 http cache @babel/helper-module-transforms@https://registry.npmjs.org/@babel/helper-module-transforms/-/helper-module-transforms-7.28.6.tgz 0ms (cache hit)
4525 http cache zustand@https://registry.npmjs.org/zustand/-/zustand-5.0.12.tgz 0ms (cache hit)
4526 http cache @babel/generator@https://registry.npmjs.org/@babel/generator/-/generator-7.29.1.tgz 0ms (cache hit)
4527 http cache @babel/traverse@https://registry.npmjs.org/@babel/traverse/-/traverse-7.29.0.tgz 0ms (cache hit)
4528 http cache @babel/code-frame@https://registry.npmjs.org/@babel/code-frame/-/code-frame-7.29.0.tgz 0ms (cache hit)
4529 http cache @babel/helper-validator-identifier@https://registry.npmjs.org/@babel/helper-validator-identifier/-/helper-validator-identifier-7.28.5.tgz 0ms (cache hit)
4530 http cache @babel/parser@https://registry.npmjs.org/@babel/parser/-/parser-7.29.2.tgz 0ms (cache hit)
4531 http cache tailwindcss@https://registry.npmjs.org/tailwindcss/-/tailwindcss-3.3.2.tgz 0ms (cache hit)
4532 http cache react-native-web@https://registry.npmjs.org/react-native-web/-/react-native-web-0.21.2.tgz 0ms (cache hit)
4533 http cache uuid@https://registry.npmjs.org/uuid/-/uuid-14.0.0.tgz 0ms (cache hit)
4534 http cache react-native-svg@https://registry.npmjs.org/react-native-svg/-/react-native-svg-15.15.3.tgz 0ms (cache hit)
4535 http cache react-native-screens@https://registry.npmjs.org/react-native-screens/-/react-native-screens-4.23.0.tgz 0ms (cache hit)
4536 http cache react-native-worklets@https://registry.npmjs.org/react-native-worklets/-/react-native-worklets-0.7.4.tgz 0ms (cache hit)
4537 http cache react-native-reanimated@https://registry.npmjs.org/react-native-reanimated/-/react-native-reanimated-4.2.1.tgz 0ms (cache hit)
4538 http cache typescript@https://registry.npmjs.org/typescript/-/typescript-5.9.3.tgz 0ms (cache hit)
4539 http cache react-native-safe-area-context@https://registry.npmjs.org/react-native-safe-area-context/-/react-native-safe-area-context-5.6.2.tgz 0ms (cache hit)
4540 http cache react@https://registry.npmjs.org/react/-/react-19.2.0.tgz 0ms (cache hit)
4541 http cache react-native-get-random-values@https://registry.npmjs.org/react-native-get-random-values/-/react-native-get-random-values-1.11.0.tgz 0ms (cache hit)
4542 http cache lucide-react-native@https://registry.npmjs.org/lucide-react-native/-/lucide-react-native-0.468.0.tgz 0ms (cache hit)
4543 http cache nativewind@https://registry.npmjs.org/nativewind/-/nativewind-2.0.11.tgz 0ms (cache hit)
4544 http cache expo-image-picker@https://registry.npmjs.org/expo-image-picker/-/expo-image-picker-55.0.19.tgz 0ms (cache hit)
4545 http cache expo-linear-gradient@https://registry.npmjs.org/expo-linear-gradient/-/expo-linear-gradient-55.0.13.tgz 0ms (cache hit)
4546 http cache expo-status-bar@https://registry.npmjs.org/expo-status-bar/-/expo-status-bar-55.0.5.tgz 0ms (cache hit)
4547 http cache react-dom@https://registry.npmjs.org/react-dom/-/react-dom-19.2.0.tgz 0ms (cache hit)
4548 http cache expo-contacts@https://registry.npmjs.org/expo-contacts/-/expo-contacts-55.0.13.tgz 0ms (cache hit)
4549 http cache expo-blur@https://registry.npmjs.org/expo-blur/-/expo-blur-55.0.14.tgz 0ms (cache hit)
4550 http cache expo-font@https://registry.npmjs.org/expo-font/-/expo-font-55.0.6.tgz 0ms (cache hit)
4551 http cache expo-constants@https://registry.npmjs.org/expo-constants/-/expo-constants-55.0.15.tgz 0ms (cache hit)
4552 http cache expo@https://registry.npmjs.org/expo/-/expo-55.0.17.tgz 0ms (cache hit)
4553 http cache @types/react@https://registry.npmjs.org/@types/react/-/react-19.2.14.tgz 0ms (cache hit)
4554 http cache @types/uuid@https://registry.npmjs.org/@types/uuid/-/uuid-10.0.0.tgz 0ms (cache hit)
4555 http cache react-native@https://registry.npmjs.org/react-native/-/react-native-0.83.6.tgz 0ms (cache hit)
4556 http cache @react-navigation/native@https://registry.npmjs.org/@react-navigation/native/-/native-7.2.2.tgz 0ms (cache hit)
4557 http cache @react-navigation/native-stack@https://registry.npmjs.org/@react-navigation/native-stack/-/native-stack-7.14.11.tgz 0ms (cache hit)
4558 http cache @react-native-async-storage/async-storage@https://registry.npmjs.org/@react-native-async-storage/async-storage/-/async-storage-2.2.0.tgz 0ms (cache hit)
4559 http cache @expo/ngrok@https://registry.npmjs.org/@expo/ngrok/-/ngrok-4.1.3.tgz 0ms (cache hit)
4560 http cache @babel/core@https://registry.npmjs.org/@babel/core/-/core-7.29.0.tgz 0ms (cache hit)
4561 http cache strip-ansi@https://registry.npmjs.org/strip-ansi/-/strip-ansi-6.0.1.tgz 0ms (cache hit)
4562 http cache bplist-parser@https://registry.npmjs.org/bplist-parser/-/bplist-parser-0.3.1.tgz 0ms (cache hit)
4563 http cache strip-ansi@https://registry.npmjs.org/strip-ansi/-/strip-ansi-6.0.1.tgz 0ms (cache hit)
4564 http cache type-fest@https://registry.npmjs.org/type-fest/-/type-fest-0.21.3.tgz 0ms (cache hit)
4565 http cache commander@https://registry.npmjs.org/commander/-/commander-4.1.1.tgz 0ms (cache hit)
4566 http cache picomatch@https://registry.npmjs.org/picomatch/-/picomatch-2.3.2.tgz 0ms (cache hit)
4567 http cache glob-parent@https://registry.npmjs.org/glob-parent/-/glob-parent-5.1.2.tgz 0ms (cache hit)
4568 http cache yaml@https://registry.npmjs.org/yaml/-/yaml-2.8.3.tgz 0ms (cache hit)
4569 http cache glob-parent@https://registry.npmjs.org/glob-parent/-/glob-parent-5.1.2.tgz 0ms (cache hit)
4570 http cache promise@https://registry.npmjs.org/promise/-/promise-7.3.1.tgz 0ms (cache hit)
4571 http cache @react-native-community/datetimepicker@https://registry.npmjs.org/@react-native-community/datetimepicker/-/datetimepicker-8.6.0.tgz 0ms (cache hit)
4572 http cache expo-asset@https://registry.npmjs.org/expo-asset/-/expo-asset-55.0.16.tgz 0ms (cache hit)
4573 http cache statuses@https://registry.npmjs.org/statuses/-/statuses-2.0.2.tgz 0ms (cache hit)
4574 http cache source-map@https://registry.npmjs.org/source-map/-/source-map-0.6.1.tgz 0ms (cache hit)
4575 http cache picomatch@https://registry.npmjs.org/picomatch/-/picomatch-2.3.2.tgz 0ms (cache hit)
4576 http cache lilconfig@https://registry.npmjs.org/lilconfig/-/lilconfig-3.1.3.tgz 0ms (cache hit)
4577 http cache brace-expansion@https://registry.npmjs.org/brace-expansion/-/brace-expansion-1.1.14.tgz 0ms (cache hit)
4578 http cache minimatch@https://registry.npmjs.org/minimatch/-/minimatch-3.1.5.tgz 0ms (cache hit)
4579 http cache js-yaml@https://registry.npmjs.org/js-yaml/-/js-yaml-3.14.2.tgz 0ms (cache hit)
4580 http cache balanced-match@https://registry.npmjs.org/balanced-match/-/balanced-match-1.0.2.tgz 0ms (cache hit)
4581 http cache glob@https://registry.npmjs.org/glob/-/glob-7.2.3.tgz 0ms (cache hit)
4582 http cache camelcase@https://registry.npmjs.org/camelcase/-/camelcase-5.3.1.tgz 0ms (cache hit)
4583 http cache ansi-regex@https://registry.npmjs.org/ansi-regex/-/ansi-regex-4.1.1.tgz 0ms (cache hit)
4584 http cache ws@https://registry.npmjs.org/ws/-/ws-7.5.10.tgz 0ms (cache hit)
4585 http cache semver@https://registry.npmjs.org/semver/-/semver-7.7.4.tgz 0ms (cache hit)
4586 http cache has-flag@https://registry.npmjs.org/has-flag/-/has-flag-3.0.0.tgz 0ms (cache hit)
4587 http cache escape-string-regexp@https://registry.npmjs.org/escape-string-regexp/-/escape-string-regexp-2.0.0.tgz 0ms (cache hit)
4588 http cache color-name@https://registry.npmjs.org/color-name/-/color-name-1.1.3.tgz 0ms (cache hit)
4589 http cache supports-color@https://registry.npmjs.org/supports-color/-/supports-color-5.5.0.tgz 0ms (cache hit)
4590 http cache ansi-styles@https://registry.npmjs.org/ansi-styles/-/ansi-styles-3.2.1.tgz 0ms (cache hit)
4591 http cache color-convert@https://registry.npmjs.org/color-convert/-/color-convert-1.9.3.tgz 0ms (cache hit)
4592 http cache chalk@https://registry.npmjs.org/chalk/-/chalk-2.4.2.tgz 0ms (cache hit)
4593 http cache escape-string-regexp@https://registry.npmjs.org/escape-string-regexp/-/escape-string-regexp-1.0.5.tgz 0ms (cache hit)
4594 http cache argparse@https://registry.npmjs.org/argparse/-/argparse-1.0.10.tgz 0ms (cache hit)
4595 http cache escape-string-regexp@https://registry.npmjs.org/escape-string-regexp/-/escape-string-regexp-1.0.5.tgz 0ms (cache hit)
4596 http cache picomatch@https://registry.npmjs.org/picomatch/-/picomatch-2.3.2.tgz 0ms (cache hit)
4597 http cache picomatch@https://registry.npmjs.org/picomatch/-/picomatch-2.3.2.tgz 0ms (cache hit)
4598 http cache lru-cache@https://registry.npmjs.org/lru-cache/-/lru-cache-10.4.3.tgz 0ms (cache hit)
4599 http cache balanced-match@https://registry.npmjs.org/balanced-match/-/balanced-match-1.0.2.tgz 0ms (cache hit)
4600 http cache supports-color@https://registry.npmjs.org/supports-color/-/supports-color-8.1.1.tgz 0ms (cache hit)
4601 http cache mimic-response@https://registry.npmjs.org/mimic-response/-/mimic-response-3.1.0.tgz 0ms (cache hit)
4602 http cache commander@https://registry.npmjs.org/commander/-/commander-2.20.3.tgz 0ms (cache hit)
4603 http cache ms@https://registry.npmjs.org/ms/-/ms-2.0.0.tgz 0ms (cache hit)
4604 http cache brace-expansion@https://registry.npmjs.org/brace-expansion/-/brace-expansion-1.1.14.tgz 0ms (cache hit)
4605 http cache minimatch@https://registry.npmjs.org/minimatch/-/minimatch-3.1.5.tgz 0ms (cache hit)
4606 http cache glob@https://registry.npmjs.org/glob/-/glob-7.2.3.tgz 0ms (cache hit)
4607 http cache balanced-match@https://registry.npmjs.org/balanced-match/-/balanced-match-1.0.2.tgz 0ms (cache hit)
4608 http cache debug@https://registry.npmjs.org/debug/-/debug-2.6.9.tgz 0ms (cache hit)
4609 http cache lru-cache@https://registry.npmjs.org/lru-cache/-/lru-cache-11.3.5.tgz 0ms (cache hit)
4610 http cache debug@https://registry.npmjs.org/debug/-/debug-2.6.9.tgz 0ms (cache hit)
4611 http cache balanced-match@https://registry.npmjs.org/balanced-match/-/balanced-match-1.0.2.tgz 0ms (cache hit)
4612 http cache hermes-estree@https://registry.npmjs.org/hermes-estree/-/hermes-estree-0.32.0.tgz 0ms (cache hit)
4613 http cache brace-expansion@https://registry.npmjs.org/brace-expansion/-/brace-expansion-1.1.14.tgz 0ms (cache hit)
4614 http cache glob@https://registry.npmjs.org/glob/-/glob-7.2.3.tgz 0ms (cache hit)
4615 http cache babel-plugin-syntax-hermes-parser@https://registry.npmjs.org/babel-plugin-syntax-hermes-parser/-/babel-plugin-syntax-hermes-parser-0.32.0.tgz 0ms (cache hit)
4616 http cache hermes-parser@https://registry.npmjs.org/hermes-parser/-/hermes-parser-0.32.0.tgz 0ms (cache hit)
4617 http cache minimatch@https://registry.npmjs.org/minimatch/-/minimatch-3.1.5.tgz 0ms (cache hit)
4618 http cache hermes-estree@https://registry.npmjs.org/hermes-estree/-/hermes-estree-0.32.0.tgz 0ms (cache hit)
4619 http cache yaml@https://registry.npmjs.org/yaml/-/yaml-2.8.3.tgz 0ms (cache hit)
4620 http cache mime-db@https://registry.npmjs.org/mime-db/-/mime-db-1.52.0.tgz 0ms (cache hit)
4621 http cache ms@https://registry.npmjs.org/ms/-/ms-2.0.0.tgz 0ms (cache hit)
4622 http cache hermes-estree@https://registry.npmjs.org/hermes-estree/-/hermes-estree-0.35.0.tgz 0ms (cache hit)
4623 http cache hermes-parser@https://registry.npmjs.org/hermes-parser/-/hermes-parser-0.35.0.tgz 0ms (cache hit)
4624 http cache hermes-estree@https://registry.npmjs.org/hermes-estree/-/hermes-estree-0.35.0.tgz 0ms (cache hit)
4625 http cache encodeurl@https://registry.npmjs.org/encodeurl/-/encodeurl-2.0.0.tgz 0ms (cache hit)
4626 http cache ws@https://registry.npmjs.org/ws/-/ws-7.5.10.tgz 0ms (cache hit)
4627 http cache ci-info@https://registry.npmjs.org/ci-info/-/ci-info-2.0.0.tgz 0ms (cache hit)
4628 http cache hermes-parser@https://registry.npmjs.org/hermes-parser/-/hermes-parser-0.32.0.tgz 0ms (cache hit)
4629 http cache negotiator@https://registry.npmjs.org/negotiator/-/negotiator-1.0.0.tgz 0ms (cache hit)
4630 http cache accepts@https://registry.npmjs.org/accepts/-/accepts-2.0.0.tgz 0ms (cache hit)
4631 http cache uuid@https://registry.npmjs.org/uuid/-/uuid-7.0.3.tgz 0ms (cache hit)
4632 http cache xmlbuilder@https://registry.npmjs.org/xmlbuilder/-/xmlbuilder-11.0.1.tgz 0ms (cache hit)
4633 http cache strip-ansi@https://registry.npmjs.org/strip-ansi/-/strip-ansi-6.0.1.tgz 0ms (cache hit)
4634 http cache statuses@https://registry.npmjs.org/statuses/-/statuses-2.0.2.tgz 0ms (cache hit)
4635 http cache source-map@https://registry.npmjs.org/source-map/-/source-map-0.6.1.tgz 0ms (cache hit)
4636 http cache on-finished@https://registry.npmjs.org/on-finished/-/on-finished-2.4.1.tgz 0ms (cache hit)
4637 http cache mime-types@https://registry.npmjs.org/mime-types/-/mime-types-3.0.2.tgz 0ms (cache hit)
4638 http cache ms@https://registry.npmjs.org/ms/-/ms-2.0.0.tgz 0ms (cache hit)
4639 http cache encodeurl@https://registry.npmjs.org/encodeurl/-/encodeurl-2.0.0.tgz 0ms (cache hit)
4640 http cache color-name@https://registry.npmjs.org/color-name/-/color-name-1.1.3.tgz 0ms (cache hit)
4641 http cache hermes-parser@https://registry.npmjs.org/hermes-parser/-/hermes-parser-0.35.0.tgz 0ms (cache hit)
4642 http cache has-flag@https://registry.npmjs.org/has-flag/-/has-flag-3.0.0.tgz 0ms (cache hit)
4643 http cache debug@https://registry.npmjs.org/debug/-/debug-2.6.9.tgz 0ms (cache hit)
4644 http cache supports-color@https://registry.npmjs.org/supports-color/-/supports-color-5.5.0.tgz 0ms (cache hit)
4645 http cache color-convert@https://registry.npmjs.org/color-convert/-/color-convert-1.9.3.tgz 0ms (cache hit)
4646 http cache ansi-styles@https://registry.npmjs.org/ansi-styles/-/ansi-styles-3.2.1.tgz 0ms (cache hit)
4647 http cache chalk@https://registry.npmjs.org/chalk/-/chalk-2.4.2.tgz 0ms (cache hit)
4648 http cache escape-string-regexp@https://registry.npmjs.org/escape-string-regexp/-/escape-string-regexp-1.0.5.tgz 0ms (cache hit)
4649 http cache semver@https://registry.npmjs.org/semver/-/semver-7.7.4.tgz 0ms (cache hit)
4650 http cache debug@https://registry.npmjs.org/debug/-/debug-2.6.9.tgz 0ms (cache hit)
4651 http cache open@https://registry.npmjs.org/open/-/open-8.4.2.tgz 0ms (cache hit)
4652 http cache ms@https://registry.npmjs.org/ms/-/ms-2.0.0.tgz 0ms (cache hit)
4653 http cache debug@https://registry.npmjs.org/debug/-/debug-2.6.9.tgz 0ms (cache hit)
4654 http cache negotiator@https://registry.npmjs.org/negotiator/-/negotiator-0.6.4.tgz 0ms (cache hit)
4655 http cache semver@https://registry.npmjs.org/semver/-/semver-7.7.4.tgz 0ms (cache hit)
4656 http cache debug@https://registry.npmjs.org/debug/-/debug-3.2.7.tgz 0ms (cache hit)
4657 http cache semver@https://registry.npmjs.org/semver/-/semver-7.7.4.tgz 0ms (cache hit)
4658 http cache ansi-styles@https://registry.npmjs.org/ansi-styles/-/ansi-styles-5.2.0.tgz 0ms (cache hit)
4659 http cache semver@https://registry.npmjs.org/semver/-/semver-7.7.4.tgz 0ms (cache hit)
4660 http cache ms@https://registry.npmjs.org/ms/-/ms-2.0.0.tgz 0ms (cache hit)
4661 http cache semver@https://registry.npmjs.org/semver/-/semver-7.7.4.tgz 0ms (cache hit)
4662 http cache semver@https://registry.npmjs.org/semver/-/semver-7.7.4.tgz 0ms (cache hit)
4663 http cache semver@https://registry.npmjs.org/semver/-/semver-7.7.4.tgz 0ms (cache hit)
4664 http cache postcss-nested@https://registry.npmjs.org/postcss-nested/-/postcss-nested-6.2.0.tgz 0ms (cache hit)
4665 http cache semver@https://registry.npmjs.org/semver/-/semver-7.7.3.tgz 0ms (cache hit)
4666 http cache @babel/plugin-transform-classes@https://registry.npmjs.org/@babel/plugin-transform-classes/-/plugin-transform-classes-7.28.4.tgz 0ms (cache hit)
4667 http cache @babel/plugin-transform-nullish-coalescing-operator@https://registry.npmjs.org/@babel/plugin-transform-nullish-coalescing-operator/-/plugin-transform-nullish-coalescing-operator-7.27.1.tgz 0ms (cache hit)
4668 http cache @babel/preset-typescript@https://registry.npmjs.org/@babel/preset-typescript/-/preset-typescript-7.27.1.tgz 0ms (cache hit)
4669 http cache @babel/plugin-transform-optional-chaining@https://registry.npmjs.org/@babel/plugin-transform-optional-chaining/-/plugin-transform-optional-chaining-7.27.1.tgz 0ms (cache hit)
4670 http cache @babel/plugin-transform-class-properties@https://registry.npmjs.org/@babel/plugin-transform-class-properties/-/plugin-transform-class-properties-7.27.1.tgz 0ms (cache hit)
4671 http cache memoize-one@https://registry.npmjs.org/memoize-one/-/memoize-one-6.0.0.tgz 0ms (cache hit)
4672 http cache @react-native/normalize-colors@https://registry.npmjs.org/@react-native/normalize-colors/-/normalize-colors-0.74.89.tgz 0ms (cache hit)
4673 http cache semver@https://registry.npmjs.org/semver/-/semver-7.7.3.tgz 0ms (cache hit)
4674 http cache hermes-estree@https://registry.npmjs.org/hermes-estree/-/hermes-estree-0.32.0.tgz 0ms (cache hit)
4675 http cache react-native-is-edge-to-edge@https://registry.npmjs.org/react-native-is-edge-to-edge/-/react-native-is-edge-to-edge-1.2.1.tgz 0ms (cache hit)
4676 http cache brace-expansion@https://registry.npmjs.org/brace-expansion/-/brace-expansion-1.1.14.tgz 0ms (cache hit)
4677 http cache balanced-match@https://registry.npmjs.org/balanced-match/-/balanced-match-1.0.2.tgz 0ms (cache hit)
4678 http cache minimatch@https://registry.npmjs.org/minimatch/-/minimatch-3.1.5.tgz 0ms (cache hit)
4679 http cache ws@https://registry.npmjs.org/ws/-/ws-7.5.10.tgz 0ms (cache hit)
4680 http cache react-is@https://registry.npmjs.org/react-is/-/react-is-18.3.1.tgz 0ms (cache hit)
4681 http cache semver@https://registry.npmjs.org/semver/-/semver-7.7.4.tgz 0ms (cache hit)
4682 http cache hermes-parser@https://registry.npmjs.org/hermes-parser/-/hermes-parser-0.32.0.tgz 0ms (cache hit)
4683 http cache babel-plugin-syntax-hermes-parser@https://registry.npmjs.org/babel-plugin-syntax-hermes-parser/-/babel-plugin-syntax-hermes-parser-0.32.0.tgz 0ms (cache hit)
4684 http cache commander@https://registry.npmjs.org/commander/-/commander-12.1.0.tgz 0ms (cache hit)
4685 http cache glob@https://registry.npmjs.org/glob/-/glob-7.2.3.tgz 0ms (cache hit)
4686 http cache react-is@https://registry.npmjs.org/react-is/-/react-is-18.3.1.tgz 0ms (cache hit)
4687 http cache ws@https://registry.npmjs.org/ws/-/ws-7.5.10.tgz 0ms (cache hit)
4688 http cache @babel/types@https://registry.npmjs.org/@babel/types/-/types-7.19.0.tgz 0ms (cache hit)
4689 http cache @babel/helper-module-imports@https://registry.npmjs.org/@babel/helper-module-imports/-/helper-module-imports-7.18.6.tgz 0ms (cache hit)
4690 silly tarball no local data for to-fast-properties@https://registry.npmjs.org/to-fast-properties/-/to-fast-properties-2.0.0.tgz. Extracting by manifest.
4691 http cache uuid@https://registry.npmjs.org/uuid/-/uuid-3.4.0.tgz 0ms (cache hit)
4692 silly tarball no local data for path-is-absolute@https://registry.npmjs.org/path-is-absolute/-/path-is-absolute-1.0.1.tgz. Extracting by manifest.
4693 silly tarball no local data for concat-map@https://registry.npmjs.org/concat-map/-/concat-map-0.0.1.tgz. Extracting by manifest.
4694 silly tarball no local data for fs.realpath@https://registry.npmjs.org/fs.realpath/-/fs.realpath-1.0.0.tgz. Extracting by manifest.
4695 silly tarball no local data for define-lazy-prop@https://registry.npmjs.org/define-lazy-prop/-/define-lazy-prop-2.0.0.tgz. Extracting by manifest.
4696 silly tarball no local data for inflight@https://registry.npmjs.org/inflight/-/inflight-1.0.6.tgz. Extracting by manifest.
4697 silly tarball no local data for esprima@https://registry.npmjs.org/esprima/-/esprima-4.0.1.tgz. Extracting by manifest.
4698 silly tarball no local data for sprintf-js@https://registry.npmjs.org/sprintf-js/-/sprintf-js-1.0.3.tgz. Extracting by manifest.
4699 silly tarball no local data for yargs-parser@https://registry.npmjs.org/yargs-parser/-/yargs-parser-21.1.1.tgz. Extracting by manifest.
4700 silly tarball no local data for y18n@https://registry.npmjs.org/y18n/-/y18n-5.0.8.tgz. Extracting by manifest.
4701 silly tarball no local data for get-caller-file@https://registry.npmjs.org/get-caller-file/-/get-caller-file-2.0.5.tgz. Extracting by manifest.
4702 silly tarball no local data for require-directory@https://registry.npmjs.org/require-directory/-/require-directory-2.1.1.tgz. Extracting by manifest.
4703 silly tarball no local data for cliui@https://registry.npmjs.org/cliui/-/cliui-8.0.1.tgz. Extracting by manifest.
4704 silly tarball no local data for simple-plist@https://registry.npmjs.org/simple-plist/-/simple-plist-1.3.1.tgz. Extracting by manifest.
4705 silly tarball no local data for sax@https://registry.npmjs.org/sax/-/sax-1.6.0.tgz. Extracting by manifest.
4706 silly tarball no local data for imurmurhash@https://registry.npmjs.org/imurmurhash/-/imurmurhash-0.1.4.tgz. Extracting by manifest.
4707 silly tarball no local data for emoji-regex@https://registry.npmjs.org/emoji-regex/-/emoji-regex-8.0.0.tgz. Extracting by manifest.
4708 silly tarball no local data for is-fullwidth-code-point@https://registry.npmjs.org/is-fullwidth-code-point/-/is-fullwidth-code-point-3.0.0.tgz. Extracting by manifest.
4709 silly tarball no local data for webidl-conversions@https://registry.npmjs.org/webidl-conversions/-/webidl-conversions-3.0.1.tgz. Extracting by manifest.
4710 silly tarball no local data for plist@https://registry.npmjs.org/plist/-/plist-3.1.0.tgz. Extracting by manifest.
4711 silly tarball no local data for isexe@https://registry.npmjs.org/isexe/-/isexe-2.0.0.tgz. Extracting by manifest.
4712 silly tarball no local data for tr46@https://registry.npmjs.org/tr46/-/tr46-0.0.3.tgz. Extracting by manifest.
4713 silly tarball no local data for tmpl@https://registry.npmjs.org/tmpl/-/tmpl-1.0.5.tgz. Extracting by manifest.
4714 silly tarball no local data for string-width@https://registry.npmjs.org/string-width/-/string-width-4.2.3.tgz. Extracting by manifest.
4715 silly tarball no local data for makeerror@https://registry.npmjs.org/makeerror/-/makeerror-1.0.12.tgz. Extracting by manifest.
4716 silly tarball no local data for escalade@https://registry.npmjs.org/escalade/-/escalade-3.2.0.tgz. Extracting by manifest.
4717 silly tarball no local data for clone@https://registry.npmjs.org/clone/-/clone-1.0.4.tgz. Extracting by manifest.
4718 silly tarball no local data for unicode-canonical-property-names-ecmascript@https://registry.npmjs.org/unicode-canonical-property-names-ecmascript/-/unicode-canonical-property-names-ecmascript-2.0.1.tgz. Extracting by manifest.
4719 silly tarball no local data for unicode-property-aliases-ecmascript@https://registry.npmjs.org/unicode-property-aliases-ecmascript/-/unicode-property-aliases-ecmascript-2.2.0.tgz. Extracting by manifest.
4720 silly tarball no local data for is-number@https://registry.npmjs.org/is-number/-/is-number-7.0.0.tgz. Extracting by manifest.
4721 silly tarball no local data for fdir@https://registry.npmjs.org/fdir/-/fdir-6.5.0.tgz. Extracting by manifest.
4722 silly tarball no local data for thenify@https://registry.npmjs.org/thenify/-/thenify-3.3.1.tgz. Extracting by manifest.
4723 silly tarball no local data for @jridgewell/source-map@https://registry.npmjs.org/@jridgewell/source-map/-/source-map-0.3.11.tgz. Extracting by manifest.
4724 silly tarball no local data for thenify-all@https://registry.npmjs.org/thenify-all/-/thenify-all-1.6.0.tgz. Extracting by manifest.
4725 silly tarball no local data for acorn@https://registry.npmjs.org/acorn/-/acorn-8.16.0.tgz. Extracting by manifest.
4726 silly tarball no local data for ansi-escapes@https://registry.npmjs.org/ansi-escapes/-/ansi-escapes-4.3.2.tgz. Extracting by manifest.
4727 silly tarball no local data for supports-hyperlinks@https://registry.npmjs.org/supports-hyperlinks/-/supports-hyperlinks-2.3.0.tgz. Extracting by manifest.
4728 silly tarball no local data for lines-and-columns@https://registry.npmjs.org/lines-and-columns/-/lines-and-columns-1.2.4.tgz. Extracting by manifest.
4729 silly tarball no local data for any-promise@https://registry.npmjs.org/any-promise/-/any-promise-1.3.0.tgz. Extracting by manifest.
4730 silly tarball no local data for defaults@https://registry.npmjs.org/defaults/-/defaults-1.0.4.tgz. Extracting by manifest.
4731 silly tarball no local data for mz@https://registry.npmjs.org/mz/-/mz-2.7.0.tgz. Extracting by manifest.
4732 silly tarball no local data for tinyglobby@https://registry.npmjs.org/tinyglobby/-/tinyglobby-0.2.16.tgz. Extracting by manifest.
4733 silly tarball no local data for queue-microtask@https://registry.npmjs.org/queue-microtask/-/queue-microtask-1.2.3.tgz. Extracting by manifest.
4734 silly tarball no local data for camelcase-css@https://registry.npmjs.org/camelcase-css/-/camelcase-css-2.0.1.tgz. Extracting by manifest.
4735 silly tarball no local data for ts-interface-checker@https://registry.npmjs.org/ts-interface-checker/-/ts-interface-checker-0.1.13.tgz. Extracting by manifest.
4736 silly tarball no local data for read-cache@https://registry.npmjs.org/read-cache/-/read-cache-1.0.0.tgz. Extracting by manifest.
4737 silly tarball no local data for is-extglob@https://registry.npmjs.org/is-extglob/-/is-extglob-2.1.1.tgz. Extracting by manifest.
4738 silly tarball no local data for run-parallel@https://registry.npmjs.org/run-parallel/-/run-parallel-1.2.0.tgz. Extracting by manifest.
4739 silly tarball no local data for binary-extensions@https://registry.npmjs.org/binary-extensions/-/binary-extensions-2.3.0.tgz. Extracting by manifest.
4740 silly tarball no local data for fastq@https://registry.npmjs.org/fastq/-/fastq-1.20.1.tgz. Extracting by manifest.
4741 silly tarball no local data for reusify@https://registry.npmjs.org/reusify/-/reusify-1.1.0.tgz. Extracting by manifest.
4742 silly tarball no local data for @nodelib/fs.scandir@https://registry.npmjs.org/@nodelib/fs.scandir/-/fs.scandir-2.1.5.tgz. Extracting by manifest.
4743 silly tarball no local data for merge2@https://registry.npmjs.org/merge2/-/merge2-1.4.1.tgz. Extracting by manifest.
4744 silly tarball no local data for @nodelib/fs.walk@https://registry.npmjs.org/@nodelib/fs.walk/-/fs.walk-1.2.8.tgz. Extracting by manifest.
4745 silly tarball no local data for readdirp@https://registry.npmjs.org/readdirp/-/readdirp-3.6.0.tgz. Extracting by manifest.
4746 silly tarball no local data for is-binary-path@https://registry.npmjs.org/is-binary-path/-/is-binary-path-2.1.0.tgz. Extracting by manifest.
4747 silly tarball no local data for postcss-js@https://registry.npmjs.org/postcss-js/-/postcss-js-4.1.0.tgz. Extracting by manifest.
4748 silly tarball no local data for sucrase@https://registry.npmjs.org/sucrase/-/sucrase-3.35.1.tgz. Extracting by manifest.
4749 silly tarball no local data for postcss-load-config@https://registry.npmjs.org/postcss-load-config/-/postcss-load-config-4.0.2.tgz. Extracting by manifest.
4750 silly tarball no local data for postcss-import@https://registry.npmjs.org/postcss-import/-/postcss-import-15.1.0.tgz. Extracting by manifest.
4751 silly tarball no local data for @nodelib/fs.stat@https://registry.npmjs.org/@nodelib/fs.stat/-/fs.stat-2.0.5.tgz. Extracting by manifest.
4752 silly tarball no local data for object-hash@https://registry.npmjs.org/object-hash/-/object-hash-3.0.0.tgz. Extracting by manifest.
4753 silly tarball no local data for glob-parent@https://registry.npmjs.org/glob-parent/-/glob-parent-6.0.2.tgz. Extracting by manifest.
4754 silly tarball no local data for pify@https://registry.npmjs.org/pify/-/pify-2.3.0.tgz. Extracting by manifest.
4755 silly tarball no local data for is-glob@https://registry.npmjs.org/is-glob/-/is-glob-4.0.3.tgz. Extracting by manifest.
4756 silly tarball no local data for lilconfig@https://registry.npmjs.org/lilconfig/-/lilconfig-2.1.0.tgz. Extracting by manifest.
4757 silly tarball no local data for jiti@https://registry.npmjs.org/jiti/-/jiti-1.21.7.tgz. Extracting by manifest.
4758 silly tarball no local data for has-flag@https://registry.npmjs.org/has-flag/-/has-flag-4.0.0.tgz. Extracting by manifest.
4759 silly tarball no local data for dlv@https://registry.npmjs.org/dlv/-/dlv-1.1.3.tgz. Extracting by manifest.
4760 silly tarball no local data for chokidar@https://registry.npmjs.org/chokidar/-/chokidar-3.6.0.tgz. Extracting by manifest.
4761 silly tarball no local data for fast-glob@https://registry.npmjs.org/fast-glob/-/fast-glob-3.3.3.tgz. Extracting by manifest.
4762 silly tarball no local data for @alloc/quick-lru@https://registry.npmjs.org/@alloc/quick-lru/-/quick-lru-5.2.0.tgz. Extracting by manifest.
4763 silly tarball no local data for type-fest@https://registry.npmjs.org/type-fest/-/type-fest-0.7.1.tgz. Extracting by manifest.
4764 silly tarball no local data for buffer-from@https://registry.npmjs.org/buffer-from/-/buffer-from-1.1.2.tgz. Extracting by manifest.
4765 silly tarball no local data for shebang-regex@https://registry.npmjs.org/shebang-regex/-/shebang-regex-3.0.0.tgz. Extracting by manifest.
4766 silly tarball no local data for is-arrayish@https://registry.npmjs.org/is-arrayish/-/is-arrayish-0.3.4.tgz. Extracting by manifest.
4767 silly tarball no local data for toidentifier@https://registry.npmjs.org/toidentifier/-/toidentifier-1.0.1.tgz. Extracting by manifest.
4768 silly tarball no local data for setprototypeof@https://registry.npmjs.org/setprototypeof/-/setprototypeof-1.2.0.tgz. Extracting by manifest.
4769 silly tarball no local data for range-parser@https://registry.npmjs.org/range-parser/-/range-parser-1.2.1.tgz. Extracting by manifest.
4770 silly tarball no local data for mime@https://registry.npmjs.org/mime/-/mime-1.6.0.tgz. Extracting by manifest.
4771 silly tarball no local data for http-errors@https://registry.npmjs.org/http-errors/-/http-errors-2.0.1.tgz. Extracting by manifest.
4772 silly tarball no local data for etag@https://registry.npmjs.org/etag/-/etag-1.8.1.tgz. Extracting by manifest.
4773 silly tarball no local data for mimic-fn@https://registry.npmjs.org/mimic-fn/-/mimic-fn-1.2.0.tgz. Extracting by manifest.
4774 silly tarball no local data for destroy@https://registry.npmjs.org/destroy/-/destroy-1.2.0.tgz. Extracting by manifest.
4775 silly tarball no local data for didyoumean@https://registry.npmjs.org/didyoumean/-/didyoumean-1.2.2.tgz. Extracting by manifest.
4776 silly tarball no local data for fresh@https://registry.npmjs.org/fresh/-/fresh-0.5.2.tgz. Extracting by manifest.
4777 silly tarball no local data for depd@https://registry.npmjs.org/depd/-/depd-2.0.0.tgz. Extracting by manifest.
4778 silly tarball no local data for signal-exit@https://registry.npmjs.org/signal-exit/-/signal-exit-3.0.7.tgz. Extracting by manifest.
4779 silly tarball no local data for hasown@https://registry.npmjs.org/hasown/-/hasown-2.0.3.tgz. Extracting by manifest.
4780 silly tarball no local data for function-bind@https://registry.npmjs.org/function-bind/-/function-bind-1.1.2.tgz. Extracting by manifest.
4781 silly tarball no local data for supports-preserve-symlinks-flag@https://registry.npmjs.org/supports-preserve-symlinks-flag/-/supports-preserve-symlinks-flag-1.0.0.tgz. Extracting by manifest.
4782 silly tarball no local data for is-core-module@https://registry.npmjs.org/is-core-module/-/is-core-module-2.16.1.tgz. Extracting by manifest.
4783 silly tarball no local data for unicode-match-property-ecmascript@https://registry.npmjs.org/unicode-match-property-ecmascript/-/unicode-match-property-ecmascript-2.0.0.tgz. Extracting by manifest.
4784 silly tarball no local data for regjsparser@https://registry.npmjs.org/regjsparser/-/regjsparser-0.13.1.tgz. Extracting by manifest.
4785 silly tarball no local data for regjsgen@https://registry.npmjs.org/regjsgen/-/regjsgen-0.8.0.tgz. Extracting by manifest.
4786 silly tarball no local data for onetime@https://registry.npmjs.org/onetime/-/onetime-2.0.1.tgz. Extracting by manifest.
4787 silly tarball no local data for unicode-match-property-value-ecmascript@https://registry.npmjs.org/unicode-match-property-value-ecmascript/-/unicode-match-property-value-ecmascript-2.2.1.tgz. Extracting by manifest.
4788 silly tarball no local data for es-errors@https://registry.npmjs.org/es-errors/-/es-errors-1.3.0.tgz. Extracting by manifest.
4789 silly tarball no local data for path-parse@https://registry.npmjs.org/path-parse/-/path-parse-1.0.7.tgz. Extracting by manifest.
4790 silly tarball no local data for @babel/plugin-transform-template-literals@https://registry.npmjs.org/@babel/plugin-transform-template-literals/-/plugin-transform-template-literals-7.27.1.tgz. Extracting by manifest.
4791 silly tarball no local data for whatwg-url@https://registry.npmjs.org/whatwg-url/-/whatwg-url-5.0.0.tgz. Extracting by manifest.
4792 silly tarball no local data for hyphenate-style-name@https://registry.npmjs.org/hyphenate-style-name/-/hyphenate-style-name-1.1.0.tgz. Extracting by manifest.
4793 silly tarball no local data for node-fetch@https://registry.npmjs.org/node-fetch/-/node-fetch-2.7.0.tgz. Extracting by manifest.
4794 silly tarball no local data for ua-parser-js@https://registry.npmjs.org/ua-parser-js/-/ua-parser-js-1.0.41.tgz. Extracting by manifest.
4795 silly tarball no local data for regenerate@https://registry.npmjs.org/regenerate/-/regenerate-1.4.2.tgz. Extracting by manifest.
4796 silly tarball no local data for object-assign@https://registry.npmjs.org/object-assign/-/object-assign-4.1.1.tgz. Extracting by manifest.
4797 silly tarball no local data for regenerate-unicode-properties@https://registry.npmjs.org/regenerate-unicode-properties/-/regenerate-unicode-properties-10.2.2.tgz. Extracting by manifest.
4798 silly tarball no local data for setimmediate@https://registry.npmjs.org/setimmediate/-/setimmediate-1.0.5.tgz. Extracting by manifest.
4799 silly tarball no local data for fbjs-css-vars@https://registry.npmjs.org/fbjs-css-vars/-/fbjs-css-vars-1.0.2.tgz. Extracting by manifest.
4800 silly tarball no local data for css-in-js-utils@https://registry.npmjs.org/css-in-js-utils/-/css-in-js-utils-3.1.0.tgz. Extracting by manifest.
4801 silly tarball no local data for cross-fetch@https://registry.npmjs.org/cross-fetch/-/cross-fetch-3.2.0.tgz. Extracting by manifest.
4802 silly tarball no local data for styleq@https://registry.npmjs.org/styleq/-/styleq-0.1.3.tgz. Extracting by manifest.
4803 silly tarball no local data for entities@https://registry.npmjs.org/entities/-/entities-4.5.0.tgz. Extracting by manifest.
4804 silly tarball no local data for dom-serializer@https://registry.npmjs.org/dom-serializer/-/dom-serializer-2.0.0.tgz. Extracting by manifest.
4805 silly tarball no local data for domelementtype@https://registry.npmjs.org/domelementtype/-/domelementtype-2.3.0.tgz. Extracting by manifest.
4806 silly tarball no local data for mdn-data@https://registry.npmjs.org/mdn-data/-/mdn-data-2.0.14.tgz. Extracting by manifest.
4807 silly tarball no local data for nth-check@https://registry.npmjs.org/nth-check/-/nth-check-2.1.1.tgz. Extracting by manifest.
4808 silly tarball no local data for inline-style-prefixer@https://registry.npmjs.org/inline-style-prefixer/-/inline-style-prefixer-7.0.1.tgz. Extracting by manifest.
4809 silly tarball no local data for domutils@https://registry.npmjs.org/domutils/-/domutils-3.2.2.tgz. Extracting by manifest.
4810 silly tarball no local data for css-select@https://registry.npmjs.org/css-select/-/css-select-5.2.2.tgz. Extracting by manifest.
4811 silly tarball no local data for fbjs@https://registry.npmjs.org/fbjs/-/fbjs-3.0.5.tgz. Extracting by manifest.
4812 silly tarball no local data for css-what@https://registry.npmjs.org/css-what/-/css-what-6.2.2.tgz. Extracting by manifest.
4813 silly tarball no local data for css-tree@https://registry.npmjs.org/css-tree/-/css-tree-1.1.3.tgz. Extracting by manifest.
4814 silly tarball no local data for react-freeze@https://registry.npmjs.org/react-freeze/-/react-freeze-1.0.4.tgz. Extracting by manifest.
4815 silly tarball no local data for boolbase@https://registry.npmjs.org/boolbase/-/boolbase-1.0.0.tgz. Extracting by manifest.
4816 silly tarball no local data for fast-base64-decode@https://registry.npmjs.org/fast-base64-decode/-/fast-base64-decode-1.0.0.tgz. Extracting by manifest.
4817 silly tarball no local data for asap@https://registry.npmjs.org/asap/-/asap-2.0.6.tgz. Extracting by manifest.
4818 silly tarball no local data for p-try@https://registry.npmjs.org/p-try/-/p-try-2.2.0.tgz. Extracting by manifest.
4819 silly tarball no local data for shell-quote@https://registry.npmjs.org/shell-quote/-/shell-quote-1.8.3.tgz. Extracting by manifest.
4820 silly tarball no local data for p-locate@https://registry.npmjs.org/p-locate/-/p-locate-4.1.0.tgz. Extracting by manifest.
4821 silly tarball no local data for @types/stack-utils@https://registry.npmjs.org/@types/stack-utils/-/stack-utils-2.0.3.tgz. Extracting by manifest.
4822 silly tarball no local data for stack-utils@https://registry.npmjs.org/stack-utils/-/stack-utils-2.0.6.tgz. Extracting by manifest.
4823 silly tarball no local data for p-limit@https://registry.npmjs.org/p-limit/-/p-limit-2.3.0.tgz. Extracting by manifest.
4824 silly tarball no local data for fsevents@https://registry.npmjs.org/fsevents/-/fsevents-2.3.3.tgz. Extracting by manifest.
4825 silly tarball no local data for domhandler@https://registry.npmjs.org/domhandler/-/domhandler-5.0.3.tgz. Extracting by manifest.
4826 silly tarball no local data for normalize-path@https://registry.npmjs.org/normalize-path/-/normalize-path-3.0.0.tgz. Extracting by manifest.
4827 silly tarball no local data for anymatch@https://registry.npmjs.org/anymatch/-/anymatch-3.1.3.tgz. Extracting by manifest.
4828 silly tarball no local data for jest-message-util@https://registry.npmjs.org/jest-message-util/-/jest-message-util-29.7.0.tgz. Extracting by manifest.
4829 silly tarball no local data for @sinonjs/commons@https://registry.npmjs.org/@sinonjs/commons/-/commons-3.0.1.tgz. Extracting by manifest.
4830 silly tarball no local data for @sinonjs/fake-timers@https://registry.npmjs.org/@sinonjs/fake-timers/-/fake-timers-10.3.0.tgz. Extracting by manifest.
4831 silly tarball no local data for @types/graceful-fs@https://registry.npmjs.org/@types/graceful-fs/-/graceful-fs-4.1.9.tgz. Extracting by manifest.
4832 silly tarball no local data for jest-mock@https://registry.npmjs.org/jest-mock/-/jest-mock-29.7.0.tgz. Extracting by manifest.
4833 silly tarball no local data for istanbul-lib-coverage@https://registry.npmjs.org/istanbul-lib-coverage/-/istanbul-lib-coverage-3.2.2.tgz. Extracting by manifest.
4834 silly tarball no local data for @jest/fake-timers@https://registry.npmjs.org/@jest/fake-timers/-/fake-timers-29.7.0.tgz. Extracting by manifest.
4835 silly tarball no local data for @jest/environment@https://registry.npmjs.org/@jest/environment/-/environment-29.7.0.tgz. Extracting by manifest.
4836 silly tarball no local data for @babel/plugin-syntax-top-level-await@https://registry.npmjs.org/@babel/plugin-syntax-top-level-await/-/plugin-syntax-top-level-await-7.14.5.tgz. Extracting by manifest.
4837 silly tarball no local data for @babel/plugin-syntax-optional-catch-binding@https://registry.npmjs.org/@babel/plugin-syntax-optional-catch-binding/-/plugin-syntax-optional-catch-binding-7.8.3.tgz. Extracting by manifest.
4838 silly tarball no local data for locate-path@https://registry.npmjs.org/locate-path/-/locate-path-5.0.0.tgz. Extracting by manifest.
4839 silly tarball no local data for @babel/plugin-syntax-private-property-in-object@https://registry.npmjs.org/@babel/plugin-syntax-private-property-in-object/-/plugin-syntax-private-property-in-object-7.14.5.tgz. Extracting by manifest.
4840 silly tarball no local data for @babel/plugin-syntax-object-rest-spread@https://registry.npmjs.org/@babel/plugin-syntax-object-rest-spread/-/plugin-syntax-object-rest-spread-7.8.3.tgz. Extracting by manifest.
4841 silly tarball no local data for path-exists@https://registry.npmjs.org/path-exists/-/path-exists-4.0.0.tgz. Extracting by manifest.
4842 silly tarball no local data for type-detect@https://registry.npmjs.org/type-detect/-/type-detect-4.0.8.tgz. Extracting by manifest.
4843 silly tarball no local data for @babel/plugin-syntax-numeric-separator@https://registry.npmjs.org/@babel/plugin-syntax-numeric-separator/-/plugin-syntax-numeric-separator-7.10.4.tgz. Extracting by manifest.
4844 silly tarball no local data for @babel/plugin-syntax-import-attributes@https://registry.npmjs.org/@babel/plugin-syntax-import-attributes/-/plugin-syntax-import-attributes-7.28.6.tgz. Extracting by manifest.
4845 silly tarball no local data for @babel/plugin-syntax-import-meta@https://registry.npmjs.org/@babel/plugin-syntax-import-meta/-/plugin-syntax-import-meta-7.10.4.tgz. Extracting by manifest.
4846 silly tarball no local data for @babel/plugin-syntax-class-properties@https://registry.npmjs.org/@babel/plugin-syntax-class-properties/-/plugin-syntax-class-properties-7.12.13.tgz. Extracting by manifest.
4847 silly tarball no local data for @babel/plugin-syntax-json-strings@https://registry.npmjs.org/@babel/plugin-syntax-json-strings/-/plugin-syntax-json-strings-7.8.3.tgz. Extracting by manifest.
4848 silly tarball no local data for @babel/plugin-syntax-bigint@https://registry.npmjs.org/@babel/plugin-syntax-bigint/-/plugin-syntax-bigint-7.8.3.tgz. Extracting by manifest.
4849 silly tarball no local data for @babel/plugin-syntax-async-generators@https://registry.npmjs.org/@babel/plugin-syntax-async-generators/-/plugin-syntax-async-generators-7.8.4.tgz. Extracting by manifest.
4850 silly tarball no local data for @babel/plugin-syntax-class-static-block@https://registry.npmjs.org/@babel/plugin-syntax-class-static-block/-/plugin-syntax-class-static-block-7.14.5.tgz. Extracting by manifest.
4851 silly tarball no local data for @babel/plugin-syntax-logical-assignment-operators@https://registry.npmjs.org/@babel/plugin-syntax-logical-assignment-operators/-/plugin-syntax-logical-assignment-operators-7.10.4.tgz. Extracting by manifest.
4852 silly tarball no local data for get-package-type@https://registry.npmjs.org/get-package-type/-/get-package-type-0.1.0.tgz. Extracting by manifest.
4853 silly tarball no local data for find-up@https://registry.npmjs.org/find-up/-/find-up-4.1.0.tgz. Extracting by manifest.
4854 silly tarball no local data for istanbul-lib-instrument@https://registry.npmjs.org/istanbul-lib-instrument/-/istanbul-lib-instrument-5.2.1.tgz. Extracting by manifest.
4855 silly tarball no local data for babel-plugin-jest-hoist@https://registry.npmjs.org/babel-plugin-jest-hoist/-/babel-plugin-jest-hoist-29.6.3.tgz. Extracting by manifest.
4856 silly tarball no local data for @istanbuljs/schema@https://registry.npmjs.org/@istanbuljs/schema/-/schema-0.1.6.tgz. Extracting by manifest.
4857 silly tarball no local data for @types/babel__traverse@https://registry.npmjs.org/@types/babel__traverse/-/babel__traverse-7.28.0.tgz. Extracting by manifest.
4858 silly tarball no local data for babel-preset-current-node-syntax@https://registry.npmjs.org/babel-preset-current-node-syntax/-/babel-preset-current-node-syntax-1.2.0.tgz. Extracting by manifest.
4859 silly tarball no local data for test-exclude@https://registry.npmjs.org/test-exclude/-/test-exclude-6.0.0.tgz. Extracting by manifest.
4860 silly tarball no local data for @istanbuljs/load-nyc-config@https://registry.npmjs.org/@istanbuljs/load-nyc-config/-/load-nyc-config-1.1.0.tgz. Extracting by manifest.
4861 silly tarball no local data for @types/babel__generator@https://registry.npmjs.org/@types/babel__generator/-/babel__generator-7.27.0.tgz. Extracting by manifest.
4862 silly tarball no local data for pirates@https://registry.npmjs.org/pirates/-/pirates-4.0.7.tgz. Extracting by manifest.
4863 silly tarball no local data for @types/babel__template@https://registry.npmjs.org/@types/babel__template/-/babel__template-7.4.4.tgz. Extracting by manifest.
4864 silly tarball no local data for jest-regex-util@https://registry.npmjs.org/jest-regex-util/-/jest-regex-util-29.6.3.tgz. Extracting by manifest.
4865 silly tarball no local data for jest-haste-map@https://registry.npmjs.org/jest-haste-map/-/jest-haste-map-29.7.0.tgz. Extracting by manifest.
4866 silly tarball no local data for fast-json-stable-stringify@https://registry.npmjs.org/fast-json-stable-stringify/-/fast-json-stable-stringify-2.1.0.tgz. Extracting by manifest.
4867 silly tarball no local data for babel-preset-jest@https://registry.npmjs.org/babel-preset-jest/-/babel-preset-jest-29.6.3.tgz. Extracting by manifest.
4868 silly tarball no local data for slash@https://registry.npmjs.org/slash/-/slash-3.0.0.tgz. Extracting by manifest.
4869 silly tarball no local data for @types/babel__core@https://registry.npmjs.org/@types/babel__core/-/babel__core-7.20.5.tgz. Extracting by manifest.
4870 silly tarball no local data for write-file-atomic@https://registry.npmjs.org/write-file-atomic/-/write-file-atomic-4.0.2.tgz. Extracting by manifest.
4871 silly tarball no local data for @jest/transform@https://registry.npmjs.org/@jest/transform/-/transform-29.7.0.tgz. Extracting by manifest.
4872 silly tarball no local data for event-target-shim@https://registry.npmjs.org/event-target-shim/-/event-target-shim-5.0.1.tgz. Extracting by manifest.
4873 silly tarball no local data for babel-plugin-istanbul@https://registry.npmjs.org/babel-plugin-istanbul/-/babel-plugin-istanbul-6.1.1.tgz. Extracting by manifest.
4874 silly tarball no local data for react-devtools-core@https://registry.npmjs.org/react-devtools-core/-/react-devtools-core-6.1.5.tgz. Extracting by manifest.
4875 silly tarball no local data for promise@https://registry.npmjs.org/promise/-/promise-8.3.0.tgz. Extracting by manifest.
4876 silly tarball no local data for memoize-one@https://registry.npmjs.org/memoize-one/-/memoize-one-5.2.1.tgz. Extracting by manifest.
4877 silly tarball no local data for hermes-compiler@https://registry.npmjs.org/hermes-compiler/-/hermes-compiler-0.14.1.tgz. Extracting by manifest.
4878 silly tarball no local data for whatwg-fetch@https://registry.npmjs.org/whatwg-fetch/-/whatwg-fetch-3.6.20.tgz. Extracting by manifest.
4879 silly tarball no local data for regenerator-runtime@https://registry.npmjs.org/regenerator-runtime/-/regenerator-runtime-0.13.11.tgz. Extracting by manifest.
4880 silly tarball no local data for ansi-regex@https://registry.npmjs.org/ansi-regex/-/ansi-regex-5.0.1.tgz. Extracting by manifest.
4881 silly tarball no local data for @react-native/virtualized-lists@https://registry.npmjs.org/@react-native/virtualized-lists/-/virtualized-lists-0.83.6.tgz. Extracting by manifest.
4882 silly tarball no local data for @react-native/js-polyfills@https://registry.npmjs.org/@react-native/js-polyfills/-/js-polyfills-0.83.6.tgz. Extracting by manifest.
4883 silly tarball no local data for jest-environment-node@https://registry.npmjs.org/jest-environment-node/-/jest-environment-node-29.7.0.tgz. Extracting by manifest.
4884 silly tarball no local data for babel-jest@https://registry.npmjs.org/babel-jest/-/babel-jest-29.7.0.tgz. Extracting by manifest.
4885 silly tarball no local data for abort-controller@https://registry.npmjs.org/abort-controller/-/abort-controller-3.0.0.tgz. Extracting by manifest.
4886 silly tarball no local data for @react-native/gradle-plugin@https://registry.npmjs.org/@react-native/gradle-plugin/-/gradle-plugin-0.83.6.tgz. Extracting by manifest.
4887 silly tarball no local data for @react-native/community-cli-plugin@https://registry.npmjs.org/@react-native/community-cli-plugin/-/community-cli-plugin-0.83.6.tgz. Extracting by manifest.
4888 silly tarball no local data for @react-native/assets-registry@https://registry.npmjs.org/@react-native/assets-registry/-/assets-registry-0.83.6.tgz. Extracting by manifest.
4889 silly tarball no local data for @jest/create-cache-key-function@https://registry.npmjs.org/@jest/create-cache-key-function/-/create-cache-key-function-29.7.0.tgz. Extracting by manifest.
4890 silly tarball no local data for inherits@https://registry.npmjs.org/inherits/-/inherits-2.0.4.tgz. Extracting by manifest.
4891 silly tarball no local data for strict-uri-encode@https://registry.npmjs.org/strict-uri-encode/-/strict-uri-encode-2.0.0.tgz. Extracting by manifest.
4892 silly tarball no local data for split-on-first@https://registry.npmjs.org/split-on-first/-/split-on-first-1.1.0.tgz. Extracting by manifest.
4893 silly tarball no local data for scheduler@https://registry.npmjs.org/scheduler/-/scheduler-0.27.0.tgz. Extracting by manifest.
4894 silly tarball no local data for filter-obj@https://registry.npmjs.org/filter-obj/-/filter-obj-1.1.0.tgz. Extracting by manifest.
4895 silly tarball no local data for decode-uri-component@https://registry.npmjs.org/decode-uri-component/-/decode-uri-component-0.2.2.tgz. Extracting by manifest.
4896 silly tarball no local data for once@https://registry.npmjs.org/once/-/once-1.4.0.tgz. Extracting by manifest.
4897 silly tarball no local data for wrappy@https://registry.npmjs.org/wrappy/-/wrappy-1.0.2.tgz. Extracting by manifest.
4898 silly tarball no local data for sisteransi@https://registry.npmjs.org/sisteransi/-/sisteransi-1.0.5.tgz. Extracting by manifest.
4899 silly tarball no local data for end-of-stream@https://registry.npmjs.org/end-of-stream/-/end-of-stream-1.4.5.tgz. Extracting by manifest.
4900 silly tarball no local data for cssesc@https://registry.npmjs.org/cssesc/-/cssesc-3.0.0.tgz. Extracting by manifest.
4901 silly tarball no local data for extend@https://registry.npmjs.org/extend/-/extend-3.0.2.tgz. Extracting by manifest.
4902 silly tarball no local data for source-map-js@https://registry.npmjs.org/source-map-js/-/source-map-js-1.2.1.tgz. Extracting by manifest.
4903 silly tarball no local data for postcss-selector-parser@https://registry.npmjs.org/postcss-selector-parser/-/postcss-selector-parser-6.1.2.tgz. Extracting by manifest.
4904 silly tarball no local data for pngjs@https://registry.npmjs.org/pngjs/-/pngjs-3.4.0.tgz. Extracting by manifest.
4905 silly tarball no local data for util-deprecate@https://registry.npmjs.org/util-deprecate/-/util-deprecate-1.0.2.tgz. Extracting by manifest.
4906 silly tarball no local data for kleur@https://registry.npmjs.org/kleur/-/kleur-3.0.3.tgz. Extracting by manifest.
4907 silly tarball no local data for log-symbols@https://registry.npmjs.org/log-symbols/-/log-symbols-2.2.0.tgz. Extracting by manifest.
4908 silly tarball no local data for restore-cursor@https://registry.npmjs.org/restore-cursor/-/restore-cursor-2.0.0.tgz. Extracting by manifest.
4909 silly tarball no local data for wcwidth@https://registry.npmjs.org/wcwidth/-/wcwidth-1.0.1.tgz. Extracting by manifest.
4910 silly tarball no local data for cli-spinners@https://registry.npmjs.org/cli-spinners/-/cli-spinners-2.9.2.tgz. Extracting by manifest.
4911 silly tarball no local data for cli-cursor@https://registry.npmjs.org/cli-cursor/-/cli-cursor-2.1.0.tgz. Extracting by manifest.
4912 silly tarball no local data for strip-ansi@https://registry.npmjs.org/strip-ansi/-/strip-ansi-5.2.0.tgz. Extracting by manifest.
4913 silly tarball no local data for validate-npm-package-name@https://registry.npmjs.org/validate-npm-package-name/-/validate-npm-package-name-5.0.1.tgz. Extracting by manifest.
4914 silly tarball no local data for postcss-value-parser@https://registry.npmjs.org/postcss-value-parser/-/postcss-value-parser-4.2.0.tgz. Extracting by manifest.
4915 silly tarball no local data for css-color-keywords@https://registry.npmjs.org/css-color-keywords/-/css-color-keywords-1.0.0.tgz. Extracting by manifest.
4916 silly tarball no local data for hosted-git-info@https://registry.npmjs.org/hosted-git-info/-/hosted-git-info-7.0.2.tgz. Extracting by manifest.
4917 silly tarball no local data for proc-log@https://registry.npmjs.org/proc-log/-/proc-log-4.2.0.tgz. Extracting by manifest.
4918 silly tarball no local data for camelize@https://registry.npmjs.org/camelize/-/camelize-1.0.1.tgz. Extracting by manifest.
4919 silly tarball no local data for postcss-css-variables@https://registry.npmjs.org/postcss-css-variables/-/postcss-css-variables-0.18.0.tgz. Extracting by manifest.
4920 silly tarball no local data for postcss-calc@https://registry.npmjs.org/postcss-calc/-/postcss-calc-8.2.4.tgz. Extracting by manifest.
4921 silly tarball no local data for css-to-react-native@https://registry.npmjs.org/css-to-react-native/-/css-to-react-native-3.2.0.tgz. Extracting by manifest.
4922 silly tarball no local data for postcss-nested@https://registry.npmjs.org/postcss-nested/-/postcss-nested-5.0.6.tgz. Extracting by manifest.
4923 silly tarball no local data for postcss-color-functional-notation@https://registry.npmjs.org/postcss-color-functional-notation/-/postcss-color-functional-notation-4.2.4.tgz. Extracting by manifest.
4924 silly tarball no local data for brace-expansion@https://registry.npmjs.org/brace-expansion/-/brace-expansion-5.0.5.tgz. Extracting by manifest.
4925 silly tarball no local data for balanced-match@https://registry.npmjs.org/balanced-match/-/balanced-match-4.0.4.tgz. Extracting by manifest.
4926 silly tarball no local data for to-regex-range@https://registry.npmjs.org/to-regex-range/-/to-regex-range-5.0.1.tgz. Extracting by manifest.
4927 silly tarball no local data for ee-first@https://registry.npmjs.org/ee-first/-/ee-first-1.1.1.tgz. Extracting by manifest.
4928 silly tarball no local data for vlq@https://registry.npmjs.org/vlq/-/vlq-1.0.1.tgz. Extracting by manifest.
4929 silly tarball no local data for braces@https://registry.npmjs.org/braces/-/braces-3.0.3.tgz. Extracting by manifest.
4930 silly tarball no local data for fill-range@https://registry.npmjs.org/fill-range/-/fill-range-7.1.1.tgz. Extracting by manifest.
4931 silly tarball no local data for css-mediaquery@https://registry.npmjs.org/css-mediaquery/-/css-mediaquery-0.1.2.tgz. Extracting by manifest.
4932 silly tarball no local data for node-int64@https://registry.npmjs.org/node-int64/-/node-int64-0.4.0.tgz. Extracting by manifest.
4933 silly tarball no local data for ob1@https://registry.npmjs.org/ob1/-/ob1-0.83.6.tgz. Extracting by manifest.
4934 silly tarball no local data for walker@https://registry.npmjs.org/walker/-/walker-1.0.8.tgz. Extracting by manifest.
4935 silly tarball no local data for micromatch@https://registry.npmjs.org/micromatch/-/micromatch-4.0.8.tgz. Extracting by manifest.
4936 silly tarball no local data for leven@https://registry.npmjs.org/leven/-/leven-3.1.0.tgz. Extracting by manifest.
4937 silly tarball no local data for terser@https://registry.npmjs.org/terser/-/terser-5.46.2.tgz. Extracting by manifest.
4938 silly tarball no local data for fb-watchman@https://registry.npmjs.org/fb-watchman/-/fb-watchman-2.0.2.tgz. Extracting by manifest.
4939 silly tarball no local data for camelcase@https://registry.npmjs.org/camelcase/-/camelcase-6.3.0.tgz. Extracting by manifest.
4940 silly tarball no local data for jest-get-type@https://registry.npmjs.org/jest-get-type/-/jest-get-type-29.6.3.tgz. Extracting by manifest.
4941 silly tarball no local data for jest-validate@https://registry.npmjs.org/jest-validate/-/jest-validate-29.7.0.tgz. Extracting by manifest.
4942 silly tarball no local data for agent-base@https://registry.npmjs.org/agent-base/-/agent-base-7.1.4.tgz. Extracting by manifest.
4943 silly tarball no local data for bser@https://registry.npmjs.org/bser/-/bser-2.1.1.tgz. Extracting by manifest.
4944 silly tarball no local data for https-proxy-agent@https://registry.npmjs.org/https-proxy-agent/-/https-proxy-agent-7.0.6.tgz. Extracting by manifest.
4945 silly tarball no local data for exponential-backoff@https://registry.npmjs.org/exponential-backoff/-/exponential-backoff-3.1.3.tgz. Extracting by manifest.
4946 silly tarball no local data for @sinclair/typebox@https://registry.npmjs.org/@sinclair/typebox/-/typebox-0.27.10.tgz. Extracting by manifest.
4947 silly tarball no local data for @types/istanbul-lib-report@https://registry.npmjs.org/@types/istanbul-lib-report/-/istanbul-lib-report-3.0.3.tgz. Extracting by manifest.
4948 silly tarball no local data for @types/yargs-parser@https://registry.npmjs.org/@types/yargs-parser/-/yargs-parser-21.0.3.tgz. Extracting by manifest.
4949 silly tarball no local data for @types/istanbul-reports@https://registry.npmjs.org/@types/istanbul-reports/-/istanbul-reports-3.0.4.tgz. Extracting by manifest.
4950 silly tarball no local data for @types/yargs@https://registry.npmjs.org/@types/yargs/-/yargs-17.0.35.tgz. Extracting by manifest.
4951 silly tarball no local data for @jest/schemas@https://registry.npmjs.org/@jest/schemas/-/schemas-29.6.3.tgz. Extracting by manifest.
4952 silly tarball no local data for @types/istanbul-lib-coverage@https://registry.npmjs.org/@types/istanbul-lib-coverage/-/istanbul-lib-coverage-2.0.6.tgz. Extracting by manifest.
4953 silly tarball no local data for @jest/types@https://registry.npmjs.org/@jest/types/-/types-29.6.3.tgz. Extracting by manifest.
4954 silly tarball no local data for merge-stream@https://registry.npmjs.org/merge-stream/-/merge-stream-2.0.0.tgz. Extracting by manifest.
4955 silly tarball no local data for stackframe@https://registry.npmjs.org/stackframe/-/stackframe-1.3.4.tgz. Extracting by manifest.
4956 silly tarball no local data for jest-util@https://registry.npmjs.org/jest-util/-/jest-util-29.7.0.tgz. Extracting by manifest.
4957 silly tarball no local data for queue@https://registry.npmjs.org/queue/-/queue-6.0.2.tgz. Extracting by manifest.
4958 silly tarball no local data for throat@https://registry.npmjs.org/throat/-/throat-5.0.0.tgz. Extracting by manifest.
4959 silly tarball no local data for source-map@https://registry.npmjs.org/source-map/-/source-map-0.5.7.tgz. Extracting by manifest.
4960 silly tarball no local data for jest-worker@https://registry.npmjs.org/jest-worker/-/jest-worker-29.7.0.tgz. Extracting by manifest.
4961 silly tarball no local data for lodash.throttle@https://registry.npmjs.org/lodash.throttle/-/lodash.throttle-4.1.1.tgz. Extracting by manifest.
4962 silly tarball no local data for error-stack-parser@https://registry.npmjs.org/error-stack-parser/-/error-stack-parser-2.1.4.tgz. Extracting by manifest.
4963 silly tarball no local data for image-size@https://registry.npmjs.org/image-size/-/image-size-1.2.1.tgz. Extracting by manifest.
4964 silly tarball no local data for is-plain-obj@https://registry.npmjs.org/is-plain-obj/-/is-plain-obj-2.1.0.tgz. Extracting by manifest.
4965 silly tarball no local data for flow-enums-runtime@https://registry.npmjs.org/flow-enums-runtime/-/flow-enums-runtime-0.0.6.tgz. Extracting by manifest.
4966 silly tarball no local data for serialize-error@https://registry.npmjs.org/serialize-error/-/serialize-error-2.1.0.tgz. Extracting by manifest.
4967 silly tarball no local data for detect-libc@https://registry.npmjs.org/detect-libc/-/detect-libc-2.1.2.tgz. Extracting by manifest.
4968 silly tarball no local data for lightningcss-darwin-arm64@https://registry.npmjs.org/lightningcss-darwin-arm64/-/lightningcss-darwin-arm64-1.32.0.tgz. Extracting by manifest.
4969 silly tarball no local data for json-buffer@https://registry.npmjs.org/json-buffer/-/json-buffer-3.0.1.tgz. Extracting by manifest.
4970 silly tarball no local data for is-docker@https://registry.npmjs.org/is-docker/-/is-docker-2.2.1.tgz. Extracting by manifest.
4971 silly tarball no local data for graceful-fs@https://registry.npmjs.org/graceful-fs/-/graceful-fs-4.2.11.tgz. Extracting by manifest.
4972 silly tarball no local data for marky@https://registry.npmjs.org/marky/-/marky-1.3.0.tgz. Extracting by manifest.
4973 silly tarball no local data for yallist@https://registry.npmjs.org/yallist/-/yallist-3.1.1.tgz. Extracting by manifest.
4974 silly tarball no local data for resolve-alpn@https://registry.npmjs.org/resolve-alpn/-/resolve-alpn-1.2.1.tgz. Extracting by manifest.
4975 silly tarball no local data for argparse@https://registry.npmjs.org/argparse/-/argparse-2.0.1.tgz. Extracting by manifest.
4976 silly tarball no local data for quick-lru@https://registry.npmjs.org/quick-lru/-/quick-lru-5.1.1.tgz. Extracting by manifest.
4977 silly tarball no local data for pump@https://registry.npmjs.org/pump/-/pump-3.0.4.tgz. Extracting by manifest.
4978 silly tarball no local data for loose-envify@https://registry.npmjs.org/loose-envify/-/loose-envify-1.4.0.tgz. Extracting by manifest.
4979 silly tarball no local data for mimic-response@https://registry.npmjs.org/mimic-response/-/mimic-response-1.0.1.tgz. Extracting by manifest.
4980 silly tarball no local data for hermes-estree@https://registry.npmjs.org/hermes-estree/-/hermes-estree-0.32.1.tgz. Extracting by manifest.
4981 silly tarball no local data for keyv@https://registry.npmjs.org/keyv/-/keyv-4.5.4.tgz. Extracting by manifest.
4982 silly tarball no local data for get-stream@https://registry.npmjs.org/get-stream/-/get-stream-5.2.0.tgz. Extracting by manifest.
4983 silly tarball no local data for http-cache-semantics@https://registry.npmjs.org/http-cache-semantics/-/http-cache-semantics-4.2.0.tgz. Extracting by manifest.
4984 silly tarball no local data for @types/keyv@https://registry.npmjs.org/@types/keyv/-/keyv-3.1.4.tgz. Extracting by manifest.
4985 silly tarball no local data for clone-response@https://registry.npmjs.org/clone-response/-/clone-response-1.0.3.tgz. Extracting by manifest.
4986 silly tarball no local data for normalize-url@https://registry.npmjs.org/normalize-url/-/normalize-url-6.1.0.tgz. Extracting by manifest.
4987 silly tarball no local data for defer-to-connect@https://registry.npmjs.org/defer-to-connect/-/defer-to-connect-2.0.1.tgz. Extracting by manifest.
4988 silly tarball no local data for responselike@https://registry.npmjs.org/responselike/-/responselike-2.0.1.tgz. Extracting by manifest.
4989 silly tarball no local data for p-cancelable@https://registry.npmjs.org/p-cancelable/-/p-cancelable-2.1.1.tgz. Extracting by manifest.
4990 silly tarball no local data for lowercase-keys@https://registry.npmjs.org/lowercase-keys/-/lowercase-keys-2.0.0.tgz. Extracting by manifest.
4991 silly tarball no local data for http2-wrapper@https://registry.npmjs.org/http2-wrapper/-/http2-wrapper-1.0.3.tgz. Extracting by manifest.
4992 silly tarball no local data for cacheable-lookup@https://registry.npmjs.org/cacheable-lookup/-/cacheable-lookup-5.0.4.tgz. Extracting by manifest.
4993 silly tarball no local data for decompress-response@https://registry.npmjs.org/decompress-response/-/decompress-response-6.0.0.tgz. Extracting by manifest.
4994 silly tarball no local data for @types/responselike@https://registry.npmjs.org/@types/responselike/-/responselike-1.0.3.tgz. Extracting by manifest.
4995 silly tarball no local data for @szmarczak/http-timer@https://registry.npmjs.org/@szmarczak/http-timer/-/http-timer-4.0.6.tgz. Extracting by manifest.
4996 silly tarball no local data for @types/cacheable-request@https://registry.npmjs.org/@types/cacheable-request/-/cacheable-request-6.0.3.tgz. Extracting by manifest.
4997 silly tarball no local data for cacheable-request@https://registry.npmjs.org/cacheable-request/-/cacheable-request-7.0.4.tgz. Extracting by manifest.
4998 silly tarball no local data for @types/http-cache-semantics@https://registry.npmjs.org/@types/http-cache-semantics/-/http-cache-semantics-4.2.0.tgz. Extracting by manifest.
4999 silly tarball no local data for on-finished@https://registry.npmjs.org/on-finished/-/on-finished-2.3.0.tgz. Extracting by manifest.
5000 silly tarball no local data for statuses@https://registry.npmjs.org/statuses/-/statuses-1.5.0.tgz. Extracting by manifest.
5001 silly tarball no local data for unpipe@https://registry.npmjs.org/unpipe/-/unpipe-1.0.0.tgz. Extracting by manifest.
5002 silly tarball no local data for @sindresorhus/is@https://registry.npmjs.org/@sindresorhus/is/-/is-4.6.0.tgz. Extracting by manifest.
5003 silly tarball no local data for path-scurry@https://registry.npmjs.org/path-scurry/-/path-scurry-2.0.2.tgz. Extracting by manifest.
5004 silly tarball no local data for minipass@https://registry.npmjs.org/minipass/-/minipass-7.1.3.tgz. Extracting by manifest.
5005 silly tarball no local data for escape-html@https://registry.npmjs.org/escape-html/-/escape-html-1.0.3.tgz. Extracting by manifest.
5006 silly tarball no local data for fontfaceobserver@https://registry.npmjs.org/fontfaceobserver/-/fontfaceobserver-2.3.0.tgz. Extracting by manifest.
5007 silly tarball no local data for encodeurl@https://registry.npmjs.org/encodeurl/-/encodeurl-1.0.2.tgz. Extracting by manifest.
5008 silly tarball no local data for react-native-is-edge-to-edge@https://registry.npmjs.org/react-native-is-edge-to-edge/-/react-native-is-edge-to-edge-1.3.1.tgz. Extracting by manifest.
5009 silly tarball no local data for shebang-command@https://registry.npmjs.org/shebang-command/-/shebang-command-2.0.0.tgz. Extracting by manifest.
5010 silly tarball no local data for expo-image-loader@https://registry.npmjs.org/expo-image-loader/-/expo-image-loader-55.0.0.tgz. Extracting by manifest.
5011 silly tarball no local data for path-key@https://registry.npmjs.org/path-key/-/path-key-3.1.1.tgz. Extracting by manifest.
5012 silly tarball no local data for commander@https://registry.npmjs.org/commander/-/commander-7.2.0.tgz. Extracting by manifest.
5013 silly tarball no local data for utils-merge@https://registry.npmjs.org/utils-merge/-/utils-merge-1.0.1.tgz. Extracting by manifest.
5014 silly tarball no local data for which@https://registry.npmjs.org/which/-/which-2.0.2.tgz. Extracting by manifest.
5015 silly tarball no local data for finalhandler@https://registry.npmjs.org/finalhandler/-/finalhandler-1.1.2.tgz. Extracting by manifest.
5016 silly tarball no local data for mime-db@https://registry.npmjs.org/mime-db/-/mime-db-1.54.0.tgz. Extracting by manifest.
5017 silly tarball no local data for vary@https://registry.npmjs.org/vary/-/vary-1.1.2.tgz. Extracting by manifest.
5018 silly tarball no local data for safe-buffer@https://registry.npmjs.org/safe-buffer/-/safe-buffer-5.2.1.tgz. Extracting by manifest.
5019 silly tarball no local data for on-headers@https://registry.npmjs.org/on-headers/-/on-headers-1.1.0.tgz. Extracting by manifest.
5020 silly tarball no local data for parseurl@https://registry.npmjs.org/parseurl/-/parseurl-1.3.3.tgz. Extracting by manifest.
5021 silly tarball no local data for rimraf@https://registry.npmjs.org/rimraf/-/rimraf-3.0.2.tgz. Extracting by manifest.
5022 silly tarball no local data for compressible@https://registry.npmjs.org/compressible/-/compressible-2.0.18.tgz. Extracting by manifest.
5023 silly tarball no local data for mkdirp@https://registry.npmjs.org/mkdirp/-/mkdirp-1.0.4.tgz. Extracting by manifest.
5024 silly tarball no local data for bytes@https://registry.npmjs.org/bytes/-/bytes-3.1.2.tgz. Extracting by manifest.
5025 silly tarball no local data for undici-types@https://registry.npmjs.org/undici-types/-/undici-types-7.19.2.tgz. Extracting by manifest.
5026 silly tarball no local data for is-wsl@https://registry.npmjs.org/is-wsl/-/is-wsl-2.2.0.tgz. Extracting by manifest.
5027 silly tarball no local data for supports-color@https://registry.npmjs.org/supports-color/-/supports-color-7.2.0.tgz. Extracting by manifest.
5028 silly tarball no local data for big-integer@https://registry.npmjs.org/big-integer/-/big-integer-1.6.52.tgz. Extracting by manifest.
5029 silly tarball no local data for ansi-styles@https://registry.npmjs.org/ansi-styles/-/ansi-styles-4.3.0.tgz. Extracting by manifest.
5030 silly tarball no local data for lighthouse-logger@https://registry.npmjs.org/lighthouse-logger/-/lighthouse-logger-1.4.2.tgz. Extracting by manifest.
5031 silly tarball no local data for @types/node@https://registry.npmjs.org/@types/node/-/node-25.6.0.tgz. Extracting by manifest.
5032 silly tarball no local data for lodash.debounce@https://registry.npmjs.org/lodash.debounce/-/lodash.debounce-4.0.8.tgz. Extracting by manifest.
5033 silly tarball no local data for stream-buffers@https://registry.npmjs.org/stream-buffers/-/stream-buffers-2.2.0.tgz. Extracting by manifest.
5034 silly tarball no local data for resolve@https://registry.npmjs.org/resolve/-/resolve-1.22.12.tgz. Extracting by manifest.
5035 silly tarball no local data for @babel/helper-define-polyfill-provider@https://registry.npmjs.org/@babel/helper-define-polyfill-provider/-/helper-define-polyfill-provider-0.6.8.tgz. Extracting by manifest.
5036 silly tarball no local data for @react-native/codegen@https://registry.npmjs.org/@react-native/codegen/-/codegen-0.83.6.tgz. Extracting by manifest.
5037 silly tarball no local data for core-js-compat@https://registry.npmjs.org/core-js-compat/-/core-js-compat-3.49.0.tgz. Extracting by manifest.
5038 silly tarball no local data for yargs@https://registry.npmjs.org/yargs/-/yargs-17.7.2.tgz. Extracting by manifest.
5039 silly tarball no local data for regexpu-core@https://registry.npmjs.org/regexpu-core/-/regexpu-core-6.4.0.tgz. Extracting by manifest.
5040 silly tarball no local data for @babel/helper-create-regexp-features-plugin@https://registry.npmjs.org/@babel/helper-create-regexp-features-plugin/-/helper-create-regexp-features-plugin-7.28.5.tgz. Extracting by manifest.
5041 silly tarball no local data for @babel/helper-remap-async-to-generator@https://registry.npmjs.org/@babel/helper-remap-async-to-generator/-/helper-remap-async-to-generator-7.27.1.tgz. Extracting by manifest.
5042 silly tarball no local data for @react-native/babel-plugin-codegen@https://registry.npmjs.org/@react-native/babel-plugin-codegen/-/babel-plugin-codegen-0.83.6.tgz. Extracting by manifest.
5043 silly tarball no local data for @babel/helper-wrap-function@https://registry.npmjs.org/@babel/helper-wrap-function/-/helper-wrap-function-7.28.6.tgz. Extracting by manifest.
5044 silly tarball no local data for @babel/plugin-transform-sticky-regex@https://registry.npmjs.org/@babel/plugin-transform-sticky-regex/-/plugin-transform-sticky-regex-7.27.1.tgz. Extracting by manifest.
5045 silly tarball no local data for @babel/plugin-transform-spread@https://registry.npmjs.org/@babel/plugin-transform-spread/-/plugin-transform-spread-7.28.6.tgz. Extracting by manifest.
5046 silly tarball no local data for @babel/plugin-transform-shorthand-properties@https://registry.npmjs.org/@babel/plugin-transform-shorthand-properties/-/plugin-transform-shorthand-properties-7.27.1.tgz. Extracting by manifest.
5047 silly tarball no local data for @babel/plugin-transform-react-jsx-self@https://registry.npmjs.org/@babel/plugin-transform-react-jsx-self/-/plugin-transform-react-jsx-self-7.27.1.tgz. Extracting by manifest.
5048 silly tarball no local data for @babel/plugin-transform-regenerator@https://registry.npmjs.org/@babel/plugin-transform-regenerator/-/plugin-transform-regenerator-7.29.0.tgz. Extracting by manifest.
5049 silly tarball no local data for @babel/plugin-transform-react-jsx-source@https://registry.npmjs.org/@babel/plugin-transform-react-jsx-source/-/plugin-transform-react-jsx-source-7.27.1.tgz. Extracting by manifest.
5050 silly tarball no local data for @babel/plugin-transform-optional-chaining@https://registry.npmjs.org/@babel/plugin-transform-optional-chaining/-/plugin-transform-optional-chaining-7.28.6.tgz. Extracting by manifest.
5051 silly tarball no local data for @babel/plugin-transform-optional-catch-binding@https://registry.npmjs.org/@babel/plugin-transform-optional-catch-binding/-/plugin-transform-optional-catch-binding-7.28.6.tgz. Extracting by manifest.
5052 silly tarball no local data for @babel/plugin-transform-unicode-regex@https://registry.npmjs.org/@babel/plugin-transform-unicode-regex/-/plugin-transform-unicode-regex-7.27.1.tgz. Extracting by manifest.
5053 silly tarball no local data for @babel/plugin-transform-nullish-coalescing-operator@https://registry.npmjs.org/@babel/plugin-transform-nullish-coalescing-operator/-/plugin-transform-nullish-coalescing-operator-7.28.6.tgz. Extracting by manifest.
5054 silly tarball no local data for @babel/plugin-transform-named-capturing-groups-regex@https://registry.npmjs.org/@babel/plugin-transform-named-capturing-groups-regex/-/plugin-transform-named-capturing-groups-regex-7.29.0.tgz. Extracting by manifest.
5055 silly tarball no local data for @babel/plugin-transform-function-name@https://registry.npmjs.org/@babel/plugin-transform-function-name/-/plugin-transform-function-name-7.27.1.tgz. Extracting by manifest.
5056 silly tarball no local data for @babel/plugin-transform-logical-assignment-operators@https://registry.npmjs.org/@babel/plugin-transform-logical-assignment-operators/-/plugin-transform-logical-assignment-operators-7.28.6.tgz. Extracting by manifest.
5057 silly tarball no local data for @babel/plugin-transform-literals@https://registry.npmjs.org/@babel/plugin-transform-literals/-/plugin-transform-literals-7.27.1.tgz. Extracting by manifest.
5058 silly tarball no local data for @babel/plugin-transform-for-of@https://registry.npmjs.org/@babel/plugin-transform-for-of/-/plugin-transform-for-of-7.27.1.tgz. Extracting by manifest.
5059 silly tarball no local data for @babel/plugin-transform-classes@https://registry.npmjs.org/@babel/plugin-transform-classes/-/plugin-transform-classes-7.28.6.tgz. Extracting by manifest.
5060 silly tarball no local data for @babel/plugin-transform-numeric-separator@https://registry.npmjs.org/@babel/plugin-transform-numeric-separator/-/plugin-transform-numeric-separator-7.28.6.tgz. Extracting by manifest.
5061 silly tarball no local data for @babel/plugin-transform-block-scoping@https://registry.npmjs.org/@babel/plugin-transform-block-scoping/-/plugin-transform-block-scoping-7.28.6.tgz. Extracting by manifest.
5062 silly tarball no local data for @babel/plugin-transform-class-properties@https://registry.npmjs.org/@babel/plugin-transform-class-properties/-/plugin-transform-class-properties-7.28.6.tgz. Extracting by manifest.
5063 silly tarball no local data for @babel/plugin-transform-async-generator-functions@https://registry.npmjs.org/@babel/plugin-transform-async-generator-functions/-/plugin-transform-async-generator-functions-7.29.0.tgz. Extracting by manifest.
5064 silly tarball no local data for @babel/plugin-transform-arrow-functions@https://registry.npmjs.org/@babel/plugin-transform-arrow-functions/-/plugin-transform-arrow-functions-7.27.1.tgz. Extracting by manifest.
5065 silly tarball no local data for @babel/plugin-transform-computed-properties@https://registry.npmjs.org/@babel/plugin-transform-computed-properties/-/plugin-transform-computed-properties-7.28.6.tgz. Extracting by manifest.
5066 silly tarball no local data for @babel/plugin-syntax-optional-chaining@https://registry.npmjs.org/@babel/plugin-syntax-optional-chaining/-/plugin-syntax-optional-chaining-7.8.3.tgz. Extracting by manifest.
5067 silly tarball no local data for @babel/plugin-transform-async-to-generator@https://registry.npmjs.org/@babel/plugin-transform-async-to-generator/-/plugin-transform-async-to-generator-7.28.6.tgz. Extracting by manifest.
5068 silly tarball no local data for @babel/plugin-syntax-nullish-coalescing-operator@https://registry.npmjs.org/@babel/plugin-syntax-nullish-coalescing-operator/-/plugin-syntax-nullish-coalescing-operator-7.8.3.tgz. Extracting by manifest.
5069 silly tarball no local data for @babel/plugin-syntax-typescript@https://registry.npmjs.org/@babel/plugin-syntax-typescript/-/plugin-syntax-typescript-7.28.6.tgz. Extracting by manifest.
5070 silly tarball no local data for @babel/plugin-syntax-dynamic-import@https://registry.npmjs.org/@babel/plugin-syntax-dynamic-import/-/plugin-syntax-dynamic-import-7.8.3.tgz. Extracting by manifest.
5071 silly tarball no local data for @babel/plugin-transform-typescript@https://registry.npmjs.org/@babel/plugin-transform-typescript/-/plugin-transform-typescript-7.28.6.tgz. Extracting by manifest.
5072 silly tarball no local data for @babel/plugin-syntax-jsx@https://registry.npmjs.org/@babel/plugin-syntax-jsx/-/plugin-syntax-jsx-7.28.6.tgz. Extracting by manifest.
5073 silly tarball no local data for @babel/plugin-transform-react-pure-annotations@https://registry.npmjs.org/@babel/plugin-transform-react-pure-annotations/-/plugin-transform-react-pure-annotations-7.27.1.tgz. Extracting by manifest.
5074 silly tarball no local data for @babel/plugin-transform-react-display-name@https://registry.npmjs.org/@babel/plugin-transform-react-display-name/-/plugin-transform-react-display-name-7.28.0.tgz. Extracting by manifest.
5075 silly tarball no local data for babel-plugin-polyfill-regenerator@https://registry.npmjs.org/babel-plugin-polyfill-regenerator/-/babel-plugin-polyfill-regenerator-0.6.8.tgz. Extracting by manifest.
5076 silly tarball no local data for @babel/plugin-transform-react-jsx@https://registry.npmjs.org/@babel/plugin-transform-react-jsx/-/plugin-transform-react-jsx-7.28.6.tgz. Extracting by manifest.
5077 silly tarball no local data for babel-plugin-polyfill-corejs2@https://registry.npmjs.org/babel-plugin-polyfill-corejs2/-/babel-plugin-polyfill-corejs2-0.4.17.tgz. Extracting by manifest.
5078 silly tarball no local data for @babel/plugin-transform-react-jsx-development@https://registry.npmjs.org/@babel/plugin-transform-react-jsx-development/-/plugin-transform-react-jsx-development-7.27.1.tgz. Extracting by manifest.
5079 silly tarball no local data for @babel/plugin-transform-destructuring@https://registry.npmjs.org/@babel/plugin-transform-destructuring/-/plugin-transform-destructuring-7.28.5.tgz. Extracting by manifest.
5080 silly tarball no local data for @babel/helper-skip-transparent-expression-wrappers@https://registry.npmjs.org/@babel/helper-skip-transparent-expression-wrappers/-/helper-skip-transparent-expression-wrappers-7.27.1.tgz. Extracting by manifest.
5081 silly tarball no local data for @babel/helper-optimise-call-expression@https://registry.npmjs.org/@babel/helper-optimise-call-expression/-/helper-optimise-call-expression-7.27.1.tgz. Extracting by manifest.
5082 silly tarball no local data for babel-plugin-polyfill-corejs3@https://registry.npmjs.org/babel-plugin-polyfill-corejs3/-/babel-plugin-polyfill-corejs3-0.13.0.tgz. Extracting by manifest.
5083 silly tarball no local data for @babel/plugin-syntax-flow@https://registry.npmjs.org/@babel/plugin-syntax-flow/-/plugin-syntax-flow-7.28.6.tgz. Extracting by manifest.
5084 silly tarball no local data for @babel/helper-annotate-as-pure@https://registry.npmjs.org/@babel/helper-annotate-as-pure/-/helper-annotate-as-pure-7.27.3.tgz. Extracting by manifest.
5085 silly tarball no local data for @babel/helper-replace-supers@https://registry.npmjs.org/@babel/helper-replace-supers/-/helper-replace-supers-7.28.6.tgz. Extracting by manifest.
5086 silly tarball no local data for @babel/helper-create-class-features-plugin@https://registry.npmjs.org/@babel/helper-create-class-features-plugin/-/helper-create-class-features-plugin-7.28.6.tgz. Extracting by manifest.
5087 silly tarball no local data for babel-plugin-transform-flow-enums@https://registry.npmjs.org/babel-plugin-transform-flow-enums/-/babel-plugin-transform-flow-enums-0.0.2.tgz. Extracting by manifest.
5088 silly tarball no local data for @babel/plugin-syntax-decorators@https://registry.npmjs.org/@babel/plugin-syntax-decorators/-/plugin-syntax-decorators-7.28.6.tgz. Extracting by manifest.
5089 silly tarball no local data for babel-plugin-react-native-web@https://registry.npmjs.org/babel-plugin-react-native-web/-/babel-plugin-react-native-web-0.21.2.tgz. Extracting by manifest.
5090 silly tarball no local data for babel-plugin-react-compiler@https://registry.npmjs.org/babel-plugin-react-compiler/-/babel-plugin-react-compiler-1.0.0.tgz. Extracting by manifest.
5091 silly tarball no local data for @react-native/babel-preset@https://registry.npmjs.org/@react-native/babel-preset/-/babel-preset-0.83.6.tgz. Extracting by manifest.
5092 silly tarball no local data for babel-plugin-syntax-hermes-parser@https://registry.npmjs.org/babel-plugin-syntax-hermes-parser/-/babel-plugin-syntax-hermes-parser-0.32.1.tgz. Extracting by manifest.
5093 silly tarball no local data for @babel/preset-react@https://registry.npmjs.org/@babel/preset-react/-/preset-react-7.28.5.tgz. Extracting by manifest.
5094 silly tarball no local data for @babel/plugin-transform-private-property-in-object@https://registry.npmjs.org/@babel/plugin-transform-private-property-in-object/-/plugin-transform-private-property-in-object-7.28.6.tgz. Extracting by manifest.
5095 silly tarball no local data for @babel/preset-typescript@https://registry.npmjs.org/@babel/preset-typescript/-/preset-typescript-7.28.5.tgz. Extracting by manifest.
5096 silly tarball no local data for @babel/plugin-transform-private-methods@https://registry.npmjs.org/@babel/plugin-transform-private-methods/-/plugin-transform-private-methods-7.28.6.tgz. Extracting by manifest.
5097 silly tarball no local data for @babel/plugin-transform-runtime@https://registry.npmjs.org/@babel/plugin-transform-runtime/-/plugin-transform-runtime-7.29.0.tgz. Extracting by manifest.
5098 silly tarball no local data for @babel/plugin-transform-parameters@https://registry.npmjs.org/@babel/plugin-transform-parameters/-/plugin-transform-parameters-7.27.7.tgz. Extracting by manifest.
5099 silly tarball no local data for @babel/plugin-transform-object-rest-spread@https://registry.npmjs.org/@babel/plugin-transform-object-rest-spread/-/plugin-transform-object-rest-spread-7.28.6.tgz. Extracting by manifest.
5100 silly tarball no local data for @babel/plugin-transform-flow-strip-types@https://registry.npmjs.org/@babel/plugin-transform-flow-strip-types/-/plugin-transform-flow-strip-types-7.27.1.tgz. Extracting by manifest.
5101 silly tarball no local data for @babel/plugin-transform-export-namespace-from@https://registry.npmjs.org/@babel/plugin-transform-export-namespace-from/-/plugin-transform-export-namespace-from-7.27.1.tgz. Extracting by manifest.
5102 silly tarball no local data for @babel/plugin-transform-class-static-block@https://registry.npmjs.org/@babel/plugin-transform-class-static-block/-/plugin-transform-class-static-block-7.28.6.tgz. Extracting by manifest.
5103 silly tarball no local data for @babel/plugin-syntax-export-default-from@https://registry.npmjs.org/@babel/plugin-syntax-export-default-from/-/plugin-syntax-export-default-from-7.28.6.tgz. Extracting by manifest.
5104 silly tarball no local data for @babel/plugin-proposal-decorators@https://registry.npmjs.org/@babel/plugin-proposal-decorators/-/plugin-proposal-decorators-7.29.0.tgz. Extracting by manifest.
5105 silly tarball no local data for @babel/plugin-proposal-export-default-from@https://registry.npmjs.org/@babel/plugin-proposal-export-default-from/-/plugin-proposal-export-default-from-7.27.1.tgz. Extracting by manifest.
5106 silly tarball no local data for mime-types@https://registry.npmjs.org/mime-types/-/mime-types-2.1.35.tgz. Extracting by manifest.
5107 silly tarball no local data for @babel/helper-member-expression-to-functions@https://registry.npmjs.org/@babel/helper-member-expression-to-functions/-/helper-member-expression-to-functions-7.28.5.tgz. Extracting by manifest.
5108 silly tarball no local data for negotiator@https://registry.npmjs.org/negotiator/-/negotiator-0.6.3.tgz. Extracting by manifest.
5109 silly tarball no local data for serve-static@https://registry.npmjs.org/serve-static/-/serve-static-1.16.3.tgz. Extracting by manifest.
5110 silly tarball no local data for fb-dotslash@https://registry.npmjs.org/fb-dotslash/-/fb-dotslash-0.5.8.tgz. Extracting by manifest.
5111 silly tarball no local data for chromium-edge-launcher@https://registry.npmjs.org/chromium-edge-launcher/-/chromium-edge-launcher-0.2.0.tgz. Extracting by manifest.
5112 silly tarball no local data for nullthrows@https://registry.npmjs.org/nullthrows/-/nullthrows-1.1.1.tgz. Extracting by manifest.
5113 silly tarball no local data for open@https://registry.npmjs.org/open/-/open-7.4.2.tgz. Extracting by manifest.
5114 silly tarball no local data for chrome-launcher@https://registry.npmjs.org/chrome-launcher/-/chrome-launcher-0.15.2.tgz. Extracting by manifest.
5115 silly tarball no local data for @isaacs/ttlcache@https://registry.npmjs.org/@isaacs/ttlcache/-/ttlcache-1.4.1.tgz. Extracting by manifest.
5116 silly tarball no local data for @react-native/debugger-shell@https://registry.npmjs.org/@react-native/debugger-shell/-/debugger-shell-0.83.6.tgz. Extracting by manifest.
5117 silly tarball no local data for @react-native/debugger-frontend@https://registry.npmjs.org/@react-native/debugger-frontend/-/debugger-frontend-0.83.6.tgz. Extracting by manifest.
5118 silly tarball no local data for js-yaml@https://registry.npmjs.org/js-yaml/-/js-yaml-4.1.1.tgz. Extracting by manifest.
5119 silly tarball no local data for @babel/plugin-transform-modules-commonjs@https://registry.npmjs.org/@babel/plugin-transform-modules-commonjs/-/plugin-transform-modules-commonjs-7.28.6.tgz. Extracting by manifest.
5120 silly tarball no local data for @babel/helper-plugin-utils@https://registry.npmjs.org/@babel/helper-plugin-utils/-/helper-plugin-utils-7.28.6.tgz. Extracting by manifest.
5121 silly tarball no local data for @react-native/normalize-colors@https://registry.npmjs.org/@react-native/normalize-colors/-/normalize-colors-0.83.6.tgz. Extracting by manifest.
5122 silly tarball no local data for xmlbuilder@https://registry.npmjs.org/xmlbuilder/-/xmlbuilder-15.1.1.tgz. Extracting by manifest.
5123 silly tarball no local data for cross-spawn@https://registry.npmjs.org/cross-spawn/-/cross-spawn-7.0.6.tgz. Extracting by manifest.
5124 silly tarball no local data for base64-js@https://registry.npmjs.org/base64-js/-/base64-js-1.5.1.tgz. Extracting by manifest.
5125 silly tarball no local data for postcss@https://registry.npmjs.org/postcss/-/postcss-8.4.49.tgz. Extracting by manifest.
5126 silly tarball no local data for @xmldom/xmldom@https://registry.npmjs.org/@xmldom/xmldom/-/xmldom-0.8.13.tgz. Extracting by manifest.
5127 silly tarball no local data for jsc-safe-url@https://registry.npmjs.org/jsc-safe-url/-/jsc-safe-url-0.2.4.tgz. Extracting by manifest.
5128 silly tarball no local data for hermes-parser@https://registry.npmjs.org/hermes-parser/-/hermes-parser-0.32.1.tgz. Extracting by manifest.
5129 silly tarball no local data for lightningcss@https://registry.npmjs.org/lightningcss/-/lightningcss-1.32.0.tgz. Extracting by manifest.
5130 silly tarball no local data for metro-transform-worker@https://registry.npmjs.org/metro-transform-worker/-/metro-transform-worker-0.83.6.tgz. Extracting by manifest.
5131 silly tarball no local data for metro-transform-plugins@https://registry.npmjs.org/metro-transform-plugins/-/metro-transform-plugins-0.83.6.tgz. Extracting by manifest.
5132 silly tarball no local data for metro-symbolicate@https://registry.npmjs.org/metro-symbolicate/-/metro-symbolicate-0.83.6.tgz. Extracting by manifest.
5133 silly tarball no local data for metro-runtime@https://registry.npmjs.org/metro-runtime/-/metro-runtime-0.83.6.tgz. Extracting by manifest.
5134 silly tarball no local data for metro-minify-terser@https://registry.npmjs.org/metro-minify-terser/-/metro-minify-terser-0.83.6.tgz. Extracting by manifest.
5135 silly tarball no local data for metro-file-map@https://registry.npmjs.org/metro-file-map/-/metro-file-map-0.83.6.tgz. Extracting by manifest.
5136 silly tarball no local data for metro-source-map@https://registry.npmjs.org/metro-source-map/-/metro-source-map-0.83.6.tgz. Extracting by manifest.
5137 silly tarball no local data for metro-core@https://registry.npmjs.org/metro-core/-/metro-core-0.83.6.tgz. Extracting by manifest.
5138 silly tarball no local data for metro-cache-key@https://registry.npmjs.org/metro-cache-key/-/metro-cache-key-0.83.6.tgz. Extracting by manifest.
5139 silly tarball no local data for metro-cache@https://registry.npmjs.org/metro-cache/-/metro-cache-0.83.6.tgz. Extracting by manifest.
5140 silly tarball no local data for metro-config@https://registry.npmjs.org/metro-config/-/metro-config-0.83.6.tgz. Extracting by manifest.
5141 silly tarball no local data for metro-resolver@https://registry.npmjs.org/metro-resolver/-/metro-resolver-0.83.6.tgz. Extracting by manifest.
5142 silly tarball no local data for metro-babel-transformer@https://registry.npmjs.org/metro-babel-transformer/-/metro-babel-transformer-0.83.6.tgz. Extracting by manifest.
5143 silly tarball no local data for metro@https://registry.npmjs.org/metro/-/metro-0.83.6.tgz. Extracting by manifest.
5144 silly tarball no local data for anser@https://registry.npmjs.org/anser/-/anser-1.4.10.tgz. Extracting by manifest.
5145 silly tarball no local data for jimp-compact@https://registry.npmjs.org/jimp-compact/-/jimp-compact-0.16.1.tgz. Extracting by manifest.
5146 silly tarball no local data for @expo/dom-webview@https://registry.npmjs.org/@expo/dom-webview/-/dom-webview-55.0.5.tgz. Extracting by manifest.
5147 silly tarball no local data for parse-png@https://registry.npmjs.org/parse-png/-/parse-png-2.1.0.tgz. Extracting by manifest.
5148 silly tarball no local data for minimatch@https://registry.npmjs.org/minimatch/-/minimatch-10.2.5.tgz. Extracting by manifest.
5149 silly tarball no local data for @expo/sudo-prompt@https://registry.npmjs.org/@expo/sudo-prompt/-/sudo-prompt-9.3.2.tgz. Extracting by manifest.
5150 silly tarball no local data for ignore@https://registry.npmjs.org/ignore/-/ignore-5.3.2.tgz. Extracting by manifest.
5151 silly tarball no local data for xml2js@https://registry.npmjs.org/xml2js/-/xml2js-0.6.0.tgz. Extracting by manifest.
5152 silly tarball no local data for xcode@https://registry.npmjs.org/xcode/-/xcode-3.0.1.tgz. Extracting by manifest.
5153 silly tarball no local data for resolve-workspace-root@https://registry.npmjs.org/resolve-workspace-root/-/resolve-workspace-root-2.0.1.tgz. Extracting by manifest.
5154 silly tarball no local data for @expo/config-types@https://registry.npmjs.org/@expo/config-types/-/config-types-55.0.5.tgz. Extracting by manifest.
5155 silly tarball no local data for deepmerge@https://registry.npmjs.org/deepmerge/-/deepmerge-4.3.1.tgz. Extracting by manifest.
5156 silly tarball no local data for @expo/sdk-runtime-versions@https://registry.npmjs.org/@expo/sdk-runtime-versions/-/sdk-runtime-versions-1.0.0.tgz. Extracting by manifest.
5157 silly tarball no local data for ws@https://registry.npmjs.org/ws/-/ws-8.20.0.tgz. Extracting by manifest.
5158 silly tarball no local data for zod@https://registry.npmjs.org/zod/-/zod-3.25.76.tgz. Extracting by manifest.
5159 silly tarball no local data for structured-headers@https://registry.npmjs.org/structured-headers/-/structured-headers-0.4.1.tgz. Extracting by manifest.
5160 silly tarball no local data for toqr@https://registry.npmjs.org/toqr/-/toqr-0.1.1.tgz. Extracting by manifest.
5161 silly tarball no local data for terminal-link@https://registry.npmjs.org/terminal-link/-/terminal-link-2.1.1.tgz. Extracting by manifest.
5162 silly tarball no local data for slugify@https://registry.npmjs.org/slugify/-/slugify-1.6.9.tgz. Extracting by manifest.
5163 silly tarball no local data for resolve-from@https://registry.npmjs.org/resolve-from/-/resolve-from-5.0.0.tgz. Extracting by manifest.
5164 silly tarball no local data for source-map-support@https://registry.npmjs.org/source-map-support/-/source-map-support-0.5.21.tgz. Extracting by manifest.
5165 silly tarball no local data for send@https://registry.npmjs.org/send/-/send-0.19.2.tgz. Extracting by manifest.
5166 silly tarball no local data for prompts@https://registry.npmjs.org/prompts/-/prompts-2.4.2.tgz. Extracting by manifest.
5167 silly tarball no local data for progress@https://registry.npmjs.org/progress/-/progress-2.0.3.tgz. Extracting by manifest.
5168 silly tarball no local data for picomatch@https://registry.npmjs.org/picomatch/-/picomatch-4.0.4.tgz. Extracting by manifest.
5169 silly tarball no local data for stacktrace-parser@https://registry.npmjs.org/stacktrace-parser/-/stacktrace-parser-0.1.11.tgz. Extracting by manifest.
5170 silly tarball no local data for node-forge@https://registry.npmjs.org/node-forge/-/node-forge-1.4.0.tgz. Extracting by manifest.
5171 silly tarball no local data for ora@https://registry.npmjs.org/ora/-/ora-3.4.0.tgz. Extracting by manifest.
5172 silly tarball no local data for npm-package-arg@https://registry.npmjs.org/npm-package-arg/-/npm-package-arg-11.0.3.tgz. Extracting by manifest.
5173 silly tarball no local data for glob@https://registry.npmjs.org/glob/-/glob-13.0.6.tgz. Extracting by manifest.
5174 silly tarball no local data for multitars@https://registry.npmjs.org/multitars/-/multitars-1.0.0.tgz. Extracting by manifest.
5175 silly tarball no local data for getenv@https://registry.npmjs.org/getenv/-/getenv-2.0.0.tgz. Extracting by manifest.
5176 silly tarball no local data for wrap-ansi@https://registry.npmjs.org/wrap-ansi/-/wrap-ansi-7.0.0.tgz. Extracting by manifest.
5177 silly tarball no local data for fetch-nodeshim@https://registry.npmjs.org/fetch-nodeshim/-/fetch-nodeshim-0.4.10.tgz. Extracting by manifest.
5178 silly tarball no local data for lan-network@https://registry.npmjs.org/lan-network/-/lan-network-0.2.1.tgz. Extracting by manifest.
5179 silly tarball no local data for expo-server@https://registry.npmjs.org/expo-server/-/expo-server-55.0.8.tgz. Extracting by manifest.
5180 silly tarball no local data for dnssd-advertise@https://registry.npmjs.org/dnssd-advertise/-/dnssd-advertise-1.1.4.tgz. Extracting by manifest.
5181 silly tarball no local data for connect@https://registry.npmjs.org/connect/-/connect-3.7.0.tgz. Extracting by manifest.
5182 silly tarball no local data for chalk@https://registry.npmjs.org/chalk/-/chalk-4.1.2.tgz. Extracting by manifest.
5183 silly tarball no local data for compression@https://registry.npmjs.org/compression/-/compression-1.8.1.tgz. Extracting by manifest.
5184 silly tarball no local data for ci-info@https://registry.npmjs.org/ci-info/-/ci-info-3.9.0.tgz. Extracting by manifest.
5185 silly tarball no local data for bplist-creator@https://registry.npmjs.org/bplist-creator/-/bplist-creator-0.1.0.tgz. Extracting by manifest.
5186 silly tarball no local data for better-opn@https://registry.npmjs.org/better-opn/-/better-opn-3.0.2.tgz. Extracting by manifest.
5187 silly tarball no local data for accepts@https://registry.npmjs.org/accepts/-/accepts-1.3.8.tgz. Extracting by manifest.
5188 silly tarball no local data for arg@https://registry.npmjs.org/arg/-/arg-5.0.2.tgz. Extracting by manifest.
5189 silly tarball no local data for @expo/xcpretty@https://registry.npmjs.org/@expo/xcpretty/-/xcpretty-4.4.3.tgz. Extracting by manifest.
5190 silly tarball no local data for @react-native/dev-middleware@https://registry.npmjs.org/@react-native/dev-middleware/-/dev-middleware-0.83.6.tgz. Extracting by manifest.
5191 silly tarball no local data for @expo/spawn-async@https://registry.npmjs.org/@expo/spawn-async/-/spawn-async-1.7.2.tgz. Extracting by manifest.
5192 silly tarball no local data for @expo/ws-tunnel@https://registry.npmjs.org/@expo/ws-tunnel/-/ws-tunnel-1.0.6.tgz. Extracting by manifest.
5193 silly tarball no local data for @expo/require-utils@https://registry.npmjs.org/@expo/require-utils/-/require-utils-55.0.4.tgz. Extracting by manifest.
5194 silly tarball no local data for bplist-parser@https://registry.npmjs.org/bplist-parser/-/bplist-parser-0.3.2.tgz. Extracting by manifest.
5195 silly tarball no local data for @expo/schema-utils@https://registry.npmjs.org/@expo/schema-utils/-/schema-utils-55.0.3.tgz. Extracting by manifest.
5196 silly tarball no local data for @expo/router-server@https://registry.npmjs.org/@expo/router-server/-/router-server-55.0.15.tgz. Extracting by manifest.
5197 silly tarball no local data for @expo/prebuild-config@https://registry.npmjs.org/@expo/prebuild-config/-/prebuild-config-55.0.16.tgz. Extracting by manifest.
5198 silly tarball no local data for @expo/json-file@https://registry.npmjs.org/@expo/json-file/-/json-file-10.0.13.tgz. Extracting by manifest.
5199 silly tarball no local data for @expo/package-manager@https://registry.npmjs.org/@expo/package-manager/-/package-manager-1.10.4.tgz. Extracting by manifest.
5200 silly tarball no local data for @expo/plist@https://registry.npmjs.org/@expo/plist/-/plist-0.5.2.tgz. Extracting by manifest.
5201 silly tarball no local data for @expo/env@https://registry.npmjs.org/@expo/env/-/env-2.1.1.tgz. Extracting by manifest.
5202 silly tarball no local data for @expo/devcert@https://registry.npmjs.org/@expo/devcert/-/devcert-1.2.1.tgz. Extracting by manifest.
5203 silly tarball no local data for @expo/image-utils@https://registry.npmjs.org/@expo/image-utils/-/image-utils-0.8.13.tgz. Extracting by manifest.
5204 silly tarball no local data for @expo/code-signing-certificates@https://registry.npmjs.org/@expo/code-signing-certificates/-/code-signing-certificates-0.0.6.tgz. Extracting by manifest.
5205 silly tarball no local data for react-refresh@https://registry.npmjs.org/react-refresh/-/react-refresh-0.14.2.tgz. Extracting by manifest.
5206 silly tarball no local data for whatwg-url-minimum@https://registry.npmjs.org/whatwg-url-minimum/-/whatwg-url-minimum-0.1.1.tgz. Extracting by manifest.
5207 silly tarball no local data for @expo/osascript@https://registry.npmjs.org/@expo/osascript/-/osascript-2.4.2.tgz. Extracting by manifest.
5208 silly tarball no local data for expo-modules-core@https://registry.npmjs.org/expo-modules-core/-/expo-modules-core-55.0.23.tgz. Extracting by manifest.
5209 silly tarball no local data for pretty-format@https://registry.npmjs.org/pretty-format/-/pretty-format-29.7.0.tgz. Extracting by manifest.
5210 silly tarball no local data for expo-modules-autolinking@https://registry.npmjs.org/expo-modules-autolinking/-/expo-modules-autolinking-55.0.18.tgz. Extracting by manifest.
5211 silly tarball no local data for expo-keep-awake@https://registry.npmjs.org/expo-keep-awake/-/expo-keep-awake-55.0.6.tgz. Extracting by manifest.
5212 silly tarball no local data for @ungap/structured-clone@https://registry.npmjs.org/@ungap/structured-clone/-/structured-clone-1.3.0.tgz. Extracting by manifest.
5213 silly tarball no local data for babel-preset-expo@https://registry.npmjs.org/babel-preset-expo/-/babel-preset-expo-55.0.18.tgz. Extracting by manifest.
5214 silly tarball no local data for @expo/vector-icons@https://registry.npmjs.org/@expo/vector-icons/-/vector-icons-15.1.1.tgz. Extracting by manifest.
5215 silly tarball no local data for @expo/metro@https://registry.npmjs.org/@expo/metro/-/metro-55.1.0.tgz. Extracting by manifest.
5216 silly tarball no local data for expo-file-system@https://registry.npmjs.org/expo-file-system/-/expo-file-system-55.0.17.tgz. Extracting by manifest.
5217 silly tarball no local data for @expo/log-box@https://registry.npmjs.org/@expo/log-box/-/log-box-55.0.11.tgz. Extracting by manifest.
5218 silly tarball no local data for @expo/local-build-cache-provider@https://registry.npmjs.org/@expo/local-build-cache-provider/-/local-build-cache-provider-55.0.11.tgz. Extracting by manifest.
5219 silly tarball no local data for @expo/metro-config@https://registry.npmjs.org/@expo/metro-config/-/metro-config-55.0.17.tgz. Extracting by manifest.
5220 silly tarball no local data for @expo/devtools@https://registry.npmjs.org/@expo/devtools/-/devtools-55.0.2.tgz. Extracting by manifest.
5221 silly tarball no local data for @expo/fingerprint@https://registry.npmjs.org/@expo/fingerprint/-/fingerprint-0.16.6.tgz. Extracting by manifest.
5222 silly tarball no local data for @babel/runtime@https://registry.npmjs.org/@babel/runtime/-/runtime-7.29.2.tgz. Extracting by manifest.
5223 silly tarball no local data for @expo/config@https://registry.npmjs.org/@expo/config/-/config-55.0.15.tgz. Extracting by manifest.
5224 silly tarball no local data for ms@https://registry.npmjs.org/ms/-/ms-2.1.3.tgz. Extracting by manifest.
5225 silly tarball no local data for @expo/cli@https://registry.npmjs.org/@expo/cli/-/cli-55.0.26.tgz. Extracting by manifest.
5226 silly tarball no local data for simple-swizzle@https://registry.npmjs.org/simple-swizzle/-/simple-swizzle-0.2.4.tgz. Extracting by manifest.
5227 silly tarball no local data for color-name@https://registry.npmjs.org/color-name/-/color-name-1.1.4.tgz. Extracting by manifest.
5228 silly tarball no local data for color-string@https://registry.npmjs.org/color-string/-/color-string-1.9.1.tgz. Extracting by manifest.
5229 silly tarball no local data for @expo/config-plugins@https://registry.npmjs.org/@expo/config-plugins/-/config-plugins-55.0.8.tgz. Extracting by manifest.
5230 silly tarball no local data for color-convert@https://registry.npmjs.org/color-convert/-/color-convert-2.0.1.tgz. Extracting by manifest.
5231 silly tarball no local data for node-releases@https://registry.npmjs.org/node-releases/-/node-releases-2.0.38.tgz. Extracting by manifest.
5232 silly tarball no local data for update-browserslist-db@https://registry.npmjs.org/update-browserslist-db/-/update-browserslist-db-1.2.3.tgz. Extracting by manifest.
5233 silly tarball no local data for electron-to-chromium@https://registry.npmjs.org/electron-to-chromium/-/electron-to-chromium-1.5.344.tgz. Extracting by manifest.
5234 silly tarball no local data for baseline-browser-mapping@https://registry.npmjs.org/baseline-browser-mapping/-/baseline-browser-mapping-2.10.21.tgz. Extracting by manifest.
5235 silly tarball no local data for csstype@https://registry.npmjs.org/csstype/-/csstype-3.2.3.tgz. Extracting by manifest.
5236 silly tarball no local data for sf-symbols-typescript@https://registry.npmjs.org/sf-symbols-typescript/-/sf-symbols-typescript-2.2.0.tgz. Extracting by manifest.
5237 silly tarball no local data for color@https://registry.npmjs.org/color/-/color-4.2.3.tgz. Extracting by manifest.
5238 silly tarball no local data for @react-navigation/elements@https://registry.npmjs.org/@react-navigation/elements/-/elements-2.9.14.tgz. Extracting by manifest.
5239 silly tarball no local data for @react-navigation/routers@https://registry.npmjs.org/@react-navigation/routers/-/routers-7.5.3.tgz. Extracting by manifest.
5240 silly tarball no local data for use-sync-external-store@https://registry.npmjs.org/use-sync-external-store/-/use-sync-external-store-1.6.0.tgz. Extracting by manifest.
5241 silly tarball no local data for warn-once@https://registry.npmjs.org/warn-once/-/warn-once-0.1.1.tgz. Extracting by manifest.
5242 silly tarball no local data for query-string@https://registry.npmjs.org/query-string/-/query-string-7.1.3.tgz. Extracting by manifest.
5243 silly tarball no local data for use-latest-callback@https://registry.npmjs.org/use-latest-callback/-/use-latest-callback-0.2.6.tgz. Extracting by manifest.
5244 silly tarball no local data for react-is@https://registry.npmjs.org/react-is/-/react-is-19.2.5.tgz. Extracting by manifest.
5245 silly tarball no local data for fast-deep-equal@https://registry.npmjs.org/fast-deep-equal/-/fast-deep-equal-3.1.3.tgz. Extracting by manifest.
5246 silly tarball no local data for caniuse-lite@https://registry.npmjs.org/caniuse-lite/-/caniuse-lite-1.0.30001790.tgz. Extracting by manifest.
5247 silly tarball no local data for escape-string-regexp@https://registry.npmjs.org/escape-string-regexp/-/escape-string-regexp-4.0.0.tgz. Extracting by manifest.
5248 silly tarball no local data for @react-navigation/core@https://registry.npmjs.org/@react-navigation/core/-/core-7.17.2.tgz. Extracting by manifest.
5249 silly tarball no local data for merge-options@https://registry.npmjs.org/merge-options/-/merge-options-3.0.4.tgz. Extracting by manifest.
5250 silly tarball no local data for invariant@https://registry.npmjs.org/invariant/-/invariant-2.2.4.tgz. Extracting by manifest.
5251 silly tarball no local data for @jridgewell/resolve-uri@https://registry.npmjs.org/@jridgewell/resolve-uri/-/resolve-uri-3.1.2.tgz. Extracting by manifest.
5252 silly tarball no local data for nanoid@https://registry.npmjs.org/nanoid/-/nanoid-3.3.11.tgz. Extracting by manifest.
5253 silly tarball no local data for yaml@https://registry.npmjs.org/yaml/-/yaml-1.10.3.tgz. Extracting by manifest.
5254 silly tarball no local data for got@https://registry.npmjs.org/got/-/got-11.8.6.tgz. Extracting by manifest.
5255 silly tarball no local data for @jridgewell/sourcemap-codec@https://registry.npmjs.org/@jridgewell/sourcemap-codec/-/sourcemap-codec-1.5.5.tgz. Extracting by manifest.
5256 silly tarball no local data for @babel/helper-string-parser@https://registry.npmjs.org/@babel/helper-string-parser/-/helper-string-parser-7.27.1.tgz. Extracting by manifest.
5257 silly tarball no local data for @expo/ngrok-bin-darwin-arm64@https://registry.npmjs.org/@expo/ngrok-bin-darwin-arm64/-/ngrok-bin-darwin-arm64-2.3.41.tgz. Extracting by manifest.
5258 silly tarball no local data for @expo/ngrok-bin@https://registry.npmjs.org/@expo/ngrok-bin/-/ngrok-bin-2.3.42.tgz. Extracting by manifest.
5259 silly tarball no local data for @babel/helper-globals@https://registry.npmjs.org/@babel/helper-globals/-/helper-globals-7.28.0.tgz. Extracting by manifest.
5260 silly tarball no local data for @babel/helper-module-imports@https://registry.npmjs.org/@babel/helper-module-imports/-/helper-module-imports-7.28.6.tgz. Extracting by manifest.
5261 silly tarball no local data for @babel/helper-validator-option@https://registry.npmjs.org/@babel/helper-validator-option/-/helper-validator-option-7.27.1.tgz. Extracting by manifest.
5262 silly tarball no local data for jsesc@https://registry.npmjs.org/jsesc/-/jsesc-3.1.0.tgz. Extracting by manifest.
5263 silly tarball no local data for browserslist@https://registry.npmjs.org/browserslist/-/browserslist-4.28.2.tgz. Extracting by manifest.
5264 silly tarball no local data for @babel/compat-data@https://registry.npmjs.org/@babel/compat-data/-/compat-data-7.29.0.tgz. Extracting by manifest.
5265 silly tarball no local data for @jridgewell/trace-mapping@https://registry.npmjs.org/@jridgewell/trace-mapping/-/trace-mapping-0.3.31.tgz. Extracting by manifest.
5266 silly tarball no local data for picocolors@https://registry.npmjs.org/picocolors/-/picocolors-1.1.1.tgz. Extracting by manifest.
5267 silly tarball no local data for @jridgewell/gen-mapping@https://registry.npmjs.org/@jridgewell/gen-mapping/-/gen-mapping-0.3.13.tgz. Extracting by manifest.
5268 silly tarball no local data for lru-cache@https://registry.npmjs.org/lru-cache/-/lru-cache-5.1.1.tgz. Extracting by manifest.
5269 silly tarball no local data for semver@https://registry.npmjs.org/semver/-/semver-6.3.1.tgz. Extracting by manifest.
5270 silly tarball no local data for js-tokens@https://registry.npmjs.org/js-tokens/-/js-tokens-4.0.0.tgz. Extracting by manifest.
5271 silly tarball no local data for json5@https://registry.npmjs.org/json5/-/json5-2.2.3.tgz. Extracting by manifest.
5272 silly tarball no local data for gensync@https://registry.npmjs.org/gensync/-/gensync-1.0.0-beta.2.tgz. Extracting by manifest.
5273 silly tarball no local data for convert-source-map@https://registry.npmjs.org/convert-source-map/-/convert-source-map-2.0.0.tgz. Extracting by manifest.
5274 silly tarball no local data for @babel/types@https://registry.npmjs.org/@babel/types/-/types-7.29.0.tgz. Extracting by manifest.
5275 silly tarball no local data for @babel/template@https://registry.npmjs.org/@babel/template/-/template-7.28.6.tgz. Extracting by manifest.
5276 silly tarball no local data for debug@https://registry.npmjs.org/debug/-/debug-4.4.3.tgz. Extracting by manifest.
5277 silly tarball no local data for @jridgewell/remapping@https://registry.npmjs.org/@jridgewell/remapping/-/remapping-2.3.5.tgz. Extracting by manifest.
5278 silly tarball no local data for @babel/helpers@https://registry.npmjs.org/@babel/helpers/-/helpers-7.29.2.tgz. Extracting by manifest.
5279 silly tarball no local data for @babel/helper-compilation-targets@https://registry.npmjs.org/@babel/helper-compilation-targets/-/helper-compilation-targets-7.28.6.tgz. Extracting by manifest.
5280 silly tarball no local data for @babel/helper-module-transforms@https://registry.npmjs.org/@babel/helper-module-transforms/-/helper-module-transforms-7.28.6.tgz. Extracting by manifest.
5281 silly tarball no local data for zustand@https://registry.npmjs.org/zustand/-/zustand-5.0.12.tgz. Extracting by manifest.
5282 silly tarball no local data for @babel/generator@https://registry.npmjs.org/@babel/generator/-/generator-7.29.1.tgz. Extracting by manifest.
5283 silly tarball no local data for @babel/traverse@https://registry.npmjs.org/@babel/traverse/-/traverse-7.29.0.tgz. Extracting by manifest.
5284 silly tarball no local data for @babel/code-frame@https://registry.npmjs.org/@babel/code-frame/-/code-frame-7.29.0.tgz. Extracting by manifest.
5285 silly tarball no local data for @babel/helper-validator-identifier@https://registry.npmjs.org/@babel/helper-validator-identifier/-/helper-validator-identifier-7.28.5.tgz. Extracting by manifest.
5286 silly tarball no local data for @babel/parser@https://registry.npmjs.org/@babel/parser/-/parser-7.29.2.tgz. Extracting by manifest.
5287 silly tarball no local data for tailwindcss@https://registry.npmjs.org/tailwindcss/-/tailwindcss-3.3.2.tgz. Extracting by manifest.
5288 silly tarball no local data for react-native-web@https://registry.npmjs.org/react-native-web/-/react-native-web-0.21.2.tgz. Extracting by manifest.
5289 silly tarball no local data for uuid@https://registry.npmjs.org/uuid/-/uuid-14.0.0.tgz. Extracting by manifest.
5290 silly tarball no local data for react-native-svg@https://registry.npmjs.org/react-native-svg/-/react-native-svg-15.15.3.tgz. Extracting by manifest.
5291 silly tarball no local data for react-native-screens@https://registry.npmjs.org/react-native-screens/-/react-native-screens-4.23.0.tgz. Extracting by manifest.
5292 silly tarball no local data for react-native-worklets@https://registry.npmjs.org/react-native-worklets/-/react-native-worklets-0.7.4.tgz. Extracting by manifest.
5293 silly tarball no local data for react-native-reanimated@https://registry.npmjs.org/react-native-reanimated/-/react-native-reanimated-4.2.1.tgz. Extracting by manifest.
5294 silly tarball no local data for typescript@https://registry.npmjs.org/typescript/-/typescript-5.9.3.tgz. Extracting by manifest.
5295 silly tarball no local data for react-native-safe-area-context@https://registry.npmjs.org/react-native-safe-area-context/-/react-native-safe-area-context-5.6.2.tgz. Extracting by manifest.
5296 silly tarball no local data for react@https://registry.npmjs.org/react/-/react-19.2.0.tgz. Extracting by manifest.
5297 silly tarball no local data for react-native-get-random-values@https://registry.npmjs.org/react-native-get-random-values/-/react-native-get-random-values-1.11.0.tgz. Extracting by manifest.
5298 silly tarball no local data for lucide-react-native@https://registry.npmjs.org/lucide-react-native/-/lucide-react-native-0.468.0.tgz. Extracting by manifest.
5299 silly tarball no local data for nativewind@https://registry.npmjs.org/nativewind/-/nativewind-2.0.11.tgz. Extracting by manifest.
5300 silly tarball no local data for expo-image-picker@https://registry.npmjs.org/expo-image-picker/-/expo-image-picker-55.0.19.tgz. Extracting by manifest.
5301 silly tarball no local data for expo-linear-gradient@https://registry.npmjs.org/expo-linear-gradient/-/expo-linear-gradient-55.0.13.tgz. Extracting by manifest.
5302 silly tarball no local data for expo-status-bar@https://registry.npmjs.org/expo-status-bar/-/expo-status-bar-55.0.5.tgz. Extracting by manifest.
5303 silly tarball no local data for react-dom@https://registry.npmjs.org/react-dom/-/react-dom-19.2.0.tgz. Extracting by manifest.
5304 silly tarball no local data for expo-contacts@https://registry.npmjs.org/expo-contacts/-/expo-contacts-55.0.13.tgz. Extracting by manifest.
5305 silly tarball no local data for expo-blur@https://registry.npmjs.org/expo-blur/-/expo-blur-55.0.14.tgz. Extracting by manifest.
5306 silly tarball no local data for expo-font@https://registry.npmjs.org/expo-font/-/expo-font-55.0.6.tgz. Extracting by manifest.
5307 silly tarball no local data for expo-constants@https://registry.npmjs.org/expo-constants/-/expo-constants-55.0.15.tgz. Extracting by manifest.
5308 silly tarball no local data for expo@https://registry.npmjs.org/expo/-/expo-55.0.17.tgz. Extracting by manifest.
5309 silly tarball no local data for @types/react@https://registry.npmjs.org/@types/react/-/react-19.2.14.tgz. Extracting by manifest.
5310 silly tarball no local data for @types/uuid@https://registry.npmjs.org/@types/uuid/-/uuid-10.0.0.tgz. Extracting by manifest.
5311 silly tarball no local data for react-native@https://registry.npmjs.org/react-native/-/react-native-0.83.6.tgz. Extracting by manifest.
5312 silly tarball no local data for @react-navigation/native@https://registry.npmjs.org/@react-navigation/native/-/native-7.2.2.tgz. Extracting by manifest.
5313 silly tarball no local data for @react-navigation/native-stack@https://registry.npmjs.org/@react-navigation/native-stack/-/native-stack-7.14.11.tgz. Extracting by manifest.
5314 silly tarball no local data for @react-native-async-storage/async-storage@https://registry.npmjs.org/@react-native-async-storage/async-storage/-/async-storage-2.2.0.tgz. Extracting by manifest.
5315 silly tarball no local data for @expo/ngrok@https://registry.npmjs.org/@expo/ngrok/-/ngrok-4.1.3.tgz. Extracting by manifest.
5316 silly tarball no local data for @babel/core@https://registry.npmjs.org/@babel/core/-/core-7.29.0.tgz. Extracting by manifest.
5317 silly tarball no local data for strip-ansi@https://registry.npmjs.org/strip-ansi/-/strip-ansi-6.0.1.tgz. Extracting by manifest.
5318 silly tarball no local data for bplist-parser@https://registry.npmjs.org/bplist-parser/-/bplist-parser-0.3.1.tgz. Extracting by manifest.
5319 silly tarball no local data for strip-ansi@https://registry.npmjs.org/strip-ansi/-/strip-ansi-6.0.1.tgz. Extracting by manifest.
5320 silly tarball no local data for type-fest@https://registry.npmjs.org/type-fest/-/type-fest-0.21.3.tgz. Extracting by manifest.
5321 silly tarball no local data for commander@https://registry.npmjs.org/commander/-/commander-4.1.1.tgz. Extracting by manifest.
5322 silly tarball no local data for picomatch@https://registry.npmjs.org/picomatch/-/picomatch-2.3.2.tgz. Extracting by manifest.
5323 silly tarball no local data for glob-parent@https://registry.npmjs.org/glob-parent/-/glob-parent-5.1.2.tgz. Extracting by manifest.
5324 silly tarball no local data for yaml@https://registry.npmjs.org/yaml/-/yaml-2.8.3.tgz. Extracting by manifest.
5325 silly tarball no local data for glob-parent@https://registry.npmjs.org/glob-parent/-/glob-parent-5.1.2.tgz. Extracting by manifest.
5326 silly tarball no local data for promise@https://registry.npmjs.org/promise/-/promise-7.3.1.tgz. Extracting by manifest.
5327 silly tarball no local data for @react-native-community/datetimepicker@https://registry.npmjs.org/@react-native-community/datetimepicker/-/datetimepicker-8.6.0.tgz. Extracting by manifest.
5328 silly tarball no local data for expo-asset@https://registry.npmjs.org/expo-asset/-/expo-asset-55.0.16.tgz. Extracting by manifest.
5329 silly tarball no local data for statuses@https://registry.npmjs.org/statuses/-/statuses-2.0.2.tgz. Extracting by manifest.
5330 silly tarball no local data for source-map@https://registry.npmjs.org/source-map/-/source-map-0.6.1.tgz. Extracting by manifest.
5331 silly tarball no local data for picomatch@https://registry.npmjs.org/picomatch/-/picomatch-2.3.2.tgz. Extracting by manifest.
5332 silly tarball no local data for lilconfig@https://registry.npmjs.org/lilconfig/-/lilconfig-3.1.3.tgz. Extracting by manifest.
5333 silly tarball no local data for brace-expansion@https://registry.npmjs.org/brace-expansion/-/brace-expansion-1.1.14.tgz. Extracting by manifest.
5334 silly tarball no local data for minimatch@https://registry.npmjs.org/minimatch/-/minimatch-3.1.5.tgz. Extracting by manifest.
5335 silly tarball no local data for js-yaml@https://registry.npmjs.org/js-yaml/-/js-yaml-3.14.2.tgz. Extracting by manifest.
5336 silly tarball no local data for balanced-match@https://registry.npmjs.org/balanced-match/-/balanced-match-1.0.2.tgz. Extracting by manifest.
5337 silly tarball no local data for glob@https://registry.npmjs.org/glob/-/glob-7.2.3.tgz. Extracting by manifest.
5338 silly tarball no local data for camelcase@https://registry.npmjs.org/camelcase/-/camelcase-5.3.1.tgz. Extracting by manifest.
5339 silly tarball no local data for ansi-regex@https://registry.npmjs.org/ansi-regex/-/ansi-regex-4.1.1.tgz. Extracting by manifest.
5340 silly tarball no local data for ws@https://registry.npmjs.org/ws/-/ws-7.5.10.tgz. Extracting by manifest.
5341 silly tarball no local data for semver@https://registry.npmjs.org/semver/-/semver-7.7.4.tgz. Extracting by manifest.
5342 silly tarball no local data for has-flag@https://registry.npmjs.org/has-flag/-/has-flag-3.0.0.tgz. Extracting by manifest.
5343 silly tarball no local data for escape-string-regexp@https://registry.npmjs.org/escape-string-regexp/-/escape-string-regexp-2.0.0.tgz. Extracting by manifest.
5344 silly tarball no local data for color-name@https://registry.npmjs.org/color-name/-/color-name-1.1.3.tgz. Extracting by manifest.
5345 silly tarball no local data for supports-color@https://registry.npmjs.org/supports-color/-/supports-color-5.5.0.tgz. Extracting by manifest.
5346 silly tarball no local data for ansi-styles@https://registry.npmjs.org/ansi-styles/-/ansi-styles-3.2.1.tgz. Extracting by manifest.
5347 silly tarball no local data for color-convert@https://registry.npmjs.org/color-convert/-/color-convert-1.9.3.tgz. Extracting by manifest.
5348 silly tarball no local data for chalk@https://registry.npmjs.org/chalk/-/chalk-2.4.2.tgz. Extracting by manifest.
5349 silly tarball no local data for escape-string-regexp@https://registry.npmjs.org/escape-string-regexp/-/escape-string-regexp-1.0.5.tgz. Extracting by manifest.
5350 silly tarball no local data for argparse@https://registry.npmjs.org/argparse/-/argparse-1.0.10.tgz. Extracting by manifest.
5351 silly tarball no local data for escape-string-regexp@https://registry.npmjs.org/escape-string-regexp/-/escape-string-regexp-1.0.5.tgz. Extracting by manifest.
5352 silly tarball no local data for picomatch@https://registry.npmjs.org/picomatch/-/picomatch-2.3.2.tgz. Extracting by manifest.
5353 silly tarball no local data for picomatch@https://registry.npmjs.org/picomatch/-/picomatch-2.3.2.tgz. Extracting by manifest.
5354 silly tarball no local data for lru-cache@https://registry.npmjs.org/lru-cache/-/lru-cache-10.4.3.tgz. Extracting by manifest.
5355 silly tarball no local data for balanced-match@https://registry.npmjs.org/balanced-match/-/balanced-match-1.0.2.tgz. Extracting by manifest.
5356 silly tarball no local data for supports-color@https://registry.npmjs.org/supports-color/-/supports-color-8.1.1.tgz. Extracting by manifest.
5357 silly tarball no local data for mimic-response@https://registry.npmjs.org/mimic-response/-/mimic-response-3.1.0.tgz. Extracting by manifest.
5358 silly tarball no local data for commander@https://registry.npmjs.org/commander/-/commander-2.20.3.tgz. Extracting by manifest.
5359 silly tarball no local data for ms@https://registry.npmjs.org/ms/-/ms-2.0.0.tgz. Extracting by manifest.
5360 silly tarball no local data for brace-expansion@https://registry.npmjs.org/brace-expansion/-/brace-expansion-1.1.14.tgz. Extracting by manifest.
5361 silly tarball no local data for minimatch@https://registry.npmjs.org/minimatch/-/minimatch-3.1.5.tgz. Extracting by manifest.
5362 silly tarball no local data for glob@https://registry.npmjs.org/glob/-/glob-7.2.3.tgz. Extracting by manifest.
5363 silly tarball no local data for balanced-match@https://registry.npmjs.org/balanced-match/-/balanced-match-1.0.2.tgz. Extracting by manifest.
5364 silly tarball no local data for debug@https://registry.npmjs.org/debug/-/debug-2.6.9.tgz. Extracting by manifest.
5365 silly tarball no local data for lru-cache@https://registry.npmjs.org/lru-cache/-/lru-cache-11.3.5.tgz. Extracting by manifest.
5366 silly tarball no local data for debug@https://registry.npmjs.org/debug/-/debug-2.6.9.tgz. Extracting by manifest.
5367 silly tarball no local data for balanced-match@https://registry.npmjs.org/balanced-match/-/balanced-match-1.0.2.tgz. Extracting by manifest.
5368 silly tarball no local data for hermes-estree@https://registry.npmjs.org/hermes-estree/-/hermes-estree-0.32.0.tgz. Extracting by manifest.
5369 silly tarball no local data for brace-expansion@https://registry.npmjs.org/brace-expansion/-/brace-expansion-1.1.14.tgz. Extracting by manifest.
5370 silly tarball no local data for glob@https://registry.npmjs.org/glob/-/glob-7.2.3.tgz. Extracting by manifest.
5371 silly tarball no local data for babel-plugin-syntax-hermes-parser@https://registry.npmjs.org/babel-plugin-syntax-hermes-parser/-/babel-plugin-syntax-hermes-parser-0.32.0.tgz. Extracting by manifest.
5372 silly tarball no local data for hermes-parser@https://registry.npmjs.org/hermes-parser/-/hermes-parser-0.32.0.tgz. Extracting by manifest.
5373 silly tarball no local data for minimatch@https://registry.npmjs.org/minimatch/-/minimatch-3.1.5.tgz. Extracting by manifest.
5374 silly tarball no local data for hermes-estree@https://registry.npmjs.org/hermes-estree/-/hermes-estree-0.32.0.tgz. Extracting by manifest.
5375 silly tarball no local data for yaml@https://registry.npmjs.org/yaml/-/yaml-2.8.3.tgz. Extracting by manifest.
5376 silly tarball no local data for mime-db@https://registry.npmjs.org/mime-db/-/mime-db-1.52.0.tgz. Extracting by manifest.
5377 silly tarball no local data for ms@https://registry.npmjs.org/ms/-/ms-2.0.0.tgz. Extracting by manifest.
5378 silly tarball no local data for hermes-estree@https://registry.npmjs.org/hermes-estree/-/hermes-estree-0.35.0.tgz. Extracting by manifest.
5379 silly tarball no local data for hermes-parser@https://registry.npmjs.org/hermes-parser/-/hermes-parser-0.35.0.tgz. Extracting by manifest.
5380 silly tarball no local data for hermes-estree@https://registry.npmjs.org/hermes-estree/-/hermes-estree-0.35.0.tgz. Extracting by manifest.
5381 silly tarball no local data for encodeurl@https://registry.npmjs.org/encodeurl/-/encodeurl-2.0.0.tgz. Extracting by manifest.
5382 silly tarball no local data for ws@https://registry.npmjs.org/ws/-/ws-7.5.10.tgz. Extracting by manifest.
5383 silly tarball no local data for ci-info@https://registry.npmjs.org/ci-info/-/ci-info-2.0.0.tgz. Extracting by manifest.
5384 silly tarball no local data for hermes-parser@https://registry.npmjs.org/hermes-parser/-/hermes-parser-0.32.0.tgz. Extracting by manifest.
5385 silly tarball no local data for negotiator@https://registry.npmjs.org/negotiator/-/negotiator-1.0.0.tgz. Extracting by manifest.
5386 silly tarball no local data for accepts@https://registry.npmjs.org/accepts/-/accepts-2.0.0.tgz. Extracting by manifest.
5387 silly tarball no local data for uuid@https://registry.npmjs.org/uuid/-/uuid-7.0.3.tgz. Extracting by manifest.
5388 silly tarball no local data for xmlbuilder@https://registry.npmjs.org/xmlbuilder/-/xmlbuilder-11.0.1.tgz. Extracting by manifest.
5389 silly tarball no local data for strip-ansi@https://registry.npmjs.org/strip-ansi/-/strip-ansi-6.0.1.tgz. Extracting by manifest.
5390 silly tarball no local data for statuses@https://registry.npmjs.org/statuses/-/statuses-2.0.2.tgz. Extracting by manifest.
5391 silly tarball no local data for source-map@https://registry.npmjs.org/source-map/-/source-map-0.6.1.tgz. Extracting by manifest.
5392 silly tarball no local data for on-finished@https://registry.npmjs.org/on-finished/-/on-finished-2.4.1.tgz. Extracting by manifest.
5393 silly tarball no local data for mime-types@https://registry.npmjs.org/mime-types/-/mime-types-3.0.2.tgz. Extracting by manifest.
5394 silly tarball no local data for ms@https://registry.npmjs.org/ms/-/ms-2.0.0.tgz. Extracting by manifest.
5395 silly tarball no local data for encodeurl@https://registry.npmjs.org/encodeurl/-/encodeurl-2.0.0.tgz. Extracting by manifest.
5396 silly tarball no local data for color-name@https://registry.npmjs.org/color-name/-/color-name-1.1.3.tgz. Extracting by manifest.
5397 silly tarball no local data for hermes-parser@https://registry.npmjs.org/hermes-parser/-/hermes-parser-0.35.0.tgz. Extracting by manifest.
5398 silly tarball no local data for has-flag@https://registry.npmjs.org/has-flag/-/has-flag-3.0.0.tgz. Extracting by manifest.
5399 silly tarball no local data for debug@https://registry.npmjs.org/debug/-/debug-2.6.9.tgz. Extracting by manifest.
5400 silly tarball no local data for supports-color@https://registry.npmjs.org/supports-color/-/supports-color-5.5.0.tgz. Extracting by manifest.
5401 silly tarball no local data for color-convert@https://registry.npmjs.org/color-convert/-/color-convert-1.9.3.tgz. Extracting by manifest.
5402 silly tarball no local data for ansi-styles@https://registry.npmjs.org/ansi-styles/-/ansi-styles-3.2.1.tgz. Extracting by manifest.
5403 silly tarball no local data for chalk@https://registry.npmjs.org/chalk/-/chalk-2.4.2.tgz. Extracting by manifest.
5404 silly tarball no local data for escape-string-regexp@https://registry.npmjs.org/escape-string-regexp/-/escape-string-regexp-1.0.5.tgz. Extracting by manifest.
5405 silly tarball no local data for semver@https://registry.npmjs.org/semver/-/semver-7.7.4.tgz. Extracting by manifest.
5406 silly tarball no local data for debug@https://registry.npmjs.org/debug/-/debug-2.6.9.tgz. Extracting by manifest.
5407 silly tarball no local data for open@https://registry.npmjs.org/open/-/open-8.4.2.tgz. Extracting by manifest.
5408 silly tarball no local data for ms@https://registry.npmjs.org/ms/-/ms-2.0.0.tgz. Extracting by manifest.
5409 silly tarball no local data for debug@https://registry.npmjs.org/debug/-/debug-2.6.9.tgz. Extracting by manifest.
5410 silly tarball no local data for negotiator@https://registry.npmjs.org/negotiator/-/negotiator-0.6.4.tgz. Extracting by manifest.
5411 silly tarball no local data for semver@https://registry.npmjs.org/semver/-/semver-7.7.4.tgz. Extracting by manifest.
5412 silly tarball no local data for debug@https://registry.npmjs.org/debug/-/debug-3.2.7.tgz. Extracting by manifest.
5413 silly tarball no local data for semver@https://registry.npmjs.org/semver/-/semver-7.7.4.tgz. Extracting by manifest.
5414 silly tarball no local data for ansi-styles@https://registry.npmjs.org/ansi-styles/-/ansi-styles-5.2.0.tgz. Extracting by manifest.
5415 silly tarball no local data for semver@https://registry.npmjs.org/semver/-/semver-7.7.4.tgz. Extracting by manifest.
5416 silly tarball no local data for ms@https://registry.npmjs.org/ms/-/ms-2.0.0.tgz. Extracting by manifest.
5417 silly tarball no local data for semver@https://registry.npmjs.org/semver/-/semver-7.7.4.tgz. Extracting by manifest.
5418 silly tarball no local data for semver@https://registry.npmjs.org/semver/-/semver-7.7.4.tgz. Extracting by manifest.
5419 silly tarball no local data for semver@https://registry.npmjs.org/semver/-/semver-7.7.4.tgz. Extracting by manifest.
5420 silly tarball no local data for postcss-nested@https://registry.npmjs.org/postcss-nested/-/postcss-nested-6.2.0.tgz. Extracting by manifest.
5421 silly tarball no local data for semver@https://registry.npmjs.org/semver/-/semver-7.7.3.tgz. Extracting by manifest.
5422 silly tarball no local data for @babel/plugin-transform-classes@https://registry.npmjs.org/@babel/plugin-transform-classes/-/plugin-transform-classes-7.28.4.tgz. Extracting by manifest.
5423 silly tarball no local data for @babel/plugin-transform-nullish-coalescing-operator@https://registry.npmjs.org/@babel/plugin-transform-nullish-coalescing-operator/-/plugin-transform-nullish-coalescing-operator-7.27.1.tgz. Extracting by manifest.
5424 silly tarball no local data for @babel/preset-typescript@https://registry.npmjs.org/@babel/preset-typescript/-/preset-typescript-7.27.1.tgz. Extracting by manifest.
5425 silly tarball no local data for @babel/plugin-transform-optional-chaining@https://registry.npmjs.org/@babel/plugin-transform-optional-chaining/-/plugin-transform-optional-chaining-7.27.1.tgz. Extracting by manifest.
5426 silly tarball no local data for @babel/plugin-transform-class-properties@https://registry.npmjs.org/@babel/plugin-transform-class-properties/-/plugin-transform-class-properties-7.27.1.tgz. Extracting by manifest.
5427 silly tarball no local data for memoize-one@https://registry.npmjs.org/memoize-one/-/memoize-one-6.0.0.tgz. Extracting by manifest.
5428 silly tarball no local data for @react-native/normalize-colors@https://registry.npmjs.org/@react-native/normalize-colors/-/normalize-colors-0.74.89.tgz. Extracting by manifest.
5429 silly tarball no local data for semver@https://registry.npmjs.org/semver/-/semver-7.7.3.tgz. Extracting by manifest.
5430 silly tarball no local data for hermes-estree@https://registry.npmjs.org/hermes-estree/-/hermes-estree-0.32.0.tgz. Extracting by manifest.
5431 silly tarball no local data for react-native-is-edge-to-edge@https://registry.npmjs.org/react-native-is-edge-to-edge/-/react-native-is-edge-to-edge-1.2.1.tgz. Extracting by manifest.
5432 silly tarball no local data for brace-expansion@https://registry.npmjs.org/brace-expansion/-/brace-expansion-1.1.14.tgz. Extracting by manifest.
5433 silly tarball no local data for balanced-match@https://registry.npmjs.org/balanced-match/-/balanced-match-1.0.2.tgz. Extracting by manifest.
5434 silly tarball no local data for minimatch@https://registry.npmjs.org/minimatch/-/minimatch-3.1.5.tgz. Extracting by manifest.
5435 silly tarball no local data for ws@https://registry.npmjs.org/ws/-/ws-7.5.10.tgz. Extracting by manifest.
5436 silly tarball no local data for react-is@https://registry.npmjs.org/react-is/-/react-is-18.3.1.tgz. Extracting by manifest.
5437 silly tarball no local data for semver@https://registry.npmjs.org/semver/-/semver-7.7.4.tgz. Extracting by manifest.
5438 silly tarball no local data for hermes-parser@https://registry.npmjs.org/hermes-parser/-/hermes-parser-0.32.0.tgz. Extracting by manifest.
5439 silly tarball no local data for babel-plugin-syntax-hermes-parser@https://registry.npmjs.org/babel-plugin-syntax-hermes-parser/-/babel-plugin-syntax-hermes-parser-0.32.0.tgz. Extracting by manifest.
5440 silly tarball no local data for commander@https://registry.npmjs.org/commander/-/commander-12.1.0.tgz. Extracting by manifest.
5441 silly tarball no local data for glob@https://registry.npmjs.org/glob/-/glob-7.2.3.tgz. Extracting by manifest.
5442 silly tarball no local data for react-is@https://registry.npmjs.org/react-is/-/react-is-18.3.1.tgz. Extracting by manifest.
5443 silly tarball no local data for ws@https://registry.npmjs.org/ws/-/ws-7.5.10.tgz. Extracting by manifest.
5444 silly tarball no local data for @babel/types@https://registry.npmjs.org/@babel/types/-/types-7.19.0.tgz. Extracting by manifest.
5445 silly tarball no local data for @babel/helper-module-imports@https://registry.npmjs.org/@babel/helper-module-imports/-/helper-module-imports-7.18.6.tgz. Extracting by manifest.
5446 silly tarball no local data for uuid@https://registry.npmjs.org/uuid/-/uuid-3.4.0.tgz. Extracting by manifest.
5447 http fetch POST 200 https://registry.npmjs.org/-/npm/v1/security/advisories/bulk 441ms
5448 silly audit report {
5448 silly audit report   uuid: [
5448 silly audit report     {
5448 silly audit report       id: 1116970,
5448 silly audit report       url: 'https://github.com/advisories/GHSA-w5hq-g745-h8pq',
5448 silly audit report       title: 'uuid: Missing buffer bounds check in v3/v5/v6 when buf is provided',
5448 silly audit report       severity: 'moderate',
5448 silly audit report       vulnerable_versions: '<14.0.0',
5448 silly audit report       cwe: [Array],
5448 silly audit report       cvss: [Object]
5448 silly audit report     }
5448 silly audit report   ]
5448 silly audit report }
5449 silly packumentCache corgi:https://registry.npmjs.org/uuid cache-miss
5450 http fetch GET 200 https://registry.npmjs.org/path-is-absolute/-/path-is-absolute-1.0.1.tgz 380ms (cache miss)
5451 http fetch GET 200 https://registry.npmjs.org/inflight/-/inflight-1.0.6.tgz 380ms (cache miss)
5452 warn deprecated inflight@1.0.6: This module is not supported, and leaks memory. Do not use it. Check out lru-cache if you want a good and tested way to coalesce async requests by a key value, which is much more comprehensive and powerful.
5453 http fetch GET 200 https://registry.npmjs.org/concat-map/-/concat-map-0.0.1.tgz 381ms (cache miss)
5454 http fetch GET 200 https://registry.npmjs.org/define-lazy-prop/-/define-lazy-prop-2.0.0.tgz 382ms (cache miss)
5455 http fetch GET 200 https://registry.npmjs.org/to-fast-properties/-/to-fast-properties-2.0.0.tgz 383ms (cache miss)
5456 http fetch GET 200 https://registry.npmjs.org/fs.realpath/-/fs.realpath-1.0.0.tgz 388ms (cache miss)
5457 http fetch GET 200 https://registry.npmjs.org/sax/-/sax-1.6.0.tgz 400ms (cache miss)
5458 http fetch GET 200 https://registry.npmjs.org/imurmurhash/-/imurmurhash-0.1.4.tgz 424ms (cache miss)
5459 http fetch GET 200 https://registry.npmjs.org/webidl-conversions/-/webidl-conversions-3.0.1.tgz 425ms (cache miss)
5460 http fetch GET 200 https://registry.npmjs.org/emoji-regex/-/emoji-regex-8.0.0.tgz 433ms (cache miss)
5461 http fetch GET 200 https://registry.npmjs.org/tmpl/-/tmpl-1.0.5.tgz 436ms (cache miss)
5462 http fetch GET 200 https://registry.npmjs.org/string-width/-/string-width-4.2.3.tgz 437ms (cache miss)
5463 http fetch GET 200 https://registry.npmjs.org/is-fullwidth-code-point/-/is-fullwidth-code-point-3.0.0.tgz 438ms (cache miss)
5464 http fetch GET 200 https://registry.npmjs.org/makeerror/-/makeerror-1.0.12.tgz 444ms (cache miss)
5465 http fetch GET 200 https://registry.npmjs.org/isexe/-/isexe-2.0.0.tgz 446ms (cache miss)
5466 http fetch GET 200 https://registry.npmjs.org/clone/-/clone-1.0.4.tgz 453ms (cache miss)
5467 http fetch GET 200 https://registry.npmjs.org/unicode-property-aliases-ecmascript/-/unicode-property-aliases-ecmascript-2.2.0.tgz 459ms (cache miss)
5468 http fetch GET 200 https://registry.npmjs.org/escalade/-/escalade-3.2.0.tgz 459ms (cache miss)
5469 http fetch GET 200 https://registry.npmjs.org/unicode-canonical-property-names-ecmascript/-/unicode-canonical-property-names-ecmascript-2.0.1.tgz 464ms (cache miss)
5470 http fetch GET 200 https://registry.npmjs.org/require-directory/-/require-directory-2.1.1.tgz 513ms (cache miss)
5471 http fetch GET 200 https://registry.npmjs.org/thenify/-/thenify-3.3.1.tgz 531ms (cache miss)
5472 http fetch GET 200 https://registry.npmjs.org/thenify-all/-/thenify-all-1.6.0.tgz 530ms (cache miss)
5473 http fetch GET 200 https://registry.npmjs.org/supports-hyperlinks/-/supports-hyperlinks-2.3.0.tgz 530ms (cache miss)
5474 http fetch GET 200 https://registry.npmjs.org/ansi-escapes/-/ansi-escapes-4.3.2.tgz 531ms (cache miss)
5475 http fetch GET 200 https://registry.npmjs.org/lines-and-columns/-/lines-and-columns-1.2.4.tgz 530ms (cache miss)
5476 http fetch GET 200 https://registry.npmjs.org/esprima/-/esprima-4.0.1.tgz 547ms (cache miss)
5477 http fetch GET 200 https://registry.npmjs.org/get-caller-file/-/get-caller-file-2.0.5.tgz 547ms (cache miss)
5478 http fetch GET 200 https://registry.npmjs.org/defaults/-/defaults-1.0.4.tgz 538ms (cache miss)
5479 http fetch GET 200 https://registry.npmjs.org/is-number/-/is-number-7.0.0.tgz 544ms (cache miss)
5480 http fetch GET 200 https://registry.npmjs.org/fdir/-/fdir-6.5.0.tgz 566ms (cache miss)
5481 http fetch GET 200 https://registry.npmjs.org/read-cache/-/read-cache-1.0.0.tgz 558ms (cache miss)
5482 http fetch GET 200 https://registry.npmjs.org/mz/-/mz-2.7.0.tgz 570ms (cache miss)
5483 http fetch GET 200 https://registry.npmjs.org/is-extglob/-/is-extglob-2.1.1.tgz 567ms (cache miss)
5484 http fetch GET 200 https://registry.npmjs.org/run-parallel/-/run-parallel-1.2.0.tgz 566ms (cache miss)
5485 http fetch GET 200 https://registry.npmjs.org/camelcase-css/-/camelcase-css-2.0.1.tgz 569ms (cache miss)
5486 http fetch GET 200 https://registry.npmjs.org/queue-microtask/-/queue-microtask-1.2.3.tgz 579ms (cache miss)
5487 http fetch GET 200 https://registry.npmjs.org/merge2/-/merge2-1.4.1.tgz 616ms (cache miss)
5488 http fetch GET 200 https://registry.npmjs.org/is-binary-path/-/is-binary-path-2.1.0.tgz 615ms (cache miss)
5489 http fetch GET 200 https://registry.npmjs.org/sprintf-js/-/sprintf-js-1.0.3.tgz 655ms (cache miss)
5490 http fetch GET 200 https://registry.npmjs.org/postcss-import/-/postcss-import-15.1.0.tgz 633ms (cache miss)
5491 http fetch GET 200 https://registry.npmjs.org/pify/-/pify-2.3.0.tgz 633ms (cache miss)
5492 http fetch GET 200 https://registry.npmjs.org/postcss-js/-/postcss-js-4.1.0.tgz 650ms (cache miss)
5493 http fetch GET 200 https://registry.npmjs.org/object-hash/-/object-hash-3.0.0.tgz 649ms (cache miss)
5494 http fetch GET 200 https://registry.npmjs.org/binary-extensions/-/binary-extensions-2.3.0.tgz 658ms (cache miss)
5495 http fetch GET 200 https://registry.npmjs.org/is-glob/-/is-glob-4.0.3.tgz 649ms (cache miss)
5496 http fetch GET 200 https://registry.npmjs.org/@nodelib/fs.stat/-/fs.stat-2.0.5.tgz 651ms (cache miss)
5497 http fetch GET 200 https://registry.npmjs.org/glob-parent/-/glob-parent-6.0.2.tgz 652ms (cache miss)
5498 http fetch GET 200 https://registry.npmjs.org/tinyglobby/-/tinyglobby-0.2.16.tgz 698ms (cache miss)
5499 http fetch GET 200 https://registry.npmjs.org/readdirp/-/readdirp-3.6.0.tgz 689ms (cache miss)
5500 http fetch GET 200 https://registry.npmjs.org/tr46/-/tr46-0.0.3.tgz 722ms (cache miss)
5501 http fetch GET 200 https://registry.npmjs.org/shebang-regex/-/shebang-regex-3.0.0.tgz 709ms (cache miss)
5502 http fetch GET 200 https://registry.npmjs.org/is-arrayish/-/is-arrayish-0.3.4.tgz 710ms (cache miss)
5503 http fetch GET 200 https://registry.npmjs.org/lilconfig/-/lilconfig-2.1.0.tgz 713ms (cache miss)
5504 http fetch GET 200 https://registry.npmjs.org/has-flag/-/has-flag-4.0.0.tgz 713ms (cache miss)
5505 http fetch GET 200 https://registry.npmjs.org/y18n/-/y18n-5.0.8.tgz 753ms (cache miss)
5506 http fetch GET 200 https://registry.npmjs.org/mime/-/mime-1.6.0.tgz 728ms (cache miss)
5507 http fetch GET 200 https://registry.npmjs.org/setprototypeof/-/setprototypeof-1.2.0.tgz 729ms (cache miss)
5508 http fetch GET 200 https://registry.npmjs.org/reusify/-/reusify-1.1.0.tgz 752ms (cache miss)
5509 http fetch GET 200 https://registry.npmjs.org/buffer-from/-/buffer-from-1.1.2.tgz 744ms (cache miss)
5510 http fetch GET 200 https://registry.npmjs.org/range-parser/-/range-parser-1.2.1.tgz 743ms (cache miss)
5511 http fetch GET 200 https://registry.npmjs.org/destroy/-/destroy-1.2.0.tgz 743ms (cache miss)
5512 http fetch GET 200 https://registry.npmjs.org/depd/-/depd-2.0.0.tgz 742ms (cache miss)
5513 http fetch GET 200 https://registry.npmjs.org/fresh/-/fresh-0.5.2.tgz 744ms (cache miss)
5514 http fetch GET 200 https://registry.npmjs.org/toidentifier/-/toidentifier-1.0.1.tgz 755ms (cache miss)
5515 http fetch GET 200 https://registry.npmjs.org/didyoumean/-/didyoumean-1.2.2.tgz 755ms (cache miss)
5516 http fetch GET 200 https://registry.npmjs.org/@alloc/quick-lru/-/quick-lru-5.2.0.tgz 767ms (cache miss)
5517 http fetch GET 200 https://registry.npmjs.org/mimic-fn/-/mimic-fn-1.2.0.tgz 765ms (cache miss)
5518 http fetch GET 200 https://registry.npmjs.org/signal-exit/-/signal-exit-3.0.7.tgz 765ms (cache miss)
5519 http fetch GET 200 https://registry.npmjs.org/unicode-match-property-ecmascript/-/unicode-match-property-ecmascript-2.0.0.tgz 764ms (cache miss)
5520 http fetch GET 200 https://registry.npmjs.org/hasown/-/hasown-2.0.3.tgz 765ms (cache miss)
5521 http fetch GET 200 https://registry.npmjs.org/is-core-module/-/is-core-module-2.16.1.tgz 766ms (cache miss)
5522 http fetch GET 200 https://registry.npmjs.org/fastq/-/fastq-1.20.1.tgz 789ms (cache miss)
5523 http fetch GET 200 https://registry.npmjs.org/etag/-/etag-1.8.1.tgz 778ms (cache miss)
5524 http fetch GET 200 https://registry.npmjs.org/path-parse/-/path-parse-1.0.7.tgz 776ms (cache miss)
5525 http fetch GET 200 https://registry.npmjs.org/supports-preserve-symlinks-flag/-/supports-preserve-symlinks-flag-1.0.0.tgz 778ms (cache miss)
5526 http fetch GET 200 https://registry.npmjs.org/onetime/-/onetime-2.0.1.tgz 777ms (cache miss)
5527 http fetch GET 200 https://registry.npmjs.org/@jridgewell/source-map/-/source-map-0.3.11.tgz 812ms (cache miss)
5528 http fetch GET 200 https://registry.npmjs.org/cliui/-/cliui-8.0.1.tgz 817ms (cache miss)
5529 http fetch GET 200 https://registry.npmjs.org/postcss-load-config/-/postcss-load-config-4.0.2.tgz 795ms (cache miss)
5530 http fetch GET 200 https://registry.npmjs.org/ts-interface-checker/-/ts-interface-checker-0.1.13.tgz 805ms (cache miss)
5531 http fetch GET 200 https://registry.npmjs.org/http-errors/-/http-errors-2.0.1.tgz 791ms (cache miss)
5532 http fetch GET 200 https://registry.npmjs.org/@babel/plugin-transform-template-literals/-/plugin-transform-template-literals-7.27.1.tgz 788ms (cache miss)
5533 http fetch GET 200 https://registry.npmjs.org/dlv/-/dlv-1.1.3.tgz 806ms (cache miss)
5534 http fetch GET 200 https://registry.npmjs.org/whatwg-url/-/whatwg-url-5.0.0.tgz 801ms (cache miss)
5535 http fetch GET 200 https://registry.npmjs.org/regenerate/-/regenerate-1.4.2.tgz 801ms (cache miss)
5536 http fetch GET 200 https://registry.npmjs.org/hyphenate-style-name/-/hyphenate-style-name-1.1.0.tgz 803ms (cache miss)
5537 http fetch GET 200 https://registry.npmjs.org/fbjs-css-vars/-/fbjs-css-vars-1.0.2.tgz 810ms (cache miss)
5538 http fetch GET 200 https://registry.npmjs.org/domelementtype/-/domelementtype-2.3.0.tgz 810ms (cache miss)
5539 http fetch GET 200 https://registry.npmjs.org/regjsgen/-/regjsgen-0.8.0.tgz 825ms (cache miss)
5540 http fetch GET 200 https://registry.npmjs.org/unicode-match-property-value-ecmascript/-/unicode-match-property-value-ecmascript-2.2.1.tgz 825ms (cache miss)
5541 http fetch GET 200 https://registry.npmjs.org/nth-check/-/nth-check-2.1.1.tgz 823ms (cache miss)
5542 http fetch GET 200 https://registry.npmjs.org/object-assign/-/object-assign-4.1.1.tgz 838ms (cache miss)
5543 http fetch GET 200 https://registry.npmjs.org/styleq/-/styleq-0.1.3.tgz 837ms (cache miss)
5544 http fetch GET 200 https://registry.npmjs.org/setimmediate/-/setimmediate-1.0.5.tgz 837ms (cache miss)
5545 http fetch GET 200 https://registry.npmjs.org/boolbase/-/boolbase-1.0.0.tgz 836ms (cache miss)
5546 http fetch GET 200 https://registry.npmjs.org/fast-base64-decode/-/fast-base64-decode-1.0.0.tgz 835ms (cache miss)
5547 http fetch GET 200 https://registry.npmjs.org/p-try/-/p-try-2.2.0.tgz 836ms (cache miss)
5548 http fetch GET 200 https://registry.npmjs.org/p-limit/-/p-limit-2.3.0.tgz 844ms (cache miss)
5549 http fetch GET 200 https://registry.npmjs.org/stack-utils/-/stack-utils-2.0.6.tgz 851ms (cache miss)
5550 http fetch GET 200 https://registry.npmjs.org/normalize-path/-/normalize-path-3.0.0.tgz 852ms (cache miss)
5551 http fetch GET 200 https://registry.npmjs.org/jest-message-util/-/jest-message-util-29.7.0.tgz 851ms (cache miss)
5552 http fetch GET 200 https://registry.npmjs.org/anymatch/-/anymatch-3.1.3.tgz 852ms (cache miss)
5553 http fetch GET 200 https://registry.npmjs.org/@types/stack-utils/-/stack-utils-2.0.3.tgz 854ms (cache miss)
5554 http fetch GET 200 https://registry.npmjs.org/asap/-/asap-2.0.6.tgz 861ms (cache miss)
5555 http fetch GET 200 https://registry.npmjs.org/shell-quote/-/shell-quote-1.8.3.tgz 862ms (cache miss)
5556 http fetch GET 200 https://registry.npmjs.org/p-locate/-/p-locate-4.1.0.tgz 873ms (cache miss)
5557 http fetch GET 200 https://registry.npmjs.org/jest-mock/-/jest-mock-29.7.0.tgz 870ms (cache miss)
5558 http fetch GET 200 https://registry.npmjs.org/@types/graceful-fs/-/graceful-fs-4.1.9.tgz 872ms (cache miss)
5559 http fetch GET 200 https://registry.npmjs.org/path-exists/-/path-exists-4.0.0.tgz 883ms (cache miss)
5560 http fetch GET 200 https://registry.npmjs.org/locate-path/-/locate-path-5.0.0.tgz 884ms (cache miss)
5561 http fetch GET 200 https://registry.npmjs.org/@babel/plugin-syntax-top-level-await/-/plugin-syntax-top-level-await-7.14.5.tgz 885ms (cache miss)
5562 http fetch GET 200 https://registry.npmjs.org/type-detect/-/type-detect-4.0.8.tgz 884ms (cache miss)
5563 http fetch GET 200 https://registry.npmjs.org/es-errors/-/es-errors-1.3.0.tgz 907ms (cache miss)
5564 http fetch GET 200 https://registry.npmjs.org/fsevents/-/fsevents-2.3.3.tgz 901ms (cache miss)
5565 http fetch GET 200 https://registry.npmjs.org/@babel/plugin-syntax-private-property-in-object/-/plugin-syntax-private-property-in-object-7.14.5.tgz 899ms (cache miss)
5566 http fetch GET 200 https://registry.npmjs.org/@babel/plugin-syntax-numeric-separator/-/plugin-syntax-numeric-separator-7.10.4.tgz 899ms (cache miss)
5567 http fetch GET 200 https://registry.npmjs.org/@jest/environment/-/environment-29.7.0.tgz 901ms (cache miss)
5568 http fetch GET 200 https://registry.npmjs.org/@babel/plugin-syntax-import-meta/-/plugin-syntax-import-meta-7.10.4.tgz 898ms (cache miss)
5569 http fetch GET 200 https://registry.npmjs.org/@babel/plugin-syntax-import-attributes/-/plugin-syntax-import-attributes-7.28.6.tgz 900ms (cache miss)
5570 http fetch GET 200 https://registry.npmjs.org/@babel/plugin-syntax-optional-catch-binding/-/plugin-syntax-optional-catch-binding-7.8.3.tgz 901ms (cache miss)
5571 http fetch GET 200 https://registry.npmjs.org/@babel/plugin-syntax-json-strings/-/plugin-syntax-json-strings-7.8.3.tgz 900ms (cache miss)
5572 http fetch GET 200 https://registry.npmjs.org/@babel/plugin-syntax-class-properties/-/plugin-syntax-class-properties-7.12.13.tgz 918ms (cache miss)
5573 http fetch GET 200 https://registry.npmjs.org/@babel/plugin-syntax-bigint/-/plugin-syntax-bigint-7.8.3.tgz 918ms (cache miss)
5574 http fetch GET 200 https://registry.npmjs.org/function-bind/-/function-bind-1.1.2.tgz 939ms (cache miss)
5575 http fetch GET 200 https://registry.npmjs.org/ua-parser-js/-/ua-parser-js-1.0.41.tgz 936ms (cache miss)
5576 http fetch GET 200 https://registry.npmjs.org/@sinonjs/fake-timers/-/fake-timers-10.3.0.tgz 930ms (cache miss)
5577 http fetch GET 200 https://registry.npmjs.org/@babel/plugin-syntax-class-static-block/-/plugin-syntax-class-static-block-7.14.5.tgz 927ms (cache miss)
5578 http fetch GET 200 https://registry.npmjs.org/@babel/plugin-syntax-object-rest-spread/-/plugin-syntax-object-rest-spread-7.8.3.tgz 929ms (cache miss)
5579 http fetch GET 200 https://registry.npmjs.org/@babel/plugin-syntax-async-generators/-/plugin-syntax-async-generators-7.8.4.tgz 927ms (cache miss)
5580 http fetch GET 200 https://registry.npmjs.org/get-package-type/-/get-package-type-0.1.0.tgz 926ms (cache miss)
5581 http fetch GET 200 https://registry.npmjs.org/node-fetch/-/node-fetch-2.7.0.tgz 944ms (cache miss)
5582 http fetch GET 200 https://registry.npmjs.org/find-up/-/find-up-4.1.0.tgz 933ms (cache miss)
5583 http fetch GET 200 https://registry.npmjs.org/babel-plugin-jest-hoist/-/babel-plugin-jest-hoist-29.6.3.tgz 934ms (cache miss)
5584 http fetch GET 200 https://registry.npmjs.org/test-exclude/-/test-exclude-6.0.0.tgz 933ms (cache miss)
5585 http fetch GET 200 https://registry.npmjs.org/@babel/plugin-syntax-logical-assignment-operators/-/plugin-syntax-logical-assignment-operators-7.10.4.tgz 934ms (cache miss)
5586 http fetch GET 200 https://registry.npmjs.org/babel-preset-current-node-syntax/-/babel-preset-current-node-syntax-1.2.0.tgz 933ms (cache miss)
5587 http fetch GET 200 https://registry.npmjs.org/@istanbuljs/schema/-/schema-0.1.6.tgz 941ms (cache miss)
5588 http fetch GET 200 https://registry.npmjs.org/istanbul-lib-coverage/-/istanbul-lib-coverage-3.2.2.tgz 949ms (cache miss)
5589 http fetch GET 200 https://registry.npmjs.org/pirates/-/pirates-4.0.7.tgz 944ms (cache miss)
5590 http fetch GET 200 https://registry.npmjs.org/@types/babel__template/-/babel__template-7.4.4.tgz 944ms (cache miss)
5591 http fetch GET 200 https://registry.npmjs.org/jest-regex-util/-/jest-regex-util-29.6.3.tgz 944ms (cache miss)
5592 http fetch GET 200 https://registry.npmjs.org/@istanbuljs/load-nyc-config/-/load-nyc-config-1.1.0.tgz 945ms (cache miss)
5593 http fetch GET 200 https://registry.npmjs.org/slash/-/slash-3.0.0.tgz 952ms (cache miss)
5594 http fetch GET 200 https://registry.npmjs.org/fast-json-stable-stringify/-/fast-json-stable-stringify-2.1.0.tgz 953ms (cache miss)
5595 http fetch GET 200 https://registry.npmjs.org/babel-preset-jest/-/babel-preset-jest-29.6.3.tgz 961ms (cache miss)
5596 http fetch GET 200 https://registry.npmjs.org/@types/babel__generator/-/babel__generator-7.27.0.tgz 962ms (cache miss)
5597 http fetch GET 200 https://registry.npmjs.org/@types/babel__traverse/-/babel__traverse-7.28.0.tgz 969ms (cache miss)
5598 http fetch GET 200 https://registry.npmjs.org/write-file-atomic/-/write-file-atomic-4.0.2.tgz 968ms (cache miss)
5599 http fetch GET 200 https://registry.npmjs.org/@jest/transform/-/transform-29.7.0.tgz 968ms (cache miss)
5600 http fetch GET 200 https://registry.npmjs.org/ansi-regex/-/ansi-regex-5.0.1.tgz 968ms (cache miss)
5601 http fetch GET 200 https://registry.npmjs.org/babel-plugin-istanbul/-/babel-plugin-istanbul-6.1.1.tgz 978ms (cache miss)
5602 http fetch GET 200 https://registry.npmjs.org/regenerator-runtime/-/regenerator-runtime-0.13.11.tgz 978ms (cache miss)
5603 http fetch GET 200 https://registry.npmjs.org/type-fest/-/type-fest-0.7.1.tgz 1004ms (cache miss)
5604 http fetch GET 200 https://registry.npmjs.org/chokidar/-/chokidar-3.6.0.tgz 1006ms (cache miss)
5605 http fetch GET 200 https://registry.npmjs.org/regjsparser/-/regjsparser-0.13.1.tgz 1002ms (cache miss)
5606 http fetch GET 200 https://registry.npmjs.org/@jest/fake-timers/-/fake-timers-29.7.0.tgz 994ms (cache miss)
5607 http fetch GET 200 https://registry.npmjs.org/memoize-one/-/memoize-one-5.2.1.tgz 986ms (cache miss)
5608 http fetch GET 200 https://registry.npmjs.org/react-freeze/-/react-freeze-1.0.4.tgz 1004ms (cache miss)
5609 http fetch GET 200 https://registry.npmjs.org/whatwg-fetch/-/whatwg-fetch-3.6.20.tgz 992ms (cache miss)
5610 http fetch GET 200 https://registry.npmjs.org/jest-environment-node/-/jest-environment-node-29.7.0.tgz 991ms (cache miss)
5611 http fetch GET 200 https://registry.npmjs.org/babel-jest/-/babel-jest-29.7.0.tgz 996ms (cache miss)
5612 http fetch GET 200 https://registry.npmjs.org/split-on-first/-/split-on-first-1.1.0.tgz 1009ms (cache miss)
5613 http fetch GET 200 https://registry.npmjs.org/strict-uri-encode/-/strict-uri-encode-2.0.0.tgz 1010ms (cache miss)
5614 http fetch GET 200 https://registry.npmjs.org/inherits/-/inherits-2.0.4.tgz 1010ms (cache miss)
5615 http fetch GET 200 https://registry.npmjs.org/decode-uri-component/-/decode-uri-component-0.2.2.tgz 1014ms (cache miss)
5616 http fetch GET 200 https://registry.npmjs.org/filter-obj/-/filter-obj-1.1.0.tgz 1014ms (cache miss)
5617 http fetch GET 200 https://registry.npmjs.org/once/-/once-1.4.0.tgz 1020ms (cache miss)
5618 http fetch GET 200 https://registry.npmjs.org/acorn/-/acorn-8.16.0.tgz 1077ms (cache miss)
5619 http fetch GET 200 https://registry.npmjs.org/sisteransi/-/sisteransi-1.0.5.tgz 1032ms (cache miss)
5620 http fetch GET 200 https://registry.npmjs.org/end-of-stream/-/end-of-stream-1.4.5.tgz 1032ms (cache miss)
5621 http fetch GET 200 https://registry.npmjs.org/wrappy/-/wrappy-1.0.2.tgz 1042ms (cache miss)
5622 http fetch GET 200 https://registry.npmjs.org/yargs-parser/-/yargs-parser-21.1.1.tgz 1110ms (cache miss)
5623 http fetch GET 200 https://registry.npmjs.org/cross-fetch/-/cross-fetch-3.2.0.tgz 1077ms (cache miss)
5624 http fetch GET 200 https://registry.npmjs.org/extend/-/extend-3.0.2.tgz 1070ms (cache miss)
5625 http fetch GET 200 https://registry.npmjs.org/plist/-/plist-3.1.0.tgz 1129ms (cache miss)
5626 http fetch GET 200 https://registry.npmjs.org/@types/babel__core/-/babel__core-7.20.5.tgz 1086ms (cache miss)
5627 http fetch GET 200 https://registry.npmjs.org/cssesc/-/cssesc-3.0.0.tgz 1080ms (cache miss)
5628 http fetch GET 200 https://registry.npmjs.org/util-deprecate/-/util-deprecate-1.0.2.tgz 1096ms (cache miss)
5629 http fetch GET 200 https://registry.npmjs.org/log-symbols/-/log-symbols-2.2.0.tgz 1105ms (cache miss)
5630 http fetch GET 200 https://registry.npmjs.org/wcwidth/-/wcwidth-1.0.1.tgz 1113ms (cache miss)
5631 http fetch GET 200 https://registry.npmjs.org/kleur/-/kleur-3.0.3.tgz 1120ms (cache miss)
5632 http fetch GET 200 https://registry.npmjs.org/cli-cursor/-/cli-cursor-2.1.0.tgz 1121ms (cache miss)
5633 http fetch GET 200 https://registry.npmjs.org/simple-plist/-/simple-plist-1.3.1.tgz 1181ms (cache miss)
5634 http fetch GET 200 https://registry.npmjs.org/event-target-shim/-/event-target-shim-5.0.1.tgz 1136ms (cache miss)
5635 http fetch GET 200 https://registry.npmjs.org/cli-spinners/-/cli-spinners-2.9.2.tgz 1128ms (cache miss)
5636 http fetch GET 200 https://registry.npmjs.org/strip-ansi/-/strip-ansi-5.2.0.tgz 1135ms (cache miss)
5637 http fetch GET 200 https://registry.npmjs.org/restore-cursor/-/restore-cursor-2.0.0.tgz 1136ms (cache miss)
5638 http fetch GET 200 https://registry.npmjs.org/css-color-keywords/-/css-color-keywords-1.0.0.tgz 1146ms (cache miss)
5639 http fetch GET 200 https://registry.npmjs.org/istanbul-lib-instrument/-/istanbul-lib-instrument-5.2.1.tgz 1168ms (cache miss)
5640 http fetch GET 200 https://registry.npmjs.org/@jest/create-cache-key-function/-/create-cache-key-function-29.7.0.tgz 1160ms (cache miss)
5641 http fetch GET 200 https://registry.npmjs.org/@react-native/assets-registry/-/assets-registry-0.83.6.tgz 1161ms (cache miss)
5642 http fetch GET 200 https://registry.npmjs.org/hosted-git-info/-/hosted-git-info-7.0.2.tgz 1156ms (cache miss)
5643 http fetch GET 200 https://registry.npmjs.org/validate-npm-package-name/-/validate-npm-package-name-5.0.1.tgz 1157ms (cache miss)
5644 http fetch GET 200 https://registry.npmjs.org/proc-log/-/proc-log-4.2.0.tgz 1156ms (cache miss)
5645 http fetch GET 200 https://registry.npmjs.org/camelize/-/camelize-1.0.1.tgz 1170ms (cache miss)
5646 http fetch GET 200 https://registry.npmjs.org/postcss-nested/-/postcss-nested-5.0.6.tgz 1178ms (cache miss)
5647 http fetch GET 200 https://registry.npmjs.org/fill-range/-/fill-range-7.1.1.tgz 1186ms (cache miss)
5648 http fetch GET 200 https://registry.npmjs.org/brace-expansion/-/brace-expansion-5.0.5.tgz 1189ms (cache miss)
5649 http fetch GET 200 https://registry.npmjs.org/to-regex-range/-/to-regex-range-5.0.1.tgz 1199ms (cache miss)
5650 http fetch GET 200 https://registry.npmjs.org/css-mediaquery/-/css-mediaquery-0.1.2.tgz 1198ms (cache miss)
5651 http fetch GET 200 https://registry.npmjs.org/node-int64/-/node-int64-0.4.0.tgz 1199ms (cache miss)
5652 http fetch GET 200 https://registry.npmjs.org/balanced-match/-/balanced-match-4.0.4.tgz 1213ms (cache miss)
5653 http fetch GET 200 https://registry.npmjs.org/ee-first/-/ee-first-1.1.1.tgz 1213ms (cache miss)
5654 http fetch GET 200 https://registry.npmjs.org/vlq/-/vlq-1.0.1.tgz 1213ms (cache miss)
5655 http fetch GET 200 https://registry.npmjs.org/ob1/-/ob1-0.83.6.tgz 1213ms (cache miss)
5656 http fetch GET 200 https://registry.npmjs.org/any-promise/-/any-promise-1.3.0.tgz 1268ms (cache miss)
5657 http fetch GET 200 https://registry.npmjs.org/walker/-/walker-1.0.8.tgz 1220ms (cache miss)
5658 http fetch GET 200 https://registry.npmjs.org/leven/-/leven-3.1.0.tgz 1220ms (cache miss)
5659 http fetch GET 200 https://registry.npmjs.org/postcss-value-parser/-/postcss-value-parser-4.2.0.tgz 1233ms (cache miss)
5660 http fetch GET 200 https://registry.npmjs.org/micromatch/-/micromatch-4.0.8.tgz 1237ms (cache miss)
5661 http fetch GET 200 https://registry.npmjs.org/fb-watchman/-/fb-watchman-2.0.2.tgz 1241ms (cache miss)
5662 http fetch GET 200 https://registry.npmjs.org/jest-validate/-/jest-validate-29.7.0.tgz 1242ms (cache miss)
5663 http fetch GET 200 https://registry.npmjs.org/jest-get-type/-/jest-get-type-29.6.3.tgz 1242ms (cache miss)
5664 http fetch GET 200 https://registry.npmjs.org/https-proxy-agent/-/https-proxy-agent-7.0.6.tgz 1270ms (cache miss)
5665 http fetch GET 200 https://registry.npmjs.org/dom-serializer/-/dom-serializer-2.0.0.tgz 1301ms (cache miss)
5666 http fetch GET 200 https://registry.npmjs.org/postcss-color-functional-notation/-/postcss-color-functional-notation-4.2.4.tgz 1280ms (cache miss)
5667 http fetch GET 200 https://registry.npmjs.org/bser/-/bser-2.1.1.tgz 1277ms (cache miss)
5668 http fetch GET 200 https://registry.npmjs.org/camelcase/-/camelcase-6.3.0.tgz 1278ms (cache miss)
5669 http fetch GET 200 https://registry.npmjs.org/scheduler/-/scheduler-0.27.0.tgz 1295ms (cache miss)
5670 http fetch GET 200 https://registry.npmjs.org/exponential-backoff/-/exponential-backoff-3.1.3.tgz 1299ms (cache miss)
5671 http fetch GET 200 https://registry.npmjs.org/@types/yargs/-/yargs-17.0.35.tgz 1320ms (cache miss)
5672 http fetch GET 200 https://registry.npmjs.org/@types/istanbul-reports/-/istanbul-reports-3.0.4.tgz 1320ms (cache miss)
5673 http fetch GET 200 https://registry.npmjs.org/merge-stream/-/merge-stream-2.0.0.tgz 1320ms (cache miss)
5674 http fetch GET 200 https://registry.npmjs.org/@types/istanbul-lib-report/-/istanbul-lib-report-3.0.3.tgz 1321ms (cache miss)
5675 http fetch GET 200 https://registry.npmjs.org/@types/yargs-parser/-/yargs-parser-21.0.3.tgz 1322ms (cache miss)
5676 http fetch GET 200 https://registry.npmjs.org/@jest/schemas/-/schemas-29.6.3.tgz 1333ms (cache miss)
5677 http fetch GET 200 https://registry.npmjs.org/@types/istanbul-lib-coverage/-/istanbul-lib-coverage-2.0.6.tgz 1334ms (cache miss)
5678 http fetch GET 200 https://registry.npmjs.org/stackframe/-/stackframe-1.3.4.tgz 1334ms (cache miss)
5679 http fetch GET 200 https://registry.npmjs.org/queue/-/queue-6.0.2.tgz 1334ms (cache miss)
5680 http fetch GET 200 https://registry.npmjs.org/abort-controller/-/abort-controller-3.0.0.tgz 1357ms (cache miss)
5681 http fetch GET 200 https://registry.npmjs.org/braces/-/braces-3.0.3.tgz 1362ms (cache miss)
5682 http fetch GET 200 https://registry.npmjs.org/throat/-/throat-5.0.0.tgz 1357ms (cache miss)
5683 http fetch GET 200 https://registry.npmjs.org/error-stack-parser/-/error-stack-parser-2.1.4.tgz 1370ms (cache miss)
5684 http fetch GET 200 https://registry.npmjs.org/domhandler/-/domhandler-5.0.3.tgz 1409ms (cache miss)
5685 http fetch GET 200 https://registry.npmjs.org/is-plain-obj/-/is-plain-obj-2.1.0.tgz 1384ms (cache miss)
5686 http fetch GET 200 https://registry.npmjs.org/detect-libc/-/detect-libc-2.1.2.tgz 1385ms (cache miss)
5687 http fetch GET 200 https://registry.npmjs.org/serialize-error/-/serialize-error-2.1.0.tgz 1386ms (cache miss)
5688 http fetch GET 200 https://registry.npmjs.org/lodash.throttle/-/lodash.throttle-4.1.1.tgz 1387ms (cache miss)
5689 http fetch GET 200 https://registry.npmjs.org/json-buffer/-/json-buffer-3.0.1.tgz 1401ms (cache miss)
5690 http fetch GET 200 https://registry.npmjs.org/flow-enums-runtime/-/flow-enums-runtime-0.0.6.tgz 1415ms (cache miss)
5691 http fetch GET 200 https://registry.npmjs.org/yallist/-/yallist-3.1.1.tgz 1425ms (cache miss)
5692 http fetch GET 200 https://registry.npmjs.org/resolve-alpn/-/resolve-alpn-1.2.1.tgz 1426ms (cache miss)
5693 http fetch GET 200 https://registry.npmjs.org/is-docker/-/is-docker-2.2.1.tgz 1427ms (cache miss)
5694 http fetch GET 200 https://registry.npmjs.org/mimic-response/-/mimic-response-1.0.1.tgz 1445ms (cache miss)
5695 http fetch GET 200 https://registry.npmjs.org/pump/-/pump-3.0.4.tgz 1445ms (cache miss)
5696 http fetch GET 200 https://registry.npmjs.org/keyv/-/keyv-4.5.4.tgz 1445ms (cache miss)
5697 http fetch GET 200 https://registry.npmjs.org/quick-lru/-/quick-lru-5.1.1.tgz 1446ms (cache miss)
5698 http fetch GET 200 https://registry.npmjs.org/loose-envify/-/loose-envify-1.4.0.tgz 1447ms (cache miss)
5699 http fetch GET 200 https://registry.npmjs.org/graceful-fs/-/graceful-fs-4.2.11.tgz 1465ms (cache miss)
5700 http fetch GET 200 https://registry.npmjs.org/@nodelib/fs.scandir/-/fs.scandir-2.1.5.tgz 1524ms (cache miss)
5701 http fetch GET 200 https://registry.npmjs.org/clone-response/-/clone-response-1.0.3.tgz 1476ms (cache miss)
5702 http fetch GET 200 https://registry.npmjs.org/@react-native/js-polyfills/-/js-polyfills-0.83.6.tgz 1496ms (cache miss)
5703 http fetch GET 200 https://registry.npmjs.org/get-stream/-/get-stream-5.2.0.tgz 1477ms (cache miss)
5704 http fetch GET 200 https://registry.npmjs.org/http-cache-semantics/-/http-cache-semantics-4.2.0.tgz 1488ms (cache miss)
5705 http fetch GET 200 https://registry.npmjs.org/responselike/-/responselike-2.0.1.tgz 1481ms (cache miss)
5706 http fetch GET 200 https://registry.npmjs.org/defer-to-connect/-/defer-to-connect-2.0.1.tgz 1482ms (cache miss)
5707 http fetch GET 200 https://registry.npmjs.org/lowercase-keys/-/lowercase-keys-2.0.0.tgz 1490ms (cache miss)
5708 http fetch GET 200 https://registry.npmjs.org/normalize-url/-/normalize-url-6.1.0.tgz 1491ms (cache miss)
5709 http fetch GET 200 https://registry.npmjs.org/cacheable-lookup/-/cacheable-lookup-5.0.4.tgz 1489ms (cache miss)
5710 http fetch GET 200 https://registry.npmjs.org/@types/keyv/-/keyv-3.1.4.tgz 1497ms (cache miss)
5711 http fetch GET 200 https://registry.npmjs.org/decompress-response/-/decompress-response-6.0.0.tgz 1490ms (cache miss)
5712 http fetch GET 200 https://registry.npmjs.org/argparse/-/argparse-2.0.1.tgz 1509ms (cache miss)
5713 http fetch GET 200 https://registry.npmjs.org/@types/cacheable-request/-/cacheable-request-6.0.3.tgz 1501ms (cache miss)
5714 http fetch GET 200 https://registry.npmjs.org/cacheable-request/-/cacheable-request-7.0.4.tgz 1500ms (cache miss)
5715 http fetch GET 200 https://registry.npmjs.org/on-finished/-/on-finished-2.3.0.tgz 1500ms (cache miss)
5716 http fetch GET 200 https://registry.npmjs.org/agent-base/-/agent-base-7.1.4.tgz 1526ms (cache miss)
5717 http fetch GET 200 https://registry.npmjs.org/@szmarczak/http-timer/-/http-timer-4.0.6.tgz 1512ms (cache miss)
5718 http fetch GET 200 https://registry.npmjs.org/p-cancelable/-/p-cancelable-2.1.1.tgz 1513ms (cache miss)
5719 http fetch GET 200 https://registry.npmjs.org/@types/http-cache-semantics/-/http-cache-semantics-4.2.0.tgz 1512ms (cache miss)
5720 http fetch GET 200 https://registry.npmjs.org/statuses/-/statuses-1.5.0.tgz 1513ms (cache miss)
5721 http fetch GET 200 https://registry.npmjs.org/@jest/types/-/types-29.6.3.tgz 1540ms (cache miss)
5722 http fetch GET 200 https://registry.npmjs.org/@types/responselike/-/responselike-1.0.3.tgz 1528ms (cache miss)
5723 http fetch GET 200 https://registry.npmjs.org/escape-html/-/escape-html-1.0.3.tgz 1526ms (cache miss)
5724 http fetch GET 200 https://registry.npmjs.org/unpipe/-/unpipe-1.0.0.tgz 1528ms (cache miss)
5725 http fetch GET 200 https://registry.npmjs.org/marky/-/marky-1.3.0.tgz 1548ms (cache miss)
5726 http fetch GET 200 https://registry.npmjs.org/react-native-is-edge-to-edge/-/react-native-is-edge-to-edge-1.3.1.tgz 1536ms (cache miss)
5727 http fetch GET 200 https://registry.npmjs.org/utils-merge/-/utils-merge-1.0.1.tgz 1535ms (cache miss)
5728 http fetch GET 200 https://registry.npmjs.org/shebang-command/-/shebang-command-2.0.0.tgz 1537ms (cache miss)
5729 http fetch GET 200 https://registry.npmjs.org/path-key/-/path-key-3.1.1.tgz 1537ms (cache miss)
5730 http fetch GET 200 https://registry.npmjs.org/which/-/which-2.0.2.tgz 1545ms (cache miss)
5731 http fetch GET 200 https://registry.npmjs.org/encodeurl/-/encodeurl-1.0.2.tgz 1547ms (cache miss)
5732 http fetch GET 200 https://registry.npmjs.org/finalhandler/-/finalhandler-1.1.2.tgz 1547ms (cache miss)
5733 http fetch GET 200 https://registry.npmjs.org/source-map-js/-/source-map-js-1.2.1.tgz 1584ms (cache miss)
5734 http fetch GET 200 https://registry.npmjs.org/vary/-/vary-1.1.2.tgz 1558ms (cache miss)
5735 http fetch GET 200 https://registry.npmjs.org/on-headers/-/on-headers-1.1.0.tgz 1558ms (cache miss)
5736 http fetch GET 200 https://registry.npmjs.org/safe-buffer/-/safe-buffer-5.2.1.tgz 1574ms (cache miss)
5737 http fetch GET 200 https://registry.npmjs.org/mkdirp/-/mkdirp-1.0.4.tgz 1573ms (cache miss)
5738 http fetch GET 200 https://registry.npmjs.org/compressible/-/compressible-2.0.18.tgz 1573ms (cache miss)
5739 http fetch GET 200 https://registry.npmjs.org/supports-color/-/supports-color-7.2.0.tgz 1572ms (cache miss)
5740 http fetch GET 200 https://registry.npmjs.org/rimraf/-/rimraf-3.0.2.tgz 1574ms (cache miss)
5741 warn deprecated rimraf@3.0.2: Rimraf versions prior to v4 are no longer supported
5742 http fetch GET 200 https://registry.npmjs.org/bytes/-/bytes-3.1.2.tgz 1574ms (cache miss)
5743 http fetch GET 200 https://registry.npmjs.org/fontfaceobserver/-/fontfaceobserver-2.3.0.tgz 1588ms (cache miss)
5744 http fetch GET 200 https://registry.npmjs.org/ansi-styles/-/ansi-styles-4.3.0.tgz 1586ms (cache miss)
5745 http fetch GET 200 https://registry.npmjs.org/parseurl/-/parseurl-1.3.3.tgz 1587ms (cache miss)
5746 http fetch GET 200 https://registry.npmjs.org/lodash.debounce/-/lodash.debounce-4.0.8.tgz 1585ms (cache miss)
5747 http fetch GET 200 https://registry.npmjs.org/is-wsl/-/is-wsl-2.2.0.tgz 1587ms (cache miss)
5748 http fetch GET 200 https://registry.npmjs.org/commander/-/commander-7.2.0.tgz 1606ms (cache miss)
5749 http fetch GET 200 https://registry.npmjs.org/lighthouse-logger/-/lighthouse-logger-1.4.2.tgz 1604ms (cache miss)
5750 http fetch GET 200 https://registry.npmjs.org/postcss-css-variables/-/postcss-css-variables-0.18.0.tgz 1672ms (cache miss)
5751 http fetch GET 200 https://registry.npmjs.org/@sindresorhus/is/-/is-4.6.0.tgz 1651ms (cache miss)
5752 http fetch GET 200 https://registry.npmjs.org/@babel/helper-wrap-function/-/helper-wrap-function-7.28.6.tgz 1644ms (cache miss)
5753 http fetch GET 200 https://registry.npmjs.org/@babel/plugin-transform-react-jsx-self/-/plugin-transform-react-jsx-self-7.27.1.tgz 1643ms (cache miss)
5754 http fetch GET 200 https://registry.npmjs.org/@babel/helper-create-regexp-features-plugin/-/helper-create-regexp-features-plugin-7.28.5.tgz 1646ms (cache miss)
5755 http fetch GET 200 https://registry.npmjs.org/@babel/plugin-transform-sticky-regex/-/plugin-transform-sticky-regex-7.27.1.tgz 1645ms (cache miss)
5756 http fetch GET 200 https://registry.npmjs.org/@babel/helper-remap-async-to-generator/-/helper-remap-async-to-generator-7.27.1.tgz 1646ms (cache miss)
5757 http fetch GET 200 https://registry.npmjs.org/@babel/plugin-transform-shorthand-properties/-/plugin-transform-shorthand-properties-7.27.1.tgz 1658ms (cache miss)
5758 http fetch GET 200 https://registry.npmjs.org/@babel/plugin-transform-unicode-regex/-/plugin-transform-unicode-regex-7.27.1.tgz 1666ms (cache miss)
5759 http fetch GET 200 https://registry.npmjs.org/@babel/plugin-transform-optional-catch-binding/-/plugin-transform-optional-catch-binding-7.28.6.tgz 1666ms (cache miss)
5760 http fetch GET 200 https://registry.npmjs.org/@babel/plugin-transform-nullish-coalescing-operator/-/plugin-transform-nullish-coalescing-operator-7.28.6.tgz 1666ms (cache miss)
5761 http fetch GET 200 https://registry.npmjs.org/big-integer/-/big-integer-1.6.52.tgz 1681ms (cache miss)
5762 http fetch GET 200 https://registry.npmjs.org/@babel/plugin-transform-react-jsx-source/-/plugin-transform-react-jsx-source-7.27.1.tgz 1677ms (cache miss)
5763 http fetch GET 200 https://registry.npmjs.org/@babel/plugin-transform-spread/-/plugin-transform-spread-7.28.6.tgz 1678ms (cache miss)
5764 http fetch GET 200 https://registry.npmjs.org/@nodelib/fs.walk/-/fs.walk-1.2.8.tgz 1757ms (cache miss)
5765 http fetch GET 200 https://registry.npmjs.org/mime-db/-/mime-db-1.54.0.tgz 1700ms (cache miss)
5766 http fetch GET 200 https://registry.npmjs.org/@babel/plugin-transform-optional-chaining/-/plugin-transform-optional-chaining-7.28.6.tgz 1697ms (cache miss)
5767 http fetch GET 200 https://registry.npmjs.org/@babel/plugin-transform-logical-assignment-operators/-/plugin-transform-logical-assignment-operators-7.28.6.tgz 1696ms (cache miss)
5768 http fetch GET 200 https://registry.npmjs.org/@babel/plugin-transform-for-of/-/plugin-transform-for-of-7.27.1.tgz 1696ms (cache miss)
5769 http fetch GET 200 https://registry.npmjs.org/@babel/plugin-transform-function-name/-/plugin-transform-function-name-7.27.1.tgz 1709ms (cache miss)
5770 http fetch GET 200 https://registry.npmjs.org/@babel/plugin-transform-numeric-separator/-/plugin-transform-numeric-separator-7.28.6.tgz 1708ms (cache miss)
5771 http fetch GET 200 https://registry.npmjs.org/@babel/plugin-transform-literals/-/plugin-transform-literals-7.27.1.tgz 1709ms (cache miss)
5772 http fetch GET 200 https://registry.npmjs.org/@babel/plugin-transform-named-capturing-groups-regex/-/plugin-transform-named-capturing-groups-regex-7.29.0.tgz 1718ms (cache miss)
5773 http fetch GET 200 https://registry.npmjs.org/@babel/plugin-syntax-optional-chaining/-/plugin-syntax-optional-chaining-7.8.3.tgz 1716ms (cache miss)
5774 http fetch GET 200 https://registry.npmjs.org/@babel/plugin-transform-arrow-functions/-/plugin-transform-arrow-functions-7.27.1.tgz 1717ms (cache miss)
5775 http fetch GET 200 https://registry.npmjs.org/@babel/plugin-transform-computed-properties/-/plugin-transform-computed-properties-7.28.6.tgz 1717ms (cache miss)
5776 http fetch GET 200 https://registry.npmjs.org/@babel/plugin-transform-class-properties/-/plugin-transform-class-properties-7.28.6.tgz 1718ms (cache miss)
5777 http fetch GET 200 https://registry.npmjs.org/@babel/plugin-transform-async-to-generator/-/plugin-transform-async-to-generator-7.28.6.tgz 1716ms (cache miss)
5778 http fetch GET 200 https://registry.npmjs.org/@babel/plugin-syntax-nullish-coalescing-operator/-/plugin-syntax-nullish-coalescing-operator-7.8.3.tgz 1729ms (cache miss)
5779 http fetch GET 200 https://registry.npmjs.org/@babel/plugin-syntax-dynamic-import/-/plugin-syntax-dynamic-import-7.8.3.tgz 1740ms (cache miss)
5780 http fetch GET 200 https://registry.npmjs.org/@babel/plugin-syntax-typescript/-/plugin-syntax-typescript-7.28.6.tgz 1741ms (cache miss)
5781 http fetch GET 200 https://registry.npmjs.org/@babel/plugin-transform-react-display-name/-/plugin-transform-react-display-name-7.28.0.tgz 1752ms (cache miss)
5782 http fetch GET 200 https://registry.npmjs.org/@babel/plugin-transform-react-pure-annotations/-/plugin-transform-react-pure-annotations-7.27.1.tgz 1753ms (cache miss)
5783 http fetch GET 200 https://registry.npmjs.org/babel-plugin-polyfill-regenerator/-/babel-plugin-polyfill-regenerator-0.6.8.tgz 1754ms (cache miss)
5784 http fetch GET 200 https://registry.npmjs.org/mdn-data/-/mdn-data-2.0.14.tgz 1819ms (cache miss)
5785 http fetch GET 200 https://registry.npmjs.org/@babel/helper-skip-transparent-expression-wrappers/-/helper-skip-transparent-expression-wrappers-7.27.1.tgz 1762ms (cache miss)
5786 http fetch GET 200 https://registry.npmjs.org/@babel/plugin-transform-react-jsx-development/-/plugin-transform-react-jsx-development-7.27.1.tgz 1763ms (cache miss)
5787 http fetch GET 200 https://registry.npmjs.org/@babel/plugin-syntax-jsx/-/plugin-syntax-jsx-7.28.6.tgz 1764ms (cache miss)
5788 http fetch GET 200 https://registry.npmjs.org/@babel/helper-optimise-call-expression/-/helper-optimise-call-expression-7.27.1.tgz 1774ms (cache miss)
5789 http fetch GET 200 https://registry.npmjs.org/@babel/plugin-transform-destructuring/-/plugin-transform-destructuring-7.28.5.tgz 1774ms (cache miss)
5790 http fetch GET 200 https://registry.npmjs.org/@babel/helper-annotate-as-pure/-/helper-annotate-as-pure-7.27.3.tgz 1778ms (cache miss)
5791 http fetch GET 200 https://registry.npmjs.org/babel-plugin-react-native-web/-/babel-plugin-react-native-web-0.21.2.tgz 1778ms (cache miss)
5792 http fetch GET 200 https://registry.npmjs.org/babel-plugin-transform-flow-enums/-/babel-plugin-transform-flow-enums-0.0.2.tgz 1779ms (cache miss)
5793 http fetch GET 200 https://registry.npmjs.org/babel-plugin-syntax-hermes-parser/-/babel-plugin-syntax-hermes-parser-0.32.1.tgz 1785ms (cache miss)
5794 http fetch GET 200 https://registry.npmjs.org/@babel/plugin-syntax-decorators/-/plugin-syntax-decorators-7.28.6.tgz 1786ms (cache miss)
5795 http fetch GET 200 https://registry.npmjs.org/@babel/helper-replace-supers/-/helper-replace-supers-7.28.6.tgz 1787ms (cache miss)
5796 http fetch GET 200 https://registry.npmjs.org/@babel/preset-typescript/-/preset-typescript-7.28.5.tgz 1794ms (cache miss)
5797 http fetch GET 200 https://registry.npmjs.org/@react-native/babel-plugin-codegen/-/babel-plugin-codegen-0.83.6.tgz 1804ms (cache miss)
5798 http fetch GET 200 https://registry.npmjs.org/@babel/plugin-transform-private-property-in-object/-/plugin-transform-private-property-in-object-7.28.6.tgz 1795ms (cache miss)
5799 http fetch GET 200 https://registry.npmjs.org/@babel/plugin-transform-private-methods/-/plugin-transform-private-methods-7.28.6.tgz 1802ms (cache miss)
5800 http fetch GET 200 https://registry.npmjs.org/@babel/preset-react/-/preset-react-7.28.5.tgz 1802ms (cache miss)
5801 http fetch GET 200 https://registry.npmjs.org/@babel/plugin-transform-flow-strip-types/-/plugin-transform-flow-strip-types-7.27.1.tgz 1801ms (cache miss)
5802 http fetch GET 200 https://registry.npmjs.org/@babel/plugin-transform-classes/-/plugin-transform-classes-7.28.6.tgz 1824ms (cache miss)
5803 http fetch GET 200 https://registry.npmjs.org/regexpu-core/-/regexpu-core-6.4.0.tgz 1829ms (cache miss)
5804 http fetch GET 200 https://registry.npmjs.org/@babel/plugin-transform-class-static-block/-/plugin-transform-class-static-block-7.28.6.tgz 1818ms (cache miss)
5805 http fetch GET 200 https://registry.npmjs.org/@babel/plugin-transform-object-rest-spread/-/plugin-transform-object-rest-spread-7.28.6.tgz 1830ms (cache miss)
5806 http fetch GET 200 https://registry.npmjs.org/mime-types/-/mime-types-2.1.35.tgz 1830ms (cache miss)
5807 http fetch GET 200 https://registry.npmjs.org/negotiator/-/negotiator-0.6.3.tgz 1844ms (cache miss)
5808 http fetch GET 200 https://registry.npmjs.org/@babel/plugin-proposal-export-default-from/-/plugin-proposal-export-default-from-7.27.1.tgz 1845ms (cache miss)
5809 http fetch GET 200 https://registry.npmjs.org/serve-static/-/serve-static-1.16.3.tgz 1855ms (cache miss)
5810 http fetch GET 200 https://registry.npmjs.org/open/-/open-7.4.2.tgz 1855ms (cache miss)
5811 http fetch GET 200 https://registry.npmjs.org/nullthrows/-/nullthrows-1.1.1.tgz 1856ms (cache miss)
5812 http fetch GET 200 https://registry.npmjs.org/jest-haste-map/-/jest-haste-map-29.7.0.tgz 1931ms (cache miss)
5813 http fetch GET 200 https://registry.npmjs.org/http2-wrapper/-/http2-wrapper-1.0.3.tgz 1913ms (cache miss)
5814 http fetch GET 200 https://registry.npmjs.org/@babel/plugin-transform-react-jsx/-/plugin-transform-react-jsx-7.28.6.tgz 1899ms (cache miss)
5815 http fetch GET 200 https://registry.npmjs.org/@babel/plugin-proposal-decorators/-/plugin-proposal-decorators-7.29.0.tgz 1894ms (cache miss)
5816 http fetch GET 200 https://registry.npmjs.org/@babel/helper-member-expression-to-functions/-/helper-member-expression-to-functions-7.28.5.tgz 1895ms (cache miss)
5817 http fetch GET 200 https://registry.npmjs.org/@isaacs/ttlcache/-/ttlcache-1.4.1.tgz 1893ms (cache miss)
5818 http fetch GET 200 https://registry.npmjs.org/babel-plugin-polyfill-corejs2/-/babel-plugin-polyfill-corejs2-0.4.17.tgz 1920ms (cache miss)
5819 http fetch GET 200 https://registry.npmjs.org/@babel/plugin-transform-modules-commonjs/-/plugin-transform-modules-commonjs-7.28.6.tgz 1920ms (cache miss)
5820 http fetch GET 200 https://registry.npmjs.org/@babel/helper-plugin-utils/-/helper-plugin-utils-7.28.6.tgz 1921ms (cache miss)
5821 http fetch GET 200 https://registry.npmjs.org/base64-js/-/base64-js-1.5.1.tgz 1928ms (cache miss)
5822 http fetch GET 200 https://registry.npmjs.org/cross-spawn/-/cross-spawn-7.0.6.tgz 1929ms (cache miss)
5823 http fetch GET 200 https://registry.npmjs.org/postcss-calc/-/postcss-calc-8.2.4.tgz 1974ms (cache miss)
5824 http fetch GET 200 https://registry.npmjs.org/@babel/plugin-transform-block-scoping/-/plugin-transform-block-scoping-7.28.6.tgz 1955ms (cache miss)
5825 http fetch GET 200 https://registry.npmjs.org/jsc-safe-url/-/jsc-safe-url-0.2.4.tgz 1943ms (cache miss)
5826 http fetch GET 200 https://registry.npmjs.org/jest-worker/-/jest-worker-29.7.0.tgz 2051ms (cache miss)
5827 http fetch GET 200 https://registry.npmjs.org/metro-transform-worker/-/metro-transform-worker-0.83.6.tgz 2018ms (cache miss)
5828 http fetch GET 200 https://registry.npmjs.org/@babel/plugin-syntax-export-default-from/-/plugin-syntax-export-default-from-7.28.6.tgz 2023ms (cache miss)
5829 http fetch GET 200 https://registry.npmjs.org/@babel/plugin-transform-export-namespace-from/-/plugin-transform-export-namespace-from-7.27.1.tgz 2026ms (cache miss)
5830 http fetch GET 200 https://registry.npmjs.org/metro-minify-terser/-/metro-minify-terser-0.83.6.tgz 2034ms (cache miss)
5831 http fetch GET 200 https://registry.npmjs.org/metro-cache-key/-/metro-cache-key-0.83.6.tgz 2080ms (cache miss)
5832 http fetch GET 200 https://registry.npmjs.org/metro-babel-transformer/-/metro-babel-transformer-0.83.6.tgz 2081ms (cache miss)
5833 http fetch GET 200 https://registry.npmjs.org/@babel/plugin-transform-parameters/-/plugin-transform-parameters-7.27.7.tgz 2098ms (cache miss)
5834 http fetch GET 200 https://registry.npmjs.org/anser/-/anser-1.4.10.tgz 2092ms (cache miss)
5835 http fetch GET 200 https://registry.npmjs.org/parse-png/-/parse-png-2.1.0.tgz 2101ms (cache miss)
5836 http fetch GET 200 https://registry.npmjs.org/xml2js/-/xml2js-0.6.0.tgz 2113ms (cache miss)
5837 http fetch GET 200 https://registry.npmjs.org/ignore/-/ignore-5.3.2.tgz 2125ms (cache miss)
5838 http fetch GET 200 https://registry.npmjs.org/deepmerge/-/deepmerge-4.3.1.tgz 2124ms (cache miss)
5839 http fetch GET 200 https://registry.npmjs.org/@babel/plugin-transform-typescript/-/plugin-transform-typescript-7.28.6.tgz 2148ms (cache miss)
5840 http fetch GET 200 https://registry.npmjs.org/@react-native/normalize-colors/-/normalize-colors-0.83.6.tgz 2139ms (cache miss)
5841 http fetch GET 200 https://registry.npmjs.org/@expo/sudo-prompt/-/sudo-prompt-9.3.2.tgz 2135ms (cache miss)
5842 http fetch GET 200 https://registry.npmjs.org/jest-util/-/jest-util-29.7.0.tgz 2191ms (cache miss)
5843 http fetch GET 200 https://registry.npmjs.org/resolve-workspace-root/-/resolve-workspace-root-2.0.1.tgz 2171ms (cache miss)
5844 http fetch GET 200 https://registry.npmjs.org/slugify/-/slugify-1.6.9.tgz 2170ms (cache miss)
5845 http fetch GET 200 https://registry.npmjs.org/terminal-link/-/terminal-link-2.1.1.tgz 2172ms (cache miss)
5846 http fetch GET 200 https://registry.npmjs.org/toqr/-/toqr-0.1.1.tgz 2172ms (cache miss)
5847 http fetch GET 200 https://registry.npmjs.org/resolve-from/-/resolve-from-5.0.0.tgz 2172ms (cache miss)
5848 http fetch GET 200 https://registry.npmjs.org/promise/-/promise-8.3.0.tgz 2237ms (cache miss)
5849 http fetch GET 200 https://registry.npmjs.org/@expo/config-types/-/config-types-55.0.5.tgz 2183ms (cache miss)
5850 http fetch GET 200 https://registry.npmjs.org/progress/-/progress-2.0.3.tgz 2181ms (cache miss)
5851 http fetch GET 200 https://registry.npmjs.org/css-what/-/css-what-6.2.2.tgz 2260ms (cache miss)
5852 http fetch GET 200 https://registry.npmjs.org/@babel/plugin-transform-async-generator-functions/-/plugin-transform-async-generator-functions-7.29.0.tgz 2211ms (cache miss)
5853 http fetch GET 200 https://registry.npmjs.org/source-map-support/-/source-map-support-0.5.21.tgz 2194ms (cache miss)
5854 http fetch GET 200 https://registry.npmjs.org/stacktrace-parser/-/stacktrace-parser-0.1.11.tgz 2193ms (cache miss)
5855 http fetch GET 200 https://registry.npmjs.org/send/-/send-0.19.2.tgz 2208ms (cache miss)
5856 http fetch GET 200 https://registry.npmjs.org/undici-types/-/undici-types-7.19.2.tgz 2247ms (cache miss)
5857 http fetch GET 200 https://registry.npmjs.org/@babel/plugin-syntax-flow/-/plugin-syntax-flow-7.28.6.tgz 2236ms (cache miss)
5858 http fetch GET 200 https://registry.npmjs.org/wrap-ansi/-/wrap-ansi-7.0.0.tgz 2220ms (cache miss)
5859 http fetch GET 200 https://registry.npmjs.org/ora/-/ora-3.4.0.tgz 2221ms (cache miss)
5860 http fetch GET 200 https://registry.npmjs.org/npm-package-arg/-/npm-package-arg-11.0.3.tgz 2221ms (cache miss)
5861 http fetch GET 200 https://registry.npmjs.org/lan-network/-/lan-network-0.2.1.tgz 2221ms (cache miss)
5862 http fetch GET 200 https://registry.npmjs.org/getenv/-/getenv-2.0.0.tgz 2221ms (cache miss)
5863 http fetch GET 200 https://registry.npmjs.org/@react-native/babel-preset/-/babel-preset-0.83.6.tgz 2247ms (cache miss)
5864 http fetch GET 200 https://registry.npmjs.org/accepts/-/accepts-1.3.8.tgz 2235ms (cache miss)
5865 http fetch GET 200 https://registry.npmjs.org/chalk/-/chalk-4.1.2.tgz 2238ms (cache miss)
5866 http fetch GET 200 https://registry.npmjs.org/ci-info/-/ci-info-3.9.0.tgz 2243ms (cache miss)
5867 http fetch GET 200 https://registry.npmjs.org/@expo/sdk-runtime-versions/-/sdk-runtime-versions-1.0.0.tgz 2250ms (cache miss)
5868 http fetch GET 200 https://registry.npmjs.org/arg/-/arg-5.0.2.tgz 2243ms (cache miss)
5869 http fetch GET 200 https://registry.npmjs.org/connect/-/connect-3.7.0.tgz 2250ms (cache miss)
5870 http fetch GET 200 https://registry.npmjs.org/@expo/spawn-async/-/spawn-async-1.7.2.tgz 2247ms (cache miss)
5871 http fetch GET 200 https://registry.npmjs.org/babel-plugin-polyfill-corejs3/-/babel-plugin-polyfill-corejs3-0.13.0.tgz 2271ms (cache miss)
5872 http fetch GET 200 https://registry.npmjs.org/compression/-/compression-1.8.1.tgz 2255ms (cache miss)
5873 http fetch GET 200 https://registry.npmjs.org/bplist-parser/-/bplist-parser-0.3.2.tgz 2257ms (cache miss)
5874 http fetch GET 200 https://registry.npmjs.org/react-refresh/-/react-refresh-0.14.2.tgz 2266ms (cache miss)
5875 http fetch GET 200 https://registry.npmjs.org/minipass/-/minipass-7.1.3.tgz 2314ms (cache miss)
5876 http fetch GET 200 https://registry.npmjs.org/pngjs/-/pngjs-3.4.0.tgz 2342ms (cache miss)
5877 http fetch GET 200 https://registry.npmjs.org/@babel/plugin-transform-runtime/-/plugin-transform-runtime-7.29.0.tgz 2301ms (cache miss)
5878 http fetch GET 200 https://registry.npmjs.org/picomatch/-/picomatch-4.0.4.tgz 2289ms (cache miss)
5879 http fetch GET 200 https://registry.npmjs.org/core-js-compat/-/core-js-compat-3.49.0.tgz 2319ms (cache miss)
5880 http fetch GET 200 https://registry.npmjs.org/@xmldom/xmldom/-/xmldom-0.8.13.tgz 2311ms (cache miss)
5881 http fetch GET 200 https://registry.npmjs.org/multitars/-/multitars-1.0.0.tgz 2304ms (cache miss)
5882 http fetch GET 200 https://registry.npmjs.org/fetch-nodeshim/-/fetch-nodeshim-0.4.10.tgz 2311ms (cache miss)
5883 http fetch GET 200 https://registry.npmjs.org/@react-native/virtualized-lists/-/virtualized-lists-0.83.6.tgz 2378ms (cache miss)
5884 http fetch GET 200 https://registry.npmjs.org/jimp-compact/-/jimp-compact-0.16.1.tgz 2338ms (cache miss)
5885 http fetch GET 200 https://registry.npmjs.org/css-in-js-utils/-/css-in-js-utils-3.1.0.tgz 2411ms (cache miss)
5886 http fetch GET 200 https://registry.npmjs.org/@babel/helper-define-polyfill-provider/-/helper-define-polyfill-provider-0.6.8.tgz 2362ms (cache miss)
5887 http fetch GET 200 https://registry.npmjs.org/xcode/-/xcode-3.0.1.tgz 2341ms (cache miss)
5888 http fetch GET 200 https://registry.npmjs.org/jiti/-/jiti-1.21.7.tgz 2435ms (cache miss)
5889 http fetch GET 200 https://registry.npmjs.org/path-scurry/-/path-scurry-2.0.2.tgz 2383ms (cache miss)
5890 http fetch GET 200 https://registry.npmjs.org/source-map/-/source-map-0.5.7.tgz 2401ms (cache miss)
5891 http fetch GET 200 https://registry.npmjs.org/chromium-edge-launcher/-/chromium-edge-launcher-0.2.0.tgz 2369ms (cache miss)
5892 http fetch GET 200 https://registry.npmjs.org/dnssd-advertise/-/dnssd-advertise-1.1.4.tgz 2356ms (cache miss)
5893 http fetch GET 200 https://registry.npmjs.org/bplist-creator/-/bplist-creator-0.1.0.tgz 2355ms (cache miss)
5894 http fetch GET 200 https://registry.npmjs.org/whatwg-url-minimum/-/whatwg-url-minimum-0.1.1.tgz 2355ms (cache miss)
5895 http fetch GET 200 https://registry.npmjs.org/better-opn/-/better-opn-3.0.2.tgz 2365ms (cache miss)
5896 http fetch GET 200 https://registry.npmjs.org/@expo/json-file/-/json-file-10.0.13.tgz 2366ms (cache miss)
5897 http fetch GET 200 https://registry.npmjs.org/chrome-launcher/-/chrome-launcher-0.15.2.tgz 2390ms (cache miss)
5898 http fetch GET 200 https://registry.npmjs.org/@babel/helper-create-class-features-plugin/-/helper-create-class-features-plugin-7.28.6.tgz 2402ms (cache miss)
5899 http fetch GET 200 https://registry.npmjs.org/stream-buffers/-/stream-buffers-2.2.0.tgz 2429ms (cache miss)
5900 http fetch GET 200 https://registry.npmjs.org/ws/-/ws-8.20.0.tgz 2415ms (cache miss)
5901 http fetch GET 200 https://registry.npmjs.org/@expo/env/-/env-2.1.1.tgz 2407ms (cache miss)
5902 http fetch GET 200 https://registry.npmjs.org/@babel/plugin-transform-regenerator/-/plugin-transform-regenerator-7.29.0.tgz 2440ms (cache miss)
5903 http fetch GET 200 https://registry.npmjs.org/metro-symbolicate/-/metro-symbolicate-0.83.6.tgz 2427ms (cache miss)
5904 http fetch GET 200 https://registry.npmjs.org/@expo/osascript/-/osascript-2.4.2.tgz 2412ms (cache miss)
5905 http fetch GET 200 https://registry.npmjs.org/lightningcss/-/lightningcss-1.32.0.tgz 2453ms (cache miss)
5906 http fetch GET 200 https://registry.npmjs.org/@ungap/structured-clone/-/structured-clone-1.3.0.tgz 2449ms (cache miss)
5907 http fetch GET 200 https://registry.npmjs.org/postcss-selector-parser/-/postcss-selector-parser-6.1.2.tgz 2552ms (cache miss)
5908 http fetch GET 200 https://registry.npmjs.org/@expo/code-signing-certificates/-/code-signing-certificates-0.0.6.tgz 2500ms (cache miss)
5909 http fetch GET 200 https://registry.npmjs.org/ms/-/ms-2.1.3.tgz 2499ms (cache miss)
5910 http fetch GET 200 https://registry.npmjs.org/metro-core/-/metro-core-0.83.6.tgz 2542ms (cache miss)
5911 http fetch GET 200 https://registry.npmjs.org/@expo/local-build-cache-provider/-/local-build-cache-provider-55.0.11.tgz 2535ms (cache miss)
5912 http fetch GET 200 https://registry.npmjs.org/@expo/require-utils/-/require-utils-55.0.4.tgz 2559ms (cache miss)
5913 http fetch GET 200 https://registry.npmjs.org/metro-runtime/-/metro-runtime-0.83.6.tgz 2575ms (cache miss)
5914 http fetch GET 200 https://registry.npmjs.org/simple-swizzle/-/simple-swizzle-0.2.4.tgz 2556ms (cache miss)
5915 http fetch GET 200 https://registry.npmjs.org/color-name/-/color-name-1.1.4.tgz 2567ms (cache miss)
5916 http fetch GET 200 https://registry.npmjs.org/color-string/-/color-string-1.9.1.tgz 2585ms (cache miss)
5917 http fetch GET 200 https://registry.npmjs.org/metro-transform-plugins/-/metro-transform-plugins-0.83.6.tgz 2616ms (cache miss)
5918 http fetch GET 200 https://registry.npmjs.org/pretty-format/-/pretty-format-29.7.0.tgz 2598ms (cache miss)
5919 http fetch GET 200 https://registry.npmjs.org/@sinonjs/commons/-/commons-3.0.1.tgz 2691ms (cache miss)
5920 http fetch GET 200 https://registry.npmjs.org/color-convert/-/color-convert-2.0.1.tgz 2610ms (cache miss)
5921 http fetch GET 200 https://registry.npmjs.org/node-releases/-/node-releases-2.0.38.tgz 2620ms (cache miss)
5922 http fetch GET 200 https://registry.npmjs.org/update-browserslist-db/-/update-browserslist-db-1.2.3.tgz 2620ms (cache miss)
5923 http fetch GET 200 https://registry.npmjs.org/@sinclair/typebox/-/typebox-0.27.10.tgz 2693ms (cache miss)
5924 http fetch GET 200 https://registry.npmjs.org/@expo/schema-utils/-/schema-utils-55.0.3.tgz 2638ms (cache miss)
5925 http fetch GET 200 https://registry.npmjs.org/color/-/color-4.2.3.tgz 2663ms (cache miss)
5926 http fetch GET 200 https://registry.npmjs.org/structured-headers/-/structured-headers-0.4.1.tgz 2702ms (cache miss)
5927 http fetch GET 200 https://registry.npmjs.org/warn-once/-/warn-once-0.1.1.tgz 2696ms (cache miss)
5928 http fetch GET 200 https://registry.npmjs.org/use-sync-external-store/-/use-sync-external-store-1.6.0.tgz 2713ms (cache miss)
5929 http fetch GET 200 https://registry.npmjs.org/use-latest-callback/-/use-latest-callback-0.2.6.tgz 2733ms (cache miss)
5930 http fetch GET 200 https://registry.npmjs.org/query-string/-/query-string-7.1.3.tgz 2734ms (cache miss)
5931 http fetch GET 200 https://registry.npmjs.org/react-is/-/react-is-19.2.5.tgz 2734ms (cache miss)
5932 http fetch GET 200 https://registry.npmjs.org/@expo/plist/-/plist-0.5.2.tgz 2772ms (cache miss)
5933 http fetch GET 200 https://registry.npmjs.org/fast-deep-equal/-/fast-deep-equal-3.1.3.tgz 2761ms (cache miss)
5934 http fetch GET 200 https://registry.npmjs.org/escape-string-regexp/-/escape-string-regexp-4.0.0.tgz 2773ms (cache miss)
5935 http fetch GET 200 https://registry.npmjs.org/@expo/ws-tunnel/-/ws-tunnel-1.0.6.tgz 2796ms (cache miss)
5936 http fetch GET 200 https://registry.npmjs.org/merge-options/-/merge-options-3.0.4.tgz 2782ms (cache miss)
5937 http fetch GET 200 https://registry.npmjs.org/nanoid/-/nanoid-3.3.11.tgz 2799ms (cache miss)
5938 http fetch GET 200 https://registry.npmjs.org/invariant/-/invariant-2.2.4.tgz 2800ms (cache miss)
5939 http fetch GET 200 https://registry.npmjs.org/electron-to-chromium/-/electron-to-chromium-1.5.344.tgz 2818ms (cache miss)
5940 http fetch GET 200 https://registry.npmjs.org/@babel/helper-string-parser/-/helper-string-parser-7.27.1.tgz 2825ms (cache miss)
5941 http fetch GET 200 https://registry.npmjs.org/sf-symbols-typescript/-/sf-symbols-typescript-2.2.0.tgz 2844ms (cache miss)
5942 http fetch GET 200 https://registry.npmjs.org/@expo/ngrok-bin/-/ngrok-bin-2.3.42.tgz 2841ms (cache miss)
5943 http fetch GET 200 https://registry.npmjs.org/@babel/helper-globals/-/helper-globals-7.28.0.tgz 2846ms (cache miss)
5944 http fetch GET 200 https://registry.npmjs.org/jsesc/-/jsesc-3.1.0.tgz 2847ms (cache miss)
5945 http fetch GET 200 https://registry.npmjs.org/@babel/compat-data/-/compat-data-7.29.0.tgz 2875ms (cache miss)
5946 http fetch GET 200 https://registry.npmjs.org/picocolors/-/picocolors-1.1.1.tgz 2876ms (cache miss)
5947 http fetch GET 200 https://registry.npmjs.org/lru-cache/-/lru-cache-5.1.1.tgz 2888ms (cache miss)
5948 http fetch GET 200 https://registry.npmjs.org/js-tokens/-/js-tokens-4.0.0.tgz 2888ms (cache miss)
5949 http fetch GET 200 https://registry.npmjs.org/gensync/-/gensync-1.0.0-beta.2.tgz 2888ms (cache miss)
5950 http fetch GET 200 https://registry.npmjs.org/convert-source-map/-/convert-source-map-2.0.0.tgz 2888ms (cache miss)
5951 http fetch GET 200 https://registry.npmjs.org/baseline-browser-mapping/-/baseline-browser-mapping-2.10.21.tgz 2908ms (cache miss)
5952 http fetch GET 200 https://registry.npmjs.org/semver/-/semver-6.3.1.tgz 2902ms (cache miss)
5953 http fetch GET 200 https://registry.npmjs.org/browserslist/-/browserslist-4.28.2.tgz 2912ms (cache miss)
5954 http fetch GET 200 https://registry.npmjs.org/@babel/helper-compilation-targets/-/helper-compilation-targets-7.28.6.tgz 2910ms (cache miss)
5955 http fetch GET 200 https://registry.npmjs.org/@jridgewell/resolve-uri/-/resolve-uri-3.1.2.tgz 2925ms (cache miss)
5956 http fetch GET 200 https://registry.npmjs.org/@babel/code-frame/-/code-frame-7.29.0.tgz 2920ms (cache miss)
5957 http fetch GET 200 https://registry.npmjs.org/debug/-/debug-4.4.3.tgz 2929ms (cache miss)
5958 http fetch GET 200 https://registry.npmjs.org/@babel/helper-validator-option/-/helper-validator-option-7.27.1.tgz 2941ms (cache miss)
5959 http fetch GET 200 https://registry.npmjs.org/react-native-get-random-values/-/react-native-get-random-values-1.11.0.tgz 2957ms (cache miss)
5960 http fetch GET 200 https://registry.npmjs.org/@expo/image-utils/-/image-utils-0.8.13.tgz 3039ms (cache miss)
5961 http fetch GET 200 https://registry.npmjs.org/@babel/helper-validator-identifier/-/helper-validator-identifier-7.28.5.tgz 3032ms (cache miss)
5962 http fetch GET 200 https://registry.npmjs.org/@babel/helper-module-imports/-/helper-module-imports-7.28.6.tgz 3070ms (cache miss)
5963 http fetch GET 200 https://registry.npmjs.org/css-to-react-native/-/css-to-react-native-3.2.0.tgz 3172ms (cache miss)
5964 http fetch GET 200 https://registry.npmjs.org/expo-status-bar/-/expo-status-bar-55.0.5.tgz 3093ms (cache miss)
5965 http fetch GET 200 https://registry.npmjs.org/metro-cache/-/metro-cache-0.83.6.tgz 3132ms (cache miss)
5966 http fetch GET 200 https://registry.npmjs.org/js-yaml/-/js-yaml-4.1.1.tgz 3216ms (cache miss)
5967 http fetch GET 200 https://registry.npmjs.org/@types/uuid/-/uuid-10.0.0.tgz 3176ms (cache miss)
5968 http fetch GET 200 https://registry.npmjs.org/bplist-parser/-/bplist-parser-0.3.1.tgz 3329ms (cache miss)
5969 http fetch GET 200 https://registry.npmjs.org/babel-preset-expo/-/babel-preset-expo-55.0.18.tgz 3373ms (cache miss)
5970 http fetch GET 200 https://registry.npmjs.org/@babel/template/-/template-7.28.6.tgz 3360ms (cache miss)
5971 http fetch GET 200 https://registry.npmjs.org/strip-ansi/-/strip-ansi-6.0.1.tgz 3361ms (cache miss)
5972 http fetch GET 200 https://registry.npmjs.org/fast-glob/-/fast-glob-3.3.3.tgz 3489ms (cache miss)
5973 http fetch GET 200 https://registry.npmjs.org/@babel/helper-module-transforms/-/helper-module-transforms-7.28.6.tgz 3406ms (cache miss)
5974 http fetch GET 200 https://registry.npmjs.org/xmlbuilder/-/xmlbuilder-15.1.1.tgz 3445ms (cache miss)
5975 http fetch GET 200 https://registry.npmjs.org/strip-ansi/-/strip-ansi-6.0.1.tgz 3411ms (cache miss)
5976 http fetch GET 200 https://registry.npmjs.org/commander/-/commander-4.1.1.tgz 3411ms (cache miss)
5977 http fetch GET 200 https://registry.npmjs.org/glob-parent/-/glob-parent-5.1.2.tgz 3411ms (cache miss)
5978 http fetch GET 200 https://registry.npmjs.org/inline-style-prefixer/-/inline-style-prefixer-7.0.1.tgz 3545ms (cache miss)
5979 http fetch GET 200 https://registry.npmjs.org/csstype/-/csstype-3.2.3.tgz 3453ms (cache miss)
5980 http fetch GET 200 https://registry.npmjs.org/glob-parent/-/glob-parent-5.1.2.tgz 3457ms (cache miss)
5981 http fetch GET 200 https://registry.npmjs.org/@expo/ngrok/-/ngrok-4.1.3.tgz 3459ms (cache miss)
5982 http fetch GET 200 https://registry.npmjs.org/statuses/-/statuses-2.0.2.tgz 3457ms (cache miss)
5983 http fetch GET 200 https://registry.npmjs.org/lilconfig/-/lilconfig-3.1.3.tgz 3466ms (cache miss)
5984 http fetch GET 200 https://registry.npmjs.org/domutils/-/domutils-3.2.2.tgz 3618ms (cache miss)
5985 http fetch GET 200 https://registry.npmjs.org/minimatch/-/minimatch-3.1.5.tgz 3506ms (cache miss)
5986 http fetch GET 200 https://registry.npmjs.org/json5/-/json5-2.2.3.tgz 3531ms (cache miss)
5987 http fetch GET 200 https://registry.npmjs.org/glob/-/glob-7.2.3.tgz 3518ms (cache miss)
5988 http fetch GET 200 https://registry.npmjs.org/brace-expansion/-/brace-expansion-1.1.14.tgz 3519ms (cache miss)
5989 warn deprecated glob@7.2.3: Old versions of glob are not supported, and contain widely publicized security vulnerabilities, which have been fixed in the current version. Please update. Support for old versions may be purchased (at exorbitant rates) by contacting i@izs.me
5990 http fetch GET 200 https://registry.npmjs.org/camelcase/-/camelcase-5.3.1.tgz 3520ms (cache miss)
5991 http fetch GET 200 https://registry.npmjs.org/ansi-regex/-/ansi-regex-4.1.1.tgz 3519ms (cache miss)
5992 http fetch GET 200 https://registry.npmjs.org/balanced-match/-/balanced-match-1.0.2.tgz 3520ms (cache miss)
5993 http fetch GET 200 https://registry.npmjs.org/escape-string-regexp/-/escape-string-regexp-2.0.0.tgz 3536ms (cache miss)
5994 http fetch GET 200 https://registry.npmjs.org/picomatch/-/picomatch-2.3.2.tgz 3556ms (cache miss)
5995 http fetch GET 200 https://registry.npmjs.org/has-flag/-/has-flag-3.0.0.tgz 3553ms (cache miss)
5996 http fetch GET 200 https://registry.npmjs.org/ansi-styles/-/ansi-styles-3.2.1.tgz 3564ms (cache miss)
5997 http fetch GET 200 https://registry.npmjs.org/color-name/-/color-name-1.1.3.tgz 3565ms (cache miss)
5998 http fetch GET 200 https://registry.npmjs.org/balanced-match/-/balanced-match-1.0.2.tgz 3579ms (cache miss)
5999 http fetch GET 200 https://registry.npmjs.org/escape-string-regexp/-/escape-string-regexp-1.0.5.tgz 3581ms (cache miss)
6000 http fetch GET 200 https://registry.npmjs.org/supports-color/-/supports-color-5.5.0.tgz 3583ms (cache miss)
6001 http fetch GET 200 https://registry.npmjs.org/chalk/-/chalk-2.4.2.tgz 3582ms (cache miss)
6002 http fetch GET 200 https://registry.npmjs.org/@jridgewell/sourcemap-codec/-/sourcemap-codec-1.5.5.tgz 3675ms (cache miss)
6003 http fetch GET 200 https://registry.npmjs.org/color-convert/-/color-convert-1.9.3.tgz 3655ms (cache miss)
6004 http fetch GET 200 https://registry.npmjs.org/supports-color/-/supports-color-8.1.1.tgz 3698ms (cache miss)
6005 http fetch GET 200 https://registry.npmjs.org/postcss/-/postcss-8.4.49.tgz 3783ms (cache miss)
6006 http fetch GET 200 https://registry.npmjs.org/picomatch/-/picomatch-2.3.2.tgz 3743ms (cache miss)
6007 http fetch GET 200 https://registry.npmjs.org/ms/-/ms-2.0.0.tgz 3737ms (cache miss)
6008 http fetch GET 200 https://registry.npmjs.org/mimic-response/-/mimic-response-3.1.0.tgz 3740ms (cache miss)
6009 http fetch GET 200 https://registry.npmjs.org/escape-string-regexp/-/escape-string-regexp-1.0.5.tgz 3755ms (cache miss)
6010 http fetch GET 200 https://registry.npmjs.org/minimatch/-/minimatch-3.1.5.tgz 3753ms (cache miss)
6011 http fetch GET 200 https://registry.npmjs.org/commander/-/commander-2.20.3.tgz 3754ms (cache miss)
6012 http fetch GET 200 https://registry.npmjs.org/balanced-match/-/balanced-match-1.0.2.tgz 3766ms (cache miss)
6013 http fetch GET 200 https://registry.npmjs.org/brace-expansion/-/brace-expansion-1.1.14.tgz 3766ms (cache miss)
6014 http fetch GET 200 https://registry.npmjs.org/brace-expansion/-/brace-expansion-1.1.14.tgz 3768ms (cache miss)
6015 http fetch GET 200 https://registry.npmjs.org/balanced-match/-/balanced-match-1.0.2.tgz 3767ms (cache miss)
6016 http fetch GET 200 https://registry.npmjs.org/babel-plugin-syntax-hermes-parser/-/babel-plugin-syntax-hermes-parser-0.32.0.tgz 3815ms (cache miss)
6017 http fetch GET 200 https://registry.npmjs.org/glob/-/glob-7.2.3.tgz 3837ms (cache miss)
6018 warn deprecated glob@7.2.3: Old versions of glob are not supported, and contain widely publicized security vulnerabilities, which have been fixed in the current version. Please update. Support for old versions may be purchased (at exorbitant rates) by contacting i@izs.me
6019 http fetch GET 200 https://registry.npmjs.org/glob/-/glob-7.2.3.tgz 3837ms (cache miss)
6020 warn deprecated glob@7.2.3: Old versions of glob are not supported, and contain widely publicized security vulnerabilities, which have been fixed in the current version. Please update. Support for old versions may be purchased (at exorbitant rates) by contacting i@izs.me
6021 http fetch GET 200 https://registry.npmjs.org/minimatch/-/minimatch-3.1.5.tgz 3861ms (cache miss)
6022 http fetch GET 200 https://registry.npmjs.org/picomatch/-/picomatch-2.3.2.tgz 3878ms (cache miss)
6023 http fetch GET 200 https://registry.npmjs.org/ms/-/ms-2.0.0.tgz 3875ms (cache miss)
6024 http fetch GET 200 https://registry.npmjs.org/ci-info/-/ci-info-2.0.0.tgz 3887ms (cache miss)
6025 http fetch GET 200 https://registry.npmjs.org/encodeurl/-/encodeurl-2.0.0.tgz 3888ms (cache miss)
6026 http fetch GET 200 https://registry.npmjs.org/@expo/devcert/-/devcert-1.2.1.tgz 3938ms (cache miss)
6027 http fetch GET 200 https://registry.npmjs.org/statuses/-/statuses-2.0.2.tgz 3915ms (cache miss)
6028 http fetch GET 200 https://registry.npmjs.org/strip-ansi/-/strip-ansi-6.0.1.tgz 3915ms (cache miss)
6029 http fetch GET 200 https://registry.npmjs.org/negotiator/-/negotiator-1.0.0.tgz 3917ms (cache miss)
6030 http fetch GET 200 https://registry.npmjs.org/accepts/-/accepts-2.0.0.tgz 3925ms (cache miss)
6031 http fetch GET 200 https://registry.npmjs.org/on-finished/-/on-finished-2.4.1.tgz 3925ms (cache miss)
6032 http fetch GET 200 https://registry.npmjs.org/@types/react/-/react-19.2.14.tgz 3944ms (cache miss)
6033 http fetch GET 200 https://registry.npmjs.org/picomatch/-/picomatch-2.3.2.tgz 3937ms (cache miss)
6034 http fetch GET 200 https://registry.npmjs.org/encodeurl/-/encodeurl-2.0.0.tgz 3931ms (cache miss)
6035 http fetch GET 200 https://registry.npmjs.org/ms/-/ms-2.0.0.tgz 3931ms (cache miss)
6036 http fetch GET 200 https://registry.npmjs.org/supports-color/-/supports-color-5.5.0.tgz 3930ms (cache miss)
6037 http fetch GET 200 https://registry.npmjs.org/mime-types/-/mime-types-3.0.2.tgz 3933ms (cache miss)
6038 http fetch GET 200 https://registry.npmjs.org/@jridgewell/remapping/-/remapping-2.3.5.tgz 3962ms (cache miss)
6039 http fetch GET 200 https://registry.npmjs.org/mime-db/-/mime-db-1.52.0.tgz 3943ms (cache miss)
6040 http fetch GET 200 https://registry.npmjs.org/color-name/-/color-name-1.1.3.tgz 3941ms (cache miss)
6041 http fetch GET 200 https://registry.npmjs.org/escape-string-regexp/-/escape-string-regexp-1.0.5.tgz 3940ms (cache miss)
6042 http fetch GET 200 https://registry.npmjs.org/has-flag/-/has-flag-3.0.0.tgz 3941ms (cache miss)
6043 http fetch GET 200 https://registry.npmjs.org/ansi-styles/-/ansi-styles-3.2.1.tgz 3948ms (cache miss)
6044 http fetch GET 200 https://registry.npmjs.org/color-convert/-/color-convert-1.9.3.tgz 3949ms (cache miss)
6045 http fetch GET 200 https://registry.npmjs.org/chalk/-/chalk-2.4.2.tgz 3949ms (cache miss)
6046 http fetch GET 200 https://registry.npmjs.org/ms/-/ms-2.0.0.tgz 3955ms (cache miss)
6047 http fetch GET 200 https://registry.npmjs.org/ms/-/ms-2.0.0.tgz 3956ms (cache miss)
6048 http fetch GET 200 https://registry.npmjs.org/negotiator/-/negotiator-0.6.4.tgz 3966ms (cache miss)
6049 http fetch GET 200 https://registry.npmjs.org/open/-/open-8.4.2.tgz 3967ms (cache miss)
6050 http fetch GET 200 https://registry.npmjs.org/ansi-styles/-/ansi-styles-5.2.0.tgz 3966ms (cache miss)
6051 http fetch GET 200 https://registry.npmjs.org/@jridgewell/gen-mapping/-/gen-mapping-0.3.13.tgz 4008ms (cache miss)
6052 http fetch GET 200 https://registry.npmjs.org/postcss-nested/-/postcss-nested-6.2.0.tgz 3981ms (cache miss)
6053 http fetch GET 200 https://registry.npmjs.org/memoize-one/-/memoize-one-6.0.0.tgz 3980ms (cache miss)
6054 http fetch GET 200 https://registry.npmjs.org/debug/-/debug-2.6.9.tgz 3998ms (cache miss)
6055 http fetch GET 200 https://registry.npmjs.org/@babel/plugin-transform-optional-chaining/-/plugin-transform-optional-chaining-7.27.1.tgz 3991ms (cache miss)
6056 http fetch GET 200 https://registry.npmjs.org/@babel/plugin-transform-class-properties/-/plugin-transform-class-properties-7.27.1.tgz 3991ms (cache miss)
6057 http fetch GET 200 https://registry.npmjs.org/@babel/preset-typescript/-/preset-typescript-7.27.1.tgz 3993ms (cache miss)
6058 http fetch GET 200 https://registry.npmjs.org/brace-expansion/-/brace-expansion-1.1.14.tgz 3997ms (cache miss)
6059 http fetch GET 200 https://registry.npmjs.org/balanced-match/-/balanced-match-1.0.2.tgz 3997ms (cache miss)
6060 http fetch GET 200 https://registry.npmjs.org/@react-native/normalize-colors/-/normalize-colors-0.74.89.tgz 3999ms (cache miss)
6061 http fetch GET 200 https://registry.npmjs.org/debug/-/debug-2.6.9.tgz 4013ms (cache miss)
6062 http fetch GET 200 https://registry.npmjs.org/debug/-/debug-3.2.7.tgz 4008ms (cache miss)
6063 http fetch GET 200 https://registry.npmjs.org/minimatch/-/minimatch-3.1.5.tgz 4004ms (cache miss)
6064 http fetch GET 200 https://registry.npmjs.org/babel-plugin-syntax-hermes-parser/-/babel-plugin-syntax-hermes-parser-0.32.0.tgz 4004ms (cache miss)
6065 http fetch GET 200 https://registry.npmjs.org/react/-/react-19.2.0.tgz 4034ms (cache miss)
6066 http fetch GET 200 https://registry.npmjs.org/glob/-/glob-7.2.3.tgz 4011ms (cache miss)
6067 warn deprecated glob@7.2.3: Old versions of glob are not supported, and contain widely publicized security vulnerabilities, which have been fixed in the current version. Please update. Support for old versions may be purchased (at exorbitant rates) by contacting i@izs.me
6068 http fetch GET 200 https://registry.npmjs.org/react-is/-/react-is-18.3.1.tgz 4013ms (cache miss)
6069 http fetch GET 200 https://registry.npmjs.org/uuid/-/uuid-3.4.0.tgz 4022ms (cache miss)
6070 http fetch GET 200 https://registry.npmjs.org/@babel/helper-module-imports/-/helper-module-imports-7.18.6.tgz 4023ms (cache miss)
6071 http fetch GET 200 https://registry.npmjs.org/react-is/-/react-is-18.3.1.tgz 4038ms (cache miss)
6072 http fetch GET 200 https://registry.npmjs.org/@react-native/community-cli-plugin/-/community-cli-plugin-0.83.6.tgz 4158ms (cache miss)
6073 http fetch GET 200 https://registry.npmjs.org/uuid 3912ms (cache miss)
6074 silly packumentCache corgi:https://registry.npmjs.org/uuid set size:undefined disposed:false
6075 http fetch GET 200 https://registry.npmjs.org/image-size/-/image-size-1.2.1.tgz 4174ms (cache miss)
6076 http fetch GET 200 https://registry.npmjs.org/@babel/plugin-transform-classes/-/plugin-transform-classes-7.28.4.tgz 4078ms (cache miss)
6077 http fetch GET 200 https://registry.npmjs.org/@babel/plugin-transform-nullish-coalescing-operator/-/plugin-transform-nullish-coalescing-operator-7.27.1.tgz 4079ms (cache miss)
6078 http fetch GET 200 https://registry.npmjs.org/debug/-/debug-2.6.9.tgz 4086ms (cache miss)
6079 http fetch GET 200 https://registry.npmjs.org/debug/-/debug-2.6.9.tgz 4088ms (cache miss)
6080 http fetch GET 200 https://registry.npmjs.org/ws/-/ws-7.5.10.tgz 4109ms (cache miss)
6081 http fetch GET 200 https://registry.npmjs.org/debug/-/debug-2.6.9.tgz 4098ms (cache miss)
6082 http fetch GET 200 https://registry.npmjs.org/@expo/xcpretty/-/xcpretty-4.4.3.tgz 4148ms (cache miss)
6083 http fetch GET 200 https://registry.npmjs.org/@react-native/debugger-shell/-/debugger-shell-0.83.6.tgz 4173ms (cache miss)
6084 http fetch GET 200 https://registry.npmjs.org/yargs/-/yargs-17.7.2.tgz 4192ms (cache miss)
6085 http fetch GET 200 https://registry.npmjs.org/@expo/package-manager/-/package-manager-1.10.4.tgz 4172ms (cache miss)
6086 http fetch GET 200 https://registry.npmjs.org/react-native-is-edge-to-edge/-/react-native-is-edge-to-edge-1.2.1.tgz 4128ms (cache miss)
6087 silly packumentCache corgi:https://registry.npmjs.org/@expo%2fngrok cache-miss
6088 silly packumentCache corgi:https://registry.npmjs.org/xcode cache-miss
6089 http fetch GET 200 https://registry.npmjs.org/ws/-/ws-7.5.10.tgz 4185ms (cache miss)
6090 http fetch GET 200 https://registry.npmjs.org/commander/-/commander-12.1.0.tgz 4193ms (cache miss)
6091 warn deprecated uuid@3.4.0: Please upgrade  to version 7 or higher.  Older versions may use Math.random() in certain circumstances, which is known to be problematic.  See https://v8.dev/blog/math-random for details.
6092 http fetch GET 200 https://registry.npmjs.org/metro-config/-/metro-config-0.83.6.tgz 4301ms (cache miss)
6093 http fetch GET 200 https://registry.npmjs.org/metro-source-map/-/metro-source-map-0.83.6.tgz 4340ms (cache miss)
6094 http fetch GET 200 https://registry.npmjs.org/ws/-/ws-7.5.10.tgz 4276ms (cache miss)
6095 http fetch GET 200 https://registry.npmjs.org/entities/-/entities-4.5.0.tgz 4417ms (cache miss)
6096 http fetch GET 200 https://registry.npmjs.org/ws/-/ws-7.5.10.tgz 4289ms (cache miss)
6097 http fetch GET 200 https://registry.npmjs.org/terser/-/terser-5.46.2.tgz 4407ms (cache miss)
6098 http fetch GET 200 https://registry.npmjs.org/babel-plugin-react-compiler/-/babel-plugin-react-compiler-1.0.0.tgz 4374ms (cache miss)
6099 http fetch GET 200 https://registry.npmjs.org/zustand/-/zustand-5.0.12.tgz 4354ms (cache miss)
6100 http fetch GET 200 https://registry.npmjs.org/@babel/parser/-/parser-7.29.2.tgz 4403ms (cache miss)
6101 http fetch GET 200 https://registry.npmjs.org/@jridgewell/trace-mapping/-/trace-mapping-0.3.31.tgz 4433ms (cache miss)
6102 http fetch GET 200 https://registry.npmjs.org/promise/-/promise-7.3.1.tgz 4436ms (cache miss)
6103 http fetch GET 200 https://registry.npmjs.org/hermes-estree/-/hermes-estree-0.32.0.tgz 4452ms (cache miss)
6104 http fetch GET 200 https://registry.npmjs.org/source-map/-/source-map-0.6.1.tgz 4466ms (cache miss)
6105 http fetch GET 200 https://registry.npmjs.org/hermes-estree/-/hermes-estree-0.35.0.tgz 4471ms (cache miss)
6106 http fetch GET 200 https://registry.npmjs.org/hermes-estree/-/hermes-estree-0.32.0.tgz 4472ms (cache miss)
6107 http fetch GET 200 https://registry.npmjs.org/hermes-estree/-/hermes-estree-0.35.0.tgz 4479ms (cache miss)
6108 http fetch GET 200 https://registry.npmjs.org/argparse/-/argparse-1.0.10.tgz 4509ms (cache miss)
6109 http fetch GET 200 https://registry.npmjs.org/@expo/devtools/-/devtools-55.0.2.tgz 4546ms (cache miss)
6110 http fetch GET 200 https://registry.npmjs.org/type-fest/-/type-fest-0.21.3.tgz 4531ms (cache miss)
6111 http fetch GET 200 https://registry.npmjs.org/hermes-estree/-/hermes-estree-0.32.0.tgz 4523ms (cache miss)
6112 http fetch GET 200 https://registry.npmjs.org/yaml/-/yaml-1.10.3.tgz 4575ms (cache miss)
6113 http fetch GET 200 https://registry.npmjs.org/source-map/-/source-map-0.6.1.tgz 4553ms (cache miss)
6114 http fetch GET 200 https://registry.npmjs.org/@expo%2fngrok 396ms (cache miss)
6115 silly packumentCache corgi:https://registry.npmjs.org/@expo%2fngrok set size:undefined disposed:false
6116 http fetch GET 200 https://registry.npmjs.org/minimatch/-/minimatch-10.2.5.tgz 4634ms (cache miss)
6117 http fetch GET 200 https://registry.npmjs.org/lru-cache/-/lru-cache-10.4.3.tgz 4600ms (cache miss)
6118 http fetch GET 200 https://registry.npmjs.org/@expo/config/-/config-55.0.15.tgz 4633ms (cache miss)
6119 http fetch GET 200 https://registry.npmjs.org/metro-resolver/-/metro-resolver-0.83.6.tgz 4663ms (cache miss)
6120 http fetch GET 200 https://registry.npmjs.org/@types/node/-/node-25.6.0.tgz 4696ms (cache miss)
6121 http fetch GET 200 https://registry.npmjs.org/semver/-/semver-7.7.4.tgz 4647ms (cache miss)
6122 http fetch GET 200 https://registry.npmjs.org/expo-constants/-/expo-constants-55.0.15.tgz 4655ms (cache miss)
6123 http fetch GET 200 https://registry.npmjs.org/expo-image-loader/-/expo-image-loader-55.0.0.tgz 4744ms (cache miss)
6124 http fetch GET 200 https://registry.npmjs.org/uuid/-/uuid-14.0.0.tgz 4688ms (cache miss)
6125 http fetch GET 200 https://registry.npmjs.org/xmlbuilder/-/xmlbuilder-11.0.1.tgz 4685ms (cache miss)
6126 http fetch GET 200 https://registry.npmjs.org/node-forge/-/node-forge-1.4.0.tgz 4759ms (cache miss)
6127 http fetch GET 200 https://registry.npmjs.org/semver/-/semver-7.7.4.tgz 4716ms (cache miss)
6128 http fetch GET 200 https://registry.npmjs.org/semver/-/semver-7.7.4.tgz 4718ms (cache miss)
6129 http fetch GET 200 https://registry.npmjs.org/semver/-/semver-7.7.4.tgz 4723ms (cache miss)
6130 http fetch GET 200 https://registry.npmjs.org/semver/-/semver-7.7.4.tgz 4725ms (cache miss)
6131 http fetch GET 200 https://registry.npmjs.org/semver/-/semver-7.7.4.tgz 4726ms (cache miss)
6132 http fetch GET 200 https://registry.npmjs.org/semver/-/semver-7.7.4.tgz 4727ms (cache miss)
6133 http fetch GET 200 https://registry.npmjs.org/semver/-/semver-7.7.4.tgz 4729ms (cache miss)
6134 http fetch GET 200 https://registry.npmjs.org/semver/-/semver-7.7.3.tgz 4730ms (cache miss)
6135 http fetch GET 200 https://registry.npmjs.org/semver/-/semver-7.7.3.tgz 4737ms (cache miss)
6136 http fetch GET 200 https://registry.npmjs.org/semver/-/semver-7.7.4.tgz 4737ms (cache miss)
6137 http fetch GET 200 https://registry.npmjs.org/prompts/-/prompts-2.4.2.tgz 4796ms (cache miss)
6138 http fetch GET 200 https://registry.npmjs.org/@babel/generator/-/generator-7.29.1.tgz 4787ms (cache miss)
6139 http fetch GET 200 https://registry.npmjs.org/uuid/-/uuid-7.0.3.tgz 4831ms (cache miss)
6140 http fetch GET 200 https://registry.npmjs.org/@react-navigation/routers/-/routers-7.5.3.tgz 4877ms (cache miss)
6141 http fetch GET 200 https://registry.npmjs.org/js-yaml/-/js-yaml-3.14.2.tgz 4908ms (cache miss)
6142 http fetch GET 200 https://registry.npmjs.org/@react-native/dev-middleware/-/dev-middleware-0.83.6.tgz 4981ms (cache miss)
6143 http fetch GET 200 https://registry.npmjs.org/xcode 843ms (cache miss)
6144 silly packumentCache corgi:https://registry.npmjs.org/xcode set size:undefined disposed:false
6145 silly packumentCache corgi:https://registry.npmjs.org/@expo%2fconfig-plugins cache-miss
6146 http fetch GET 200 https://registry.npmjs.org/expo-keep-awake/-/expo-keep-awake-55.0.6.tgz 5198ms (cache miss)
6147 http fetch GET 200 https://registry.npmjs.org/glob/-/glob-13.0.6.tgz 5220ms (cache miss)
6148 http fetch GET 200 https://registry.npmjs.org/got/-/got-11.8.6.tgz 5256ms (cache miss)
6149 http fetch GET 200 https://registry.npmjs.org/@babel/traverse/-/traverse-7.29.0.tgz 5291ms (cache miss)
6150 http fetch GET 200 https://registry.npmjs.org/resolve/-/resolve-1.22.12.tgz 5369ms (cache miss)
6151 http fetch GET 200 https://registry.npmjs.org/css-select/-/css-select-5.2.2.tgz 5443ms (cache miss)
6152 http fetch GET 200 https://registry.npmjs.org/hermes-parser/-/hermes-parser-0.32.1.tgz 5399ms (cache miss)
6153 http fetch GET 200 https://registry.npmjs.org/@expo%2fconfig-plugins 243ms (cache miss)
6154 silly packumentCache corgi:https://registry.npmjs.org/@expo%2fconfig-plugins set size:undefined disposed:false
6155 silly packumentCache corgi:https://registry.npmjs.org/expo cache-miss
6156 silly packumentCache corgi:https://registry.npmjs.org/@expo%2fcli cache-miss
6157 silly packumentCache corgi:https://registry.npmjs.org/@expo%2fconfig cache-miss
6158 silly packumentCache corgi:https://registry.npmjs.org/@expo%2fprebuild-config cache-miss
6159 http fetch GET 200 https://registry.npmjs.org/@expo/fingerprint/-/fingerprint-0.16.6.tgz 5587ms (cache miss)
6160 http fetch GET 200 https://registry.npmjs.org/hermes-estree/-/hermes-estree-0.32.1.tgz 5662ms (cache miss)
6161 http fetch GET 200 https://registry.npmjs.org/lru-cache/-/lru-cache-11.3.5.tgz 5586ms (cache miss)
6162 http fetch GET 200 https://registry.npmjs.org/@expo/dom-webview/-/dom-webview-55.0.5.tgz 5686ms (cache miss)
6163 http fetch GET 200 https://registry.npmjs.org/@expo/router-server/-/router-server-55.0.15.tgz 5686ms (cache miss)
6164 http fetch GET 200 https://registry.npmjs.org/lightningcss-darwin-arm64/-/lightningcss-darwin-arm64-1.32.0.tgz 5763ms (cache miss)
6165 http fetch GET 200 https://registry.npmjs.org/expo-linear-gradient/-/expo-linear-gradient-55.0.13.tgz 5692ms (cache miss)
6166 http fetch GET 200 https://registry.npmjs.org/@expo/log-box/-/log-box-55.0.11.tgz 5749ms (cache miss)
6167 http fetch GET 200 https://registry.npmjs.org/@expo%2fprebuild-config 231ms (cache miss)
6168 silly packumentCache corgi:https://registry.npmjs.org/@expo%2fprebuild-config set size:undefined disposed:false
6169 http fetch GET 200 https://registry.npmjs.org/fb-dotslash/-/fb-dotslash-0.5.8.tgz 5945ms (cache miss)
6170 http fetch GET 200 https://registry.npmjs.org/@expo%2fconfig 420ms (cache miss)
6171 silly packumentCache corgi:https://registry.npmjs.org/@expo%2fconfig set size:undefined disposed:false
6172 http fetch GET 200 https://registry.npmjs.org/hermes-parser/-/hermes-parser-0.32.0.tgz 5943ms (cache miss)
6173 http fetch GET 200 https://registry.npmjs.org/@react-navigation/native-stack/-/native-stack-7.14.11.tgz 5972ms (cache miss)
6174 http fetch GET 200 https://registry.npmjs.org/hermes-parser/-/hermes-parser-0.32.0.tgz 5975ms (cache miss)
6175 http fetch GET 200 https://registry.npmjs.org/fbjs/-/fbjs-3.0.5.tgz 6103ms (cache miss)
6176 http fetch GET 200 https://registry.npmjs.org/@expo%2fcli 492ms (cache miss)
6177 silly packumentCache corgi:https://registry.npmjs.org/@expo%2fcli set size:undefined disposed:false
6178 http fetch GET 200 https://registry.npmjs.org/hermes-parser/-/hermes-parser-0.32.0.tgz 6046ms (cache miss)
6179 http fetch GET 200 https://registry.npmjs.org/react-dom/-/react-dom-19.2.0.tgz 6093ms (cache miss)
6180 http fetch GET 200 https://registry.npmjs.org/expo 588ms (cache miss)
6181 silly packumentCache corgi:https://registry.npmjs.org/expo set size:undefined disposed:false
6182 http fetch GET 200 https://registry.npmjs.org/css-tree/-/css-tree-1.1.3.tgz 6260ms (cache miss)
6183 http fetch GET 200 https://registry.npmjs.org/expo-blur/-/expo-blur-55.0.14.tgz 6161ms (cache miss)
6184 http fetch GET 200 https://registry.npmjs.org/metro-file-map/-/metro-file-map-0.83.6.tgz 6265ms (cache miss)
6185 http fetch GET 200 https://registry.npmjs.org/hermes-parser/-/hermes-parser-0.35.0.tgz 6229ms (cache miss)
6186 http fetch GET 200 https://registry.npmjs.org/hermes-parser/-/hermes-parser-0.35.0.tgz 6235ms (cache miss)
6187 silly packumentCache corgi:https://registry.npmjs.org/@expo%2flocal-build-cache-provider cache-miss
6188 silly packumentCache corgi:https://registry.npmjs.org/@expo%2fmetro-config cache-miss
6189 http fetch GET 200 https://registry.npmjs.org/@babel/core/-/core-7.29.0.tgz 6603ms (cache miss)
6190 http fetch GET 200 https://registry.npmjs.org/@expo%2fmetro-config 411ms (cache miss)
6191 silly packumentCache corgi:https://registry.npmjs.org/@expo%2fmetro-config set size:undefined disposed:false
6192 http fetch GET 200 https://registry.npmjs.org/nativewind/-/nativewind-2.0.11.tgz 6706ms (cache miss)
6193 http fetch GET 200 https://registry.npmjs.org/@react-native-async-storage/async-storage/-/async-storage-2.2.0.tgz 6704ms (cache miss)
6194 http fetch GET 200 https://registry.npmjs.org/@react-native-community/datetimepicker/-/datetimepicker-8.6.0.tgz 6715ms (cache miss)
6195 http fetch GET 200 https://registry.npmjs.org/expo-font/-/expo-font-55.0.6.tgz 6738ms (cache miss)
6196 http fetch GET 200 https://registry.npmjs.org/expo-asset/-/expo-asset-55.0.16.tgz 6747ms (cache miss)
6197 http fetch GET 200 https://registry.npmjs.org/@expo/metro-config/-/metro-config-55.0.17.tgz 6815ms (cache miss)
6198 http fetch GET 200 https://registry.npmjs.org/@expo%2flocal-build-cache-provider 548ms (cache miss)
6199 silly packumentCache corgi:https://registry.npmjs.org/@expo%2flocal-build-cache-provider set size:undefined disposed:false
6200 http fetch GET 200 https://registry.npmjs.org/expo-image-picker/-/expo-image-picker-55.0.19.tgz 6813ms (cache miss)
6201 http fetch GET 200 https://registry.npmjs.org/@react-navigation/native/-/native-7.2.2.tgz 7210ms (cache miss)
6202 http fetch GET 200 https://registry.npmjs.org/@babel/runtime/-/runtime-7.29.2.tgz 7296ms (cache miss)
6203 http fetch GET 200 https://registry.npmjs.org/react-devtools-core/-/react-devtools-core-6.1.5.tgz 7470ms (cache miss)
6204 http fetch GET 200 https://registry.npmjs.org/expo-server/-/expo-server-55.0.8.tgz 7476ms (cache miss)
6205 http fetch GET 200 https://registry.npmjs.org/sucrase/-/sucrase-3.35.1.tgz 7600ms (cache miss)
6206 http fetch GET 200 https://registry.npmjs.org/@babel/types/-/types-7.29.0.tgz 7546ms (cache miss)
6207 http fetch GET 200 https://registry.npmjs.org/@react-native/gradle-plugin/-/gradle-plugin-0.83.6.tgz 7639ms (cache miss)
6208 http fetch GET 200 https://registry.npmjs.org/@expo/prebuild-config/-/prebuild-config-55.0.16.tgz 7576ms (cache miss)
6209 http fetch GET 200 https://registry.npmjs.org/react-native-safe-area-context/-/react-native-safe-area-context-5.6.2.tgz 7637ms (cache miss)
6210 http fetch GET 200 https://registry.npmjs.org/@react-native/codegen/-/codegen-0.83.6.tgz 7797ms (cache miss)
6211 http fetch GET 200 https://registry.npmjs.org/regenerate-unicode-properties/-/regenerate-unicode-properties-10.2.2.tgz 7870ms (cache miss)
6212 http fetch GET 200 https://registry.npmjs.org/@babel/types/-/types-7.19.0.tgz 7784ms (cache miss)
6213 http fetch GET 200 https://registry.npmjs.org/@babel/helpers/-/helpers-7.29.2.tgz 7875ms (cache miss)
6214 http fetch GET 200 https://registry.npmjs.org/expo-file-system/-/expo-file-system-55.0.17.tgz 7904ms (cache miss)
6215 http fetch GET 200 https://registry.npmjs.org/@react-navigation/elements/-/elements-2.9.14.tgz 8010ms (cache miss)
6216 http fetch GET 200 https://registry.npmjs.org/@expo/vector-icons/-/vector-icons-15.1.1.tgz 8023ms (cache miss)
6217 http fetch GET 200 https://registry.npmjs.org/@expo/config-plugins/-/config-plugins-55.0.8.tgz 8031ms (cache miss)
6218 http fetch GET 200 https://registry.npmjs.org/yaml/-/yaml-2.8.3.tgz 8009ms (cache miss)
6219 http fetch GET 200 https://registry.npmjs.org/yaml/-/yaml-2.8.3.tgz 8020ms (cache miss)
6220 http fetch GET 200 https://registry.npmjs.org/tailwindcss/-/tailwindcss-3.3.2.tgz 8149ms (cache miss)
6221 http fetch GET 200 https://registry.npmjs.org/expo-modules-autolinking/-/expo-modules-autolinking-55.0.18.tgz 8192ms (cache miss)
6222 http fetch GET 200 https://registry.npmjs.org/typescript/-/typescript-5.9.3.tgz 8534ms (cache miss)
6223 http fetch GET 200 https://registry.npmjs.org/@expo/ngrok-bin-darwin-arm64/-/ngrok-bin-darwin-arm64-2.3.41.tgz 8568ms (cache miss)
6224 http fetch GET 200 https://registry.npmjs.org/expo/-/expo-55.0.17.tgz 8567ms (cache miss)
6225 http fetch GET 200 https://registry.npmjs.org/@react-navigation/core/-/core-7.17.2.tgz 8606ms (cache miss)
6226 http fetch GET 200 https://registry.npmjs.org/@expo/metro/-/metro-55.1.0.tgz 8630ms (cache miss)
6227 http fetch GET 200 https://registry.npmjs.org/metro/-/metro-0.83.6.tgz 8847ms (cache miss)
6228 http fetch GET 200 https://registry.npmjs.org/react-native-worklets/-/react-native-worklets-0.7.4.tgz 8908ms (cache miss)
6229 http fetch GET 200 https://registry.npmjs.org/hermes-compiler/-/hermes-compiler-0.14.1.tgz 9183ms (cache miss)
6230 http fetch GET 200 https://registry.npmjs.org/zod/-/zod-3.25.76.tgz 9282ms (cache miss)
6231 http fetch GET 200 https://registry.npmjs.org/caniuse-lite/-/caniuse-lite-1.0.30001790.tgz 9467ms (cache miss)
6232 http fetch GET 200 https://registry.npmjs.org/expo-contacts/-/expo-contacts-55.0.13.tgz 9744ms (cache miss)
6233 http fetch GET 200 https://registry.npmjs.org/react-native-web/-/react-native-web-0.21.2.tgz 10105ms (cache miss)
6234 http fetch GET 200 https://registry.npmjs.org/@expo/cli/-/cli-55.0.26.tgz 10167ms (cache miss)
6235 http fetch GET 200 https://registry.npmjs.org/@react-native/debugger-frontend/-/debugger-frontend-0.83.6.tgz 10585ms (cache miss)
6236 http fetch GET 200 https://registry.npmjs.org/expo-modules-core/-/expo-modules-core-55.0.23.tgz 10633ms (cache miss)
6237 http fetch GET 200 https://registry.npmjs.org/react-native-screens/-/react-native-screens-4.23.0.tgz 10744ms (cache miss)
6238 http fetch GET 200 https://registry.npmjs.org/react-native-svg/-/react-native-svg-15.15.3.tgz 10747ms (cache miss)
6239 http fetch GET 200 https://registry.npmjs.org/react-native-reanimated/-/react-native-reanimated-4.2.1.tgz 11214ms (cache miss)
6240 http fetch GET 200 https://registry.npmjs.org/lucide-react-native/-/lucide-react-native-0.468.0.tgz 13172ms (cache miss)
6241 http fetch GET 200 https://registry.npmjs.org/react-native/-/react-native-0.83.6.tgz 13330ms (cache miss)
6242 info run fsevents@2.3.3 install node_modules/fsevents node-gyp rebuild
6243 info run fsevents@2.3.3 install { code: 1, signal: null }
6244 verbose reify failed optional dependency /Users/muneemun/Documents/GitHub/self-compassion-app/node_modules/fsevents
6245 silly reify mark deleted [
6245 silly reify   '/Users/muneemun/Documents/GitHub/self-compassion-app/node_modules/fsevents'
6245 silly reify ]
6246 silly ADD node_modules/to-fast-properties
6247 silly ADD node_modules/define-lazy-prop
6248 silly ADD node_modules/concat-map
6249 silly ADD node_modules/path-is-absolute
6250 silly ADD node_modules/inflight
6251 silly ADD node_modules/fs.realpath
6252 silly ADD node_modules/sprintf-js
6253 silly ADD node_modules/esprima
6254 silly ADD node_modules/yargs-parser
6255 silly ADD node_modules/y18n
6256 silly ADD node_modules/require-directory
6257 silly ADD node_modules/get-caller-file
6258 silly ADD node_modules/cliui
6259 silly ADD node_modules/cliui/node_modules/strip-ansi
6260 silly ADD node_modules/sax
6261 silly ADD node_modules/plist
6262 silly ADD node_modules/simple-plist
6263 silly ADD node_modules/simple-plist/node_modules/bplist-parser
6264 silly ADD node_modules/imurmurhash
6265 silly ADD node_modules/is-fullwidth-code-point
6266 silly ADD node_modules/emoji-regex
6267 silly ADD node_modules/string-width
6268 silly ADD node_modules/string-width/node_modules/strip-ansi
6269 silly ADD node_modules/isexe
6270 silly ADD node_modules/webidl-conversions
6271 silly ADD node_modules/tr46
6272 silly ADD node_modules/clone
6273 silly ADD node_modules/defaults
6274 silly ADD node_modules/tmpl
6275 silly ADD node_modules/makeerror
6276 silly ADD node_modules/escalade
6277 silly ADD node_modules/unicode-property-aliases-ecmascript
6278 silly ADD node_modules/unicode-canonical-property-names-ecmascript
6279 silly ADD node_modules/is-number
6280 silly ADD node_modules/fdir
6281 silly ADD node_modules/thenify
6282 silly ADD node_modules/acorn
6283 silly ADD node_modules/@jridgewell/source-map
6284 silly ADD node_modules/supports-hyperlinks
6285 silly ADD node_modules/ansi-escapes
6286 silly ADD node_modules/ansi-escapes/node_modules/type-fest
6287 silly ADD node_modules/thenify-all
6288 silly ADD node_modules/any-promise
6289 silly ADD node_modules/ts-interface-checker
6290 silly ADD node_modules/tinyglobby
6291 silly ADD node_modules/mz
6292 silly ADD node_modules/lines-and-columns
6293 silly ADD node_modules/queue-microtask
6294 silly ADD node_modules/pify
6295 silly ADD node_modules/camelcase-css
6296 silly ADD node_modules/read-cache
6297 silly ADD node_modules/is-extglob
6298 silly ADD node_modules/binary-extensions
6299 silly ADD node_modules/reusify
6300 silly ADD node_modules/run-parallel
6301 silly ADD node_modules/fastq
6302 silly ADD node_modules/@nodelib/fs.scandir
6303 silly ADD node_modules/merge2
6304 silly ADD node_modules/@nodelib/fs.walk
6305 silly ADD node_modules/@nodelib/fs.stat
6306 silly ADD node_modules/readdirp
6307 silly ADD node_modules/readdirp/node_modules/picomatch
6308 silly ADD node_modules/is-binary-path
6309 silly ADD node_modules/sucrase
6310 silly ADD node_modules/sucrase/node_modules/commander
6311 silly ADD node_modules/postcss-load-config
6312 silly ADD node_modules/postcss-load-config/node_modules/yaml
6313 silly ADD node_modules/postcss-load-config/node_modules/lilconfig
6314 silly ADD node_modules/postcss-js
6315 silly ADD node_modules/postcss-import
6316 silly ADD node_modules/object-hash
6317 silly ADD node_modules/lilconfig
6318 silly ADD node_modules/jiti
6319 silly ADD node_modules/is-glob
6320 silly ADD node_modules/glob-parent
6321 silly ADD node_modules/fast-glob
6322 silly ADD node_modules/fast-glob/node_modules/glob-parent
6323 silly ADD node_modules/dlv
6324 silly ADD node_modules/didyoumean
6325 silly ADD node_modules/chokidar
6326 silly ADD node_modules/chokidar/node_modules/glob-parent
6327 silly ADD node_modules/@alloc/quick-lru
6328 silly ADD node_modules/has-flag
6329 silly ADD node_modules/type-fest
6330 silly ADD node_modules/buffer-from
6331 silly ADD node_modules/is-arrayish
6332 silly ADD node_modules/shebang-regex
6333 silly ADD node_modules/toidentifier
6334 silly ADD node_modules/setprototypeof
6335 silly ADD node_modules/range-parser
6336 silly ADD node_modules/mime
6337 silly ADD node_modules/http-errors
6338 silly ADD node_modules/http-errors/node_modules/statuses
6339 silly ADD node_modules/fresh
6340 silly ADD node_modules/etag
6341 silly ADD node_modules/destroy
6342 silly ADD node_modules/depd
6343 silly ADD node_modules/mimic-fn
6344 silly ADD node_modules/signal-exit
6345 silly ADD node_modules/onetime
6346 silly ADD node_modules/function-bind
6347 silly ADD node_modules/hasown
6348 silly ADD node_modules/supports-preserve-symlinks-flag
6349 silly ADD node_modules/path-parse
6350 silly ADD node_modules/is-core-module
6351 silly ADD node_modules/es-errors
6352 silly ADD node_modules/unicode-match-property-value-ecmascript
6353 silly ADD node_modules/unicode-match-property-ecmascript
6354 silly ADD node_modules/regjsparser
6355 silly ADD node_modules/regjsgen
6356 silly ADD node_modules/regenerate-unicode-properties
6357 silly ADD node_modules/regenerate
6358 silly ADD node_modules/@babel/plugin-transform-template-literals
6359 silly ADD node_modules/whatwg-url
6360 silly ADD node_modules/hyphenate-style-name
6361 silly ADD node_modules/css-in-js-utils
6362 silly ADD node_modules/node-fetch
6363 silly ADD node_modules/ua-parser-js
6364 silly ADD node_modules/setimmediate
6365 silly ADD node_modules/object-assign
6366 silly ADD node_modules/fbjs-css-vars
6367 silly ADD node_modules/cross-fetch
6368 silly ADD node_modules/styleq
6369 silly ADD node_modules/inline-style-prefixer
6370 silly ADD node_modules/fbjs
6371 silly ADD node_modules/fbjs/node_modules/promise
6372 silly ADD node_modules/entities
6373 silly ADD node_modules/dom-serializer
6374 silly ADD node_modules/domelementtype
6375 silly ADD node_modules/mdn-data
6376 silly ADD node_modules/nth-check
6377 silly ADD node_modules/domutils
6378 silly ADD node_modules/domhandler
6379 silly ADD node_modules/css-what
6380 silly ADD node_modules/boolbase
6381 silly ADD node_modules/css-tree
6382 silly ADD node_modules/css-tree/node_modules/source-map
6383 silly ADD node_modules/css-select
6384 silly ADD node_modules/react-freeze
6385 silly ADD node_modules/fast-base64-decode
6386 silly ADD node_modules/shell-quote
6387 silly ADD node_modules/asap
6388 silly ADD node_modules/p-try
6389 silly ADD node_modules/p-limit
6390 silly ADD node_modules/p-locate
6391 silly ADD node_modules/stack-utils
6392 silly ADD node_modules/stack-utils/node_modules/escape-string-regexp
6393 silly ADD node_modules/@types/stack-utils
6394 silly ADD node_modules/normalize-path
6395 silly ADD
6396 silly ADD node_modules/anymatch
6397 silly ADD node_modules/anymatch/node_modules/picomatch
6398 silly ADD node_modules/@types/graceful-fs
6399 silly ADD node_modules/type-detect
6400 silly ADD node_modules/@sinonjs/commons
6401 silly ADD node_modules/jest-message-util
6402 silly ADD node_modules/@sinonjs/fake-timers
6403 silly ADD node_modules/jest-mock
6404 silly ADD node_modules/@jest/fake-timers
6405 silly ADD node_modules/@jest/environment
6406 silly ADD node_modules/istanbul-lib-coverage
6407 silly ADD node_modules/path-exists
6408 silly ADD node_modules/locate-path
6409 silly ADD node_modules/@babel/plugin-syntax-top-level-await
6410 silly ADD node_modules/@babel/plugin-syntax-private-property-in-object
6411 silly ADD node_modules/@babel/plugin-syntax-optional-catch-binding
6412 silly ADD node_modules/@babel/plugin-syntax-object-rest-spread
6413 silly ADD node_modules/@babel/plugin-syntax-numeric-separator
6414 silly ADD node_modules/@babel/plugin-syntax-logical-assignment-operators
6415 silly ADD node_modules/@babel/plugin-syntax-json-strings
6416 silly ADD node_modules/@babel/plugin-syntax-import-meta
6417 silly ADD node_modules/@babel/plugin-syntax-import-attributes
6418 silly ADD node_modules/@babel/plugin-syntax-class-static-block
6419 silly ADD node_modules/@babel/plugin-syntax-class-properties
6420 silly ADD node_modules/@babel/plugin-syntax-bigint
6421 silly ADD node_modules/@babel/plugin-syntax-async-generators
6422 silly ADD node_modules/babel-preset-current-node-syntax
6423 silly ADD node_modules/babel-plugin-jest-hoist
6424 silly ADD node_modules/get-package-type
6425 silly ADD node_modules/find-up
6426 silly ADD node_modules/test-exclude
6427 silly ADD node_modules/test-exclude/node_modules/balanced-match
6428 silly ADD node_modules/test-exclude/node_modules/brace-expansion
6429 silly ADD node_modules/test-exclude/node_modules/minimatch
6430 silly ADD node_modules/test-exclude/node_modules/glob
6431 silly ADD node_modules/istanbul-lib-instrument
6432 silly ADD node_modules/@istanbuljs/schema
6433 silly ADD node_modules/@istanbuljs/load-nyc-config
6434 silly ADD node_modules/@istanbuljs/load-nyc-config/node_modules/argparse
6435 silly ADD node_modules/@istanbuljs/load-nyc-config/node_modules/js-yaml
6436 silly ADD node_modules/@istanbuljs/load-nyc-config/node_modules/camelcase
6437 silly ADD node_modules/@types/babel__traverse
6438 silly ADD node_modules/@types/babel__template
6439 silly ADD node_modules/@types/babel__generator
6440 silly ADD node_modules/write-file-atomic
6441 silly ADD node_modules/pirates
6442 silly ADD node_modules/jest-regex-util
6443 silly ADD node_modules/jest-haste-map
6444 silly ADD node_modules/fast-json-stable-stringify
6445 silly ADD node_modules/slash
6446 silly ADD node_modules/babel-preset-jest
6447 silly ADD node_modules/babel-plugin-istanbul
6448 silly ADD node_modules/@types/babel__core
6449 silly ADD node_modules/@jest/transform
6450 silly ADD node_modules/event-target-shim
6451 silly ADD node_modules/whatwg-fetch
6452 silly ADD node_modules/regenerator-runtime
6453 silly ADD node_modules/react-devtools-core
6454 silly ADD node_modules/react-devtools-core/node_modules/ws
6455 silly ADD node_modules/promise
6456 silly ADD node_modules/memoize-one
6457 silly ADD node_modules/jest-environment-node
6458 silly ADD node_modules/hermes-compiler
6459 silly ADD node_modules/babel-jest
6460 silly ADD node_modules/ansi-regex
6461 silly ADD node_modules/abort-controller
6462 silly ADD node_modules/@react-native/virtualized-lists
6463 silly ADD node_modules/@react-native/js-polyfills
6464 silly ADD node_modules/@react-native/gradle-plugin
6465 silly ADD node_modules/@react-native/community-cli-plugin
6466 silly ADD node_modules/@react-native/community-cli-plugin/node_modules/semver
6467 silly ADD node_modules/@react-native/assets-registry
6468 silly ADD node_modules/@jest/create-cache-key-function
6469 silly ADD node_modules/scheduler
6470 silly ADD node_modules/inherits
6471 silly ADD node_modules/strict-uri-encode
6472 silly ADD node_modules/split-on-first
6473 silly ADD node_modules/filter-obj
6474 silly ADD node_modules/decode-uri-component
6475 silly ADD node_modules/wrappy
6476 silly ADD node_modules/once
6477 silly ADD node_modules/end-of-stream
6478 silly ADD node_modules/sisteransi
6479 silly ADD node_modules/kleur
6480 silly ADD node_modules/util-deprecate
6481 silly ADD node_modules/cssesc
6482 silly ADD node_modules/extend
6483 silly ADD node_modules/postcss-selector-parser
6484 silly ADD node_modules/source-map-js
6485 silly ADD node_modules/pngjs
6486 silly ADD node_modules/restore-cursor
6487 silly ADD node_modules/wcwidth
6488 silly ADD node_modules/strip-ansi
6489 silly ADD node_modules/strip-ansi/node_modules/ansi-regex
6490 silly ADD node_modules/log-symbols
6491 silly ADD node_modules/log-symbols/node_modules/has-flag
6492 silly ADD node_modules/log-symbols/node_modules/color-name
6493 silly ADD node_modules/log-symbols/node_modules/color-convert
6494 silly ADD node_modules/log-symbols/node_modules/supports-color
6495 silly ADD node_modules/log-symbols/node_modules/escape-string-regexp
6496 silly ADD node_modules/log-symbols/node_modules/ansi-styles
6497 silly ADD node_modules/log-symbols/node_modules/chalk
6498 silly ADD node_modules/cli-spinners
6499 silly ADD node_modules/cli-cursor
6500 silly ADD node_modules/ee-first
6501 silly ADD node_modules/validate-npm-package-name
6502 silly ADD node_modules/proc-log
6503 silly ADD node_modules/hosted-git-info
6504 silly ADD node_modules/hosted-git-info/node_modules/lru-cache
6505 silly ADD node_modules/postcss-value-parser
6506 silly ADD node_modules/css-color-keywords
6507 silly ADD node_modules/camelize
6508 silly ADD node_modules/postcss-nested
6509 silly ADD node_modules/postcss-css-variables
6510 silly ADD node_modules/postcss-css-variables/node_modules/escape-string-regexp
6511 silly ADD node_modules/postcss-css-variables/node_modules/balanced-match
6512 silly ADD node_modules/postcss-color-functional-notation
6513 silly ADD node_modules/postcss-calc
6514 silly ADD node_modules/css-to-react-native
6515 silly ADD node_modules/css-mediaquery
6516 silly ADD node_modules/balanced-match
6517 silly ADD node_modules/brace-expansion
6518 silly ADD node_modules/to-regex-range
6519 silly ADD node_modules/fill-range
6520 silly ADD node_modules/braces
6521 silly ADD node_modules/vlq
6522 silly ADD node_modules/ob1
6523 silly ADD node_modules/terser
6524 silly ADD node_modules/terser/node_modules/commander
6525 silly ADD node_modules/node-int64
6526 silly ADD node_modules/bser
6527 silly ADD node_modules/walker
6528 silly ADD node_modules/micromatch
6529 silly ADD node_modules/micromatch/node_modules/picomatch
6530 silly ADD node_modules/fb-watchman
6531 silly ADD node_modules/leven
6532 silly ADD node_modules/jest-get-type
6533 silly ADD node_modules/camelcase
6534 silly ADD node_modules/jest-validate
6535 silly ADD node_modules/agent-base
6536 silly ADD node_modules/https-proxy-agent
6537 silly ADD node_modules/exponential-backoff
6538 silly ADD node_modules/@types/yargs-parser
6539 silly ADD node_modules/@types/istanbul-lib-report
6540 silly ADD node_modules/@sinclair/typebox
6541 silly ADD node_modules/@types/yargs
6542 silly ADD node_modules/@types/istanbul-reports
6543 silly ADD node_modules/@types/istanbul-lib-coverage
6544 silly ADD node_modules/@jest/schemas
6545 silly ADD node_modules/@jest/types
6546 silly ADD node_modules/merge-stream
6547 silly ADD node_modules/jest-util
6548 silly ADD node_modules/jest-util/node_modules/picomatch
6549 silly ADD node_modules/queue
6550 silly ADD node_modules/stackframe
6551 silly ADD node_modules/throat
6552 silly ADD node_modules/source-map
6553 silly ADD node_modules/serialize-error
6554 silly ADD node_modules/lodash.throttle
6555 silly ADD node_modules/jest-worker
6556 silly ADD node_modules/jest-worker/node_modules/supports-color
6557 silly ADD node_modules/image-size
6558 silly ADD node_modules/graceful-fs
6559 silly ADD node_modules/flow-enums-runtime
6560 silly ADD node_modules/error-stack-parser
6561 silly ADD node_modules/is-plain-obj
6562 silly ADD node_modules/yallist
6563 silly ADD node_modules/lightningcss-darwin-arm64
6564 silly ADD node_modules/detect-libc
6565 silly ADD node_modules/marky
6566 silly ADD node_modules/json-buffer
6567 silly ADD node_modules/argparse
6568 silly ADD node_modules/is-docker
6569 silly ADD node_modules/loose-envify
6570 silly ADD node_modules/resolve-alpn
6571 silly ADD node_modules/quick-lru
6572 silly ADD node_modules/hermes-estree
6573 silly ADD node_modules/pump
6574 silly ADD node_modules/mimic-response
6575 silly ADD node_modules/normalize-url
6576 silly ADD node_modules/keyv
6577 silly ADD node_modules/http-cache-semantics
6578 silly ADD node_modules/get-stream
6579 silly ADD node_modules/clone-response
6580 silly ADD node_modules/@types/keyv
6581 silly ADD node_modules/@types/http-cache-semantics
6582 silly ADD node_modules/defer-to-connect
6583 silly ADD node_modules/responselike
6584 silly ADD node_modules/p-cancelable
6585 silly ADD node_modules/lowercase-keys
6586 silly ADD node_modules/http2-wrapper
6587 silly ADD node_modules/decompress-response
6588 silly ADD node_modules/decompress-response/node_modules/mimic-response
6589 silly ADD node_modules/cacheable-request
6590 silly ADD node_modules/cacheable-lookup
6591 silly ADD node_modules/@types/responselike
6592 silly ADD node_modules/@types/cacheable-request
6593 silly ADD node_modules/@szmarczak/http-timer
6594 silly ADD node_modules/@sindresorhus/is
6595 silly ADD node_modules/path-scurry
6596 silly ADD node_modules/path-scurry/node_modules/lru-cache
6597 silly ADD node_modules/minipass
6598 silly ADD node_modules/unpipe
6599 silly ADD node_modules/statuses
6600 silly ADD node_modules/on-finished
6601 silly ADD node_modules/escape-html
6602 silly ADD node_modules/encodeurl
6603 silly ADD node_modules/react-native-is-edge-to-edge
6604 silly ADD node_modules/commander
6605 silly ADD node_modules/expo-image-loader
6606 silly ADD node_modules/fontfaceobserver
6607 silly ADD node_modules/which
6608 silly ADD node_modules/shebang-command
6609 silly ADD node_modules/path-key
6610 silly ADD node_modules/utils-merge
6611 silly ADD node_modules/parseurl
6612 silly ADD node_modules/finalhandler
6613 silly ADD node_modules/finalhandler/node_modules/ms
6614 silly ADD node_modules/finalhandler/node_modules/debug
6615 silly ADD node_modules/mime-db
6616 silly ADD node_modules/vary
6617 silly ADD node_modules/safe-buffer
6618 silly ADD node_modules/on-headers
6619 silly ADD node_modules/compressible
6620 silly ADD node_modules/bytes
6621 silly ADD node_modules/rimraf
6622 silly ADD node_modules/rimraf/node_modules/balanced-match
6623 silly ADD node_modules/rimraf/node_modules/brace-expansion
6624 silly ADD node_modules/rimraf/node_modules/minimatch
6625 silly ADD node_modules/rimraf/node_modules/glob
6626 silly ADD node_modules/mkdirp
6627 silly ADD node_modules/undici-types
6628 silly ADD node_modules/lighthouse-logger
6629 silly ADD node_modules/lighthouse-logger/node_modules/ms
6630 silly ADD node_modules/lighthouse-logger/node_modules/debug
6631 silly ADD node_modules/is-wsl
6632 silly ADD node_modules/@types/node
6633 silly ADD node_modules/supports-color
6634 silly ADD node_modules/ansi-styles
6635 silly ADD node_modules/big-integer
6636 silly ADD node_modules/stream-buffers
6637 silly ADD node_modules/core-js-compat
6638 silly ADD node_modules/resolve
6639 silly ADD node_modules/lodash.debounce
6640 silly ADD node_modules/@babel/helper-define-polyfill-provider
6641 silly ADD node_modules/yargs
6642 silly ADD node_modules/@react-native/codegen
6643 silly ADD node_modules/@react-native/codegen/node_modules/balanced-match
6644 silly ADD node_modules/@react-native/codegen/node_modules/brace-expansion
6645 silly ADD node_modules/@react-native/codegen/node_modules/hermes-estree
6646 silly ADD node_modules/@react-native/codegen/node_modules/minimatch
6647 silly ADD node_modules/@react-native/codegen/node_modules/hermes-parser
6648 silly ADD node_modules/@react-native/codegen/node_modules/glob
6649 silly ADD node_modules/regexpu-core
6650 silly ADD node_modules/@babel/helper-create-regexp-features-plugin
6651 silly ADD node_modules/@babel/helper-wrap-function
6652 silly ADD node_modules/@babel/helper-remap-async-to-generator
6653 silly ADD node_modules/@react-native/babel-plugin-codegen
6654 silly ADD node_modules/@babel/plugin-transform-unicode-regex
6655 silly ADD node_modules/@babel/plugin-transform-sticky-regex
6656 silly ADD node_modules/@babel/plugin-transform-spread
6657 silly ADD node_modules/@babel/plugin-transform-shorthand-properties
6658 silly ADD node_modules/@babel/plugin-transform-regenerator
6659 silly ADD node_modules/@babel/plugin-transform-react-jsx-source
6660 silly ADD node_modules/@babel/plugin-transform-react-jsx-self
6661 silly ADD node_modules/@babel/plugin-transform-optional-chaining
6662 silly ADD node_modules/@babel/plugin-transform-optional-catch-binding
6663 silly ADD node_modules/@babel/plugin-transform-numeric-separator
6664 silly ADD node_modules/@babel/plugin-transform-nullish-coalescing-operator
6665 silly ADD node_modules/@babel/plugin-transform-named-capturing-groups-regex
6666 silly ADD node_modules/@babel/plugin-transform-logical-assignment-operators
6667 silly ADD node_modules/@babel/plugin-transform-literals
6668 silly ADD node_modules/@babel/plugin-transform-function-name
6669 silly ADD node_modules/@babel/plugin-transform-for-of
6670 silly ADD node_modules/@babel/plugin-transform-computed-properties
6671 silly ADD node_modules/@babel/plugin-transform-classes
6672 silly ADD node_modules/@babel/plugin-transform-class-properties
6673 silly ADD node_modules/@babel/plugin-transform-block-scoping
6674 silly ADD node_modules/@babel/plugin-transform-async-to-generator
6675 silly ADD node_modules/@babel/plugin-transform-async-generator-functions
6676 silly ADD node_modules/@babel/plugin-transform-arrow-functions
6677 silly ADD node_modules/@babel/plugin-syntax-optional-chaining
6678 silly ADD node_modules/@babel/plugin-syntax-nullish-coalescing-operator
6679 silly ADD node_modules/@babel/plugin-syntax-dynamic-import
6680 silly ADD node_modules/@babel/plugin-syntax-typescript
6681 silly ADD node_modules/@babel/plugin-transform-typescript
6682 silly ADD node_modules/@babel/plugin-syntax-jsx
6683 silly ADD node_modules/@babel/plugin-transform-react-pure-annotations
6684 silly ADD node_modules/@babel/plugin-transform-react-jsx-development
6685 silly ADD node_modules/@babel/plugin-transform-react-jsx
6686 silly ADD node_modules/@babel/plugin-transform-react-display-name
6687 silly ADD node_modules/babel-plugin-polyfill-regenerator
6688 silly ADD node_modules/babel-plugin-polyfill-corejs3
6689 silly ADD node_modules/babel-plugin-polyfill-corejs2
6690 silly ADD node_modules/@babel/plugin-transform-destructuring
6691 silly ADD node_modules/@babel/plugin-syntax-flow
6692 silly ADD node_modules/@babel/helper-skip-transparent-expression-wrappers
6693 silly ADD node_modules/@babel/helper-replace-supers
6694 silly ADD node_modules/@babel/helper-optimise-call-expression
6695 silly ADD node_modules/@babel/helper-member-expression-to-functions
6696 silly ADD node_modules/@babel/helper-annotate-as-pure
6697 silly ADD node_modules/@babel/plugin-syntax-decorators
6698 silly ADD node_modules/@babel/helper-create-class-features-plugin
6699 silly ADD node_modules/babel-plugin-transform-flow-enums
6700 silly ADD node_modules/babel-plugin-syntax-hermes-parser
6701 silly ADD node_modules/babel-plugin-react-native-web
6702 silly ADD node_modules/babel-plugin-react-compiler
6703 silly ADD node_modules/@react-native/babel-preset
6704 silly ADD node_modules/@react-native/babel-preset/node_modules/hermes-estree
6705 silly ADD node_modules/@react-native/babel-preset/node_modules/hermes-parser
6706 silly ADD node_modules/@react-native/babel-preset/node_modules/babel-plugin-syntax-hermes-parser
6707 silly ADD node_modules/@babel/preset-typescript
6708 silly ADD node_modules/@babel/preset-react
6709 silly ADD node_modules/@babel/plugin-transform-runtime
6710 silly ADD node_modules/@babel/plugin-transform-private-property-in-object
6711 silly ADD node_modules/@babel/plugin-transform-private-methods
6712 silly ADD node_modules/@babel/plugin-transform-parameters
6713 silly ADD node_modules/@babel/plugin-transform-object-rest-spread
6714 silly ADD node_modules/@babel/plugin-transform-flow-strip-types
6715 silly ADD node_modules/@babel/plugin-transform-export-namespace-from
6716 silly ADD node_modules/@babel/plugin-transform-class-static-block
6717 silly ADD node_modules/@babel/plugin-syntax-export-default-from
6718 silly ADD node_modules/@babel/plugin-proposal-export-default-from
6719 silly ADD node_modules/@babel/plugin-proposal-decorators
6720 silly ADD node_modules/negotiator
6721 silly ADD node_modules/mime-types
6722 silly ADD node_modules/mime-types/node_modules/mime-db
6723 silly ADD node_modules/fb-dotslash
6724 silly ADD node_modules/serve-static
6725 silly ADD node_modules/serve-static/node_modules/encodeurl
6726 silly ADD node_modules/open
6727 silly ADD node_modules/nullthrows
6728 silly ADD node_modules/chromium-edge-launcher
6729 silly ADD node_modules/chrome-launcher
6730 silly ADD node_modules/@react-native/debugger-shell
6731 silly ADD node_modules/@react-native/debugger-frontend
6732 silly ADD node_modules/@isaacs/ttlcache
6733 silly ADD node_modules/js-yaml
6734 silly ADD node_modules/cross-spawn
6735 silly ADD node_modules/@babel/helper-plugin-utils
6736 silly ADD node_modules/@babel/plugin-transform-modules-commonjs
6737 silly ADD node_modules/@react-native/normalize-colors
6738 silly ADD node_modules/xmlbuilder
6739 silly ADD node_modules/base64-js
6740 silly ADD node_modules/@xmldom/xmldom
6741 silly ADD node_modules/postcss
6742 silly ADD node_modules/lightningcss
6743 silly ADD node_modules/jsc-safe-url
6744 silly ADD node_modules/hermes-parser
6745 silly ADD node_modules/metro-transform-worker
6746 silly ADD node_modules/metro-transform-plugins
6747 silly ADD node_modules/metro-symbolicate
6748 silly ADD node_modules/metro-source-map
6749 silly ADD node_modules/metro-runtime
6750 silly ADD node_modules/metro-resolver
6751 silly ADD node_modules/metro-minify-terser
6752 silly ADD node_modules/metro-file-map
6753 silly ADD node_modules/metro-core
6754 silly ADD node_modules/metro-config
6755 silly ADD node_modules/metro-config/node_modules/yaml
6756 silly ADD node_modules/metro-cache-key
6757 silly ADD node_modules/metro-cache
6758 silly ADD node_modules/metro-babel-transformer
6759 silly ADD node_modules/metro-babel-transformer/node_modules/hermes-estree
6760 silly ADD node_modules/metro-babel-transformer/node_modules/hermes-parser
6761 silly ADD node_modules/metro
6762 silly ADD node_modules/metro/node_modules/hermes-estree
6763 silly ADD node_modules/metro/node_modules/negotiator
6764 silly ADD node_modules/metro/node_modules/ws
6765 silly ADD node_modules/metro/node_modules/mime-types
6766 silly ADD node_modules/metro/node_modules/hermes-parser
6767 silly ADD node_modules/metro/node_modules/ci-info
6768 silly ADD node_modules/metro/node_modules/accepts
6769 silly ADD node_modules/anser
6770 silly ADD node_modules/@expo/dom-webview
6771 silly ADD node_modules/parse-png
6772 silly ADD node_modules/jimp-compact
6773 silly ADD node_modules/minimatch
6774 silly ADD node_modules/ignore
6775 silly ADD node_modules/@expo/sudo-prompt
6776 silly ADD node_modules/xml2js
6777 silly ADD node_modules/xml2js/node_modules/xmlbuilder
6778 silly ADD node_modules/xcode
6779 silly ADD node_modules/xcode/node_modules/uuid
6780 silly ADD node_modules/@expo/sdk-runtime-versions
6781 silly ADD node_modules/resolve-workspace-root
6782 silly ADD node_modules/deepmerge
6783 silly ADD node_modules/@expo/config-types
6784 silly ADD node_modules/zod
6785 silly ADD node_modules/ws
6786 silly ADD node_modules/wrap-ansi
6787 silly ADD node_modules/wrap-ansi/node_modules/strip-ansi
6788 silly ADD node_modules/toqr
6789 silly ADD node_modules/terminal-link
6790 silly ADD node_modules/structured-headers
6791 silly ADD node_modules/stacktrace-parser
6792 silly ADD node_modules/source-map-support
6793 silly ADD node_modules/source-map-support/node_modules/source-map
6794 silly ADD node_modules/slugify
6795 silly ADD node_modules/send
6796 silly ADD node_modules/send/node_modules/statuses
6797 silly ADD node_modules/send/node_modules/on-finished
6798 silly ADD node_modules/send/node_modules/encodeurl
6799 silly ADD node_modules/send/node_modules/debug
6800 silly ADD node_modules/send/node_modules/debug/node_modules/ms
6801 silly ADD node_modules/resolve-from
6802 silly ADD node_modules/prompts
6803 silly ADD node_modules/progress
6804 silly ADD node_modules/picomatch
6805 silly ADD node_modules/ora
6806 silly ADD node_modules/ora/node_modules/has-flag
6807 silly ADD node_modules/ora/node_modules/color-name
6808 silly ADD node_modules/ora/node_modules/color-convert
6809 silly ADD node_modules/ora/node_modules/supports-color
6810 silly ADD node_modules/ora/node_modules/escape-string-regexp
6811 silly ADD node_modules/ora/node_modules/ansi-styles
6812 silly ADD node_modules/ora/node_modules/chalk
6813 silly ADD node_modules/npm-package-arg
6814 silly ADD node_modules/npm-package-arg/node_modules/semver
6815 silly ADD node_modules/node-forge
6816 silly ADD node_modules/multitars
6817 silly ADD node_modules/lan-network
6818 silly ADD node_modules/glob
6819 silly ADD node_modules/getenv
6820 silly ADD node_modules/fetch-nodeshim
6821 silly ADD node_modules/expo-server
6822 silly ADD node_modules/dnssd-advertise
6823 silly ADD node_modules/connect
6824 silly ADD node_modules/connect/node_modules/ms
6825 silly ADD node_modules/connect/node_modules/debug
6826 silly ADD node_modules/compression
6827 silly ADD node_modules/compression/node_modules/ms
6828 silly ADD node_modules/compression/node_modules/negotiator
6829 silly ADD node_modules/compression/node_modules/debug
6830 silly ADD node_modules/ci-info
6831 silly ADD node_modules/chalk
6832 silly ADD node_modules/bplist-parser
6833 silly ADD node_modules/bplist-creator
6834 silly ADD node_modules/better-opn
6835 silly ADD node_modules/better-opn/node_modules/open
6836 silly ADD node_modules/arg
6837 silly ADD node_modules/accepts
6838 silly ADD node_modules/@react-native/dev-middleware
6839 silly ADD node_modules/@react-native/dev-middleware/node_modules/ws
6840 silly ADD node_modules/@expo/xcpretty
6841 silly ADD node_modules/@expo/ws-tunnel
6842 silly ADD node_modules/@expo/spawn-async
6843 silly ADD node_modules/@expo/schema-utils
6844 silly ADD node_modules/@expo/router-server
6845 silly ADD node_modules/@expo/require-utils
6846 silly ADD node_modules/@expo/prebuild-config
6847 silly ADD node_modules/@expo/prebuild-config/node_modules/semver
6848 silly ADD node_modules/@expo/plist
6849 silly ADD node_modules/@expo/package-manager
6850 silly ADD node_modules/@expo/osascript
6851 silly ADD node_modules/@expo/json-file
6852 silly ADD node_modules/@expo/image-utils
6853 silly ADD node_modules/@expo/image-utils/node_modules/semver
6854 silly ADD node_modules/@expo/env
6855 silly ADD node_modules/@expo/devcert
6856 silly ADD node_modules/@expo/devcert/node_modules/debug
6857 silly ADD node_modules/@expo/code-signing-certificates
6858 silly ADD node_modules/whatwg-url-minimum
6859 silly ADD node_modules/react-refresh
6860 silly ADD node_modules/pretty-format
6861 silly ADD node_modules/pretty-format/node_modules/react-is
6862 silly ADD node_modules/pretty-format/node_modules/ansi-styles
6863 silly ADD node_modules/expo-modules-core
6864 silly ADD node_modules/expo-modules-autolinking
6865 silly ADD node_modules/expo-keep-awake
6866 silly ADD node_modules/expo-file-system
6867 silly ADD node_modules/babel-preset-expo
6868 silly ADD node_modules/@ungap/structured-clone
6869 silly ADD node_modules/@expo/vector-icons
6870 silly ADD node_modules/@expo/metro-config
6871 silly ADD node_modules/@expo/metro
6872 silly ADD node_modules/@expo/log-box
6873 silly ADD node_modules/@expo/local-build-cache-provider
6874 silly ADD node_modules/@expo/fingerprint
6875 silly ADD node_modules/@expo/fingerprint/node_modules/semver
6876 silly ADD node_modules/@expo/devtools
6877 silly ADD node_modules/@expo/config-plugins
6878 silly ADD node_modules/@expo/config-plugins/node_modules/semver
6879 silly ADD node_modules/@expo/config
6880 silly ADD node_modules/@expo/config/node_modules/semver
6881 silly ADD node_modules/@expo/cli
6882 silly ADD node_modules/@expo/cli/node_modules/semver
6883 silly ADD node_modules/@babel/runtime
6884 silly ADD node_modules/ms
6885 silly ADD node_modules/simple-swizzle
6886 silly ADD node_modules/color-name
6887 silly ADD node_modules/color-string
6888 silly ADD node_modules/color-convert
6889 silly ADD node_modules/update-browserslist-db
6890 silly ADD node_modules/node-releases
6891 silly ADD node_modules/electron-to-chromium
6892 silly ADD node_modules/caniuse-lite
6893 silly ADD node_modules/baseline-browser-mapping
6894 silly ADD node_modules/csstype
6895 silly ADD node_modules/warn-once
6896 silly ADD node_modules/sf-symbols-typescript
6897 silly ADD node_modules/color
6898 silly ADD node_modules/@react-navigation/elements
6899 silly ADD node_modules/use-sync-external-store
6900 silly ADD node_modules/react-is
6901 silly ADD node_modules/query-string
6902 silly ADD node_modules/@react-navigation/routers
6903 silly ADD node_modules/use-latest-callback
6904 silly ADD node_modules/nanoid
6905 silly ADD node_modules/fast-deep-equal
6906 silly ADD node_modules/escape-string-regexp
6907 silly ADD node_modules/@react-navigation/core
6908 silly ADD node_modules/invariant
6909 silly ADD node_modules/merge-options
6910 silly ADD node_modules/@jridgewell/resolve-uri
6911 silly ADD node_modules/@jridgewell/sourcemap-codec
6912 silly ADD node_modules/@expo/ngrok-bin-darwin-arm64
6913 silly ADD node_modules/yaml
6914 silly ADD node_modules/got
6915 silly ADD node_modules/@expo/ngrok-bin
6916 silly ADD node_modules/@babel/helper-string-parser
6917 silly ADD node_modules/@babel/helper-globals
6918 silly ADD node_modules/@babel/helper-module-imports
6919 silly ADD node_modules/lru-cache
6920 silly ADD node_modules/browserslist
6921 silly ADD node_modules/@babel/helper-validator-option
6922 silly ADD node_modules/@babel/compat-data
6923 silly ADD node_modules/jsesc
6924 silly ADD node_modules/@jridgewell/trace-mapping
6925 silly ADD node_modules/@jridgewell/gen-mapping
6926 silly ADD node_modules/picocolors
6927 silly ADD node_modules/js-tokens
6928 silly ADD node_modules/@babel/helper-validator-identifier
6929 silly ADD node_modules/semver
6930 silly ADD node_modules/json5
6931 silly ADD node_modules/gensync
6932 silly ADD node_modules/debug
6933 silly ADD node_modules/convert-source-map
6934 silly ADD node_modules/@jridgewell/remapping
6935 silly ADD node_modules/@babel/types
6936 silly ADD node_modules/@babel/traverse
6937 silly ADD node_modules/@babel/template
6938 silly ADD node_modules/@babel/parser
6939 silly ADD node_modules/@babel/helpers
6940 silly ADD node_modules/@babel/helper-module-transforms
6941 silly ADD node_modules/@babel/helper-compilation-targets
6942 silly ADD node_modules/@babel/generator
6943 silly ADD node_modules/@babel/code-frame
6944 silly ADD node_modules/zustand
6945 silly ADD node_modules/uuid
6946 silly ADD node_modules/typescript
6947 silly ADD node_modules/tailwindcss
6948 silly ADD node_modules/tailwindcss/node_modules/postcss-nested
6949 silly ADD node_modules/react-native-worklets
6950 silly ADD node_modules/react-native-worklets/node_modules/semver
6951 silly ADD node_modules/react-native-worklets/node_modules/@babel/preset-typescript
6952 silly ADD node_modules/react-native-worklets/node_modules/@babel/plugin-transform-optional-chaining
6953 silly ADD node_modules/react-native-worklets/node_modules/@babel/plugin-transform-nullish-coalescing-operator
6954 silly ADD node_modules/react-native-worklets/node_modules/@babel/plugin-transform-classes
6955 silly ADD node_modules/react-native-worklets/node_modules/@babel/plugin-transform-class-properties
6956 silly ADD node_modules/react-native-web
6957 silly ADD node_modules/react-native-web/node_modules/memoize-one
6958 silly ADD node_modules/react-native-web/node_modules/@react-native/normalize-colors
6959 silly ADD node_modules/react-native-svg
6960 silly ADD node_modules/react-native-screens
6961 silly ADD node_modules/react-native-safe-area-context
6962 silly ADD node_modules/react-native-reanimated
6963 silly ADD node_modules/react-native-reanimated/node_modules/semver
6964 silly ADD node_modules/react-native-reanimated/node_modules/react-native-is-edge-to-edge
6965 silly ADD node_modules/react-native-get-random-values
6966 silly ADD node_modules/react-native
6967 silly ADD node_modules/react-native/node_modules/balanced-match
6968 silly ADD node_modules/react-native/node_modules/brace-expansion
6969 silly ADD node_modules/react-native/node_modules/hermes-estree
6970 silly ADD node_modules/react-native/node_modules/minimatch
6971 silly ADD node_modules/react-native/node_modules/hermes-parser
6972 silly ADD node_modules/react-native/node_modules/ws
6973 silly ADD node_modules/react-native/node_modules/semver
6974 silly ADD node_modules/react-native/node_modules/glob
6975 silly ADD node_modules/react-native/node_modules/commander
6976 silly ADD node_modules/react-native/node_modules/babel-plugin-syntax-hermes-parser
6977 silly ADD node_modules/react-dom
6978 silly ADD node_modules/react
6979 silly ADD node_modules/nativewind
6980 silly ADD node_modules/nativewind/node_modules/react-is
6981 silly ADD node_modules/nativewind/node_modules/@babel/types
6982 silly ADD node_modules/nativewind/node_modules/@babel/helper-module-imports
6983 silly ADD node_modules/lucide-react-native
6984 silly ADD node_modules/expo-status-bar
6985 silly ADD node_modules/expo-linear-gradient
6986 silly ADD node_modules/expo-image-picker
6987 silly ADD node_modules/expo-font
6988 silly ADD node_modules/expo-contacts
6989 silly ADD node_modules/expo-constants
6990 silly ADD node_modules/expo-blur
6991 silly ADD node_modules/expo-asset
6992 silly ADD node_modules/expo
6993 silly ADD node_modules/@types/uuid
6994 silly ADD node_modules/@types/react
6995 silly ADD node_modules/@react-navigation/native-stack
6996 silly ADD node_modules/@react-navigation/native
6997 silly ADD node_modules/@react-native-community/datetimepicker
6998 silly ADD node_modules/@react-native-async-storage/async-storage
6999 silly ADD node_modules/@expo/ngrok
7000 silly ADD node_modules/@expo/ngrok/node_modules/uuid
7001 silly ADD node_modules/@babel/core
7002 verbose cwd /Users/muneemun/Documents/GitHub/self-compassion-app
7003 verbose os Darwin 25.4.0
7004 verbose node v24.11.1
7005 verbose npm  v11.6.2
7006 notice
7006 notice New [33mminor[39m version of npm available! [33m11.6.2[39m -> [34m11.13.0[39m
7006 notice Changelog: [34mhttps://github.com/npm/cli/releases/tag/v11.13.0[39m
7006 notice To update run: [4mnpm install -g npm@11.13.0[24m
7006 notice  { force: true, Symbol(proc-log.meta): true }
7007 verbose exit 0
7008 info ok
